id,date,title,dossier_ref,votants,suffrages_exprimes,pour,contre,url
2017-1,2017-10-17T22:00:00+00:00,sur l'ensemble du projet de loi renforçant la sécurité intérieure et la lutte contre le terrorisme dans la rédaction du texte proposé par la commission mixte paritaire,,339,266,244,22,https://www.senat.fr/scrutin-public/2017/scr2017-1.html
2017-10,2017-11-08T23:00:00+00:00,"sur l'ensemble du projet de loi de finances rectificative, adopté par l'Assemblée nationale, pour 2017",,338,241,135,106,https://www.senat.fr/scrutin-public/2017/scr2017-10.html
2017-100,2018-05-15T22:00:00+00:00,"sur l'article 1er de la proposition de loi renforçant l'efficacité des poursuites contre les auteurs d'infractions financières et supprimant le "" verrou de Bercy """,,344,343,116,227,https://www.senat.fr/scrutin-public/2017/scr2017-100.html
2017-101,2018-05-15T22:00:00+00:00,"sur l'amendement n° 1 rectifié, présenté par Mme Nathalie Goulet et les membres du groupe Union centriste, tendant à insérer un article additionnel après l'article 1er de la proposition de loi renforçant l'efficacité des poursuites contre les auteurs d'infractions financières et supprimant le ""verrou de Bercy""",,344,344,164,180,https://www.senat.fr/scrutin-public/2017/scr2017-101.html
2017-102,2018-05-15T22:00:00+00:00,"sur l'ensemble de la proposition de loi renforçant l'efficacité des poursuites contre les auteurs d'infractions financières et supprimant le "" verrou de Bercy """,,344,343,116,227,https://www.senat.fr/scrutin-public/2017/scr2017-102.html
2017-103,2018-05-15T22:00:00+00:00,"sur l'ensemble de la proposition de loi, adoptée par l'Assemblée nationale, visant à assurer la revalorisation des pensions de retraite agricoles en France continentale et dans les outre-mer, modifiée par l'amendement n° 3 proposé par le Gouvernement",,342,274,22,252,https://www.senat.fr/scrutin-public/2017/scr2017-103.html
2017-104,2018-05-22T22:00:00+00:00,sur les conclusions de la commission mixte paritaire sur le projet de loi relatif à l'élection des représentants au Parlement européen,58663,338,328,181,147,https://www.senat.fr/scrutin-public/2017/scr2017-104.html
2017-105,2018-05-28T22:00:00+00:00,"sur l'ensemble du projet de loi, adopté par l'Assemblée nationale après engagement de la procédure accélérée, relatif à la programmation militaire pour les années 2019 à 2025 et portant diverses dispositions intéressant la défense",82341,345,341,326,15,https://www.senat.fr/scrutin-public/2017/scr2017-105.html
2017-106,2018-05-28T22:00:00+00:00,"sur la motion n° 1, présentée par Mme Éliane Assassi et plusieurs de ses collègues, tendant à opposer la question préalable au projet de loi, adopté par l'Assemblée nationale après engagement de la procédure accélérée, pour un nouveau pacte ferroviaire",,344,344,15,329,https://www.senat.fr/scrutin-public/2017/scr2017-106.html
2017-107,2018-05-28T22:00:00+00:00,"sur l'amendement n° 48, présenté par Mme Éliane Assassi et les membres du groupe communiste républicain citoyen et écologiste, tendant à supprimer l'article 1er A du projet de loi, adopté par l'Assemblée nationale après engagement de la procédure accélérée, pour un nouveau pacte ferroviaire",,344,264,15,249,https://www.senat.fr/scrutin-public/2017/scr2017-107.html
2017-108,2018-05-29T22:00:00+00:00,"sur l'amendement n° 232, présenté par M. Olivier Jacquin et les membres du groupe socialiste et républicain, à l'article 1er A du projet de loi, adopté par l'Assemblée nationale après engagement de la procédure accélérée, pour un nouveau pacte ferroviaire",,345,342,92,250,https://www.senat.fr/scrutin-public/2017/scr2017-108.html
2017-109,2018-05-29T22:00:00+00:00,"sur l'amendement n° 23, présenté par Mme Éliane Assassi et les membres du groupe communiste républicain citoyen et écologiste, à l'article 1er A du projet de loi, adopté par l'Assemblée nationale après engagement de la procédure accélérée, pour un nouveau pacte ferroviaire",,344,265,15,250,https://www.senat.fr/scrutin-public/2017/scr2017-109.html
2017-11,2017-11-12T23:00:00+00:00,"sur la motion n° 442, présentée par Mme Laurence Cohen et les membres du groupe communiste, républicain, citoyen et écologiste, tendant à opposer la question préalable au projet de loi de financement de la sécurité sociale, adopté par l'Assemblée nationale, pour 2018",,342,264,15,249,https://www.senat.fr/scrutin-public/2017/scr2017-11.html
2017-110,2018-05-29T22:00:00+00:00,"sur l'amendement n° 35, présenté par Mme Éliane Assassi et les membres du groupe communiste républicain citoyen et écologiste, à l'article 1er A du projet de loi, adopté par l'Assemblée nationale après engagement de la procédure accélérée, pour un nouveau pacte ferroviaire",,344,265,15,250,https://www.senat.fr/scrutin-public/2017/scr2017-110.html
2017-111,2018-05-29T22:00:00+00:00,"sur l'amendement n° 77, présenté par Mme Éliane Assassi et les membres du groupe communiste républicain citoyen et écologiste, à l'article 1er A du projet de loi, adopté par l'Assemblée nationale après engagement de la procédure accélérée, pour un nouveau pacte ferroviaire",,342,264,15,249,https://www.senat.fr/scrutin-public/2017/scr2017-111.html
2017-112,2018-05-29T22:00:00+00:00,"sur l'amendement n° 78, présenté par Mme Éliane Assassi et les membres du groupe communiste républicain citoyen et écologiste, à l'article 1er A du projet de loi, adopté par l'Assemblée nationale après engagement de la procédure accélérée, pour un nouveau pacte ferroviaire",,344,265,15,250,https://www.senat.fr/scrutin-public/2017/scr2017-112.html
2017-113,2018-05-29T22:00:00+00:00,"sur l'article 1er A du projet de loi, adopté par l'Assemblée nationale après engagement de la procédure accélérée, pour un nouveau pacte ferroviaire",,340,336,246,90,https://www.senat.fr/scrutin-public/2017/scr2017-113.html
2017-114,2018-05-29T22:00:00+00:00,"sur l'article 1er B du projet de loi, adopté par l'Assemblée nationale après engagement de la procédure accélérée, pour un nouveau pacte ferroviaire",,344,340,248,92,https://www.senat.fr/scrutin-public/2017/scr2017-114.html
2017-115,2018-05-29T22:00:00+00:00,"sur l'amendement n° 49, présenté par Mme Éliane Assassi et les membres du groupe communiste républicain citoyen et écologiste, et sur l'amendement n° 243, présenté par M. Olivier Jacquin et les membres du groupe socialiste et républicain, tendant à supprimer l'article 1er du projet de loi, adopté par l'Assemblée nationale après engagement de la procédure accélérée, pour un nouveau pacte ferroviaire",,344,341,92,249,https://www.senat.fr/scrutin-public/2017/scr2017-115.html
2017-116,2018-05-29T22:00:00+00:00,"sur l'article 1er du projet de loi, adopté par l'Assemblée nationale après engagement de la procédure accélérée, pour un nouveau pacte ferroviaire",,344,341,249,92,https://www.senat.fr/scrutin-public/2017/scr2017-116.html
2017-117,2018-05-29T22:00:00+00:00,"sur l'amendement n° 87, présenté par Mme Éliane Assassi et les membres du groupe communiste républicain citoyen et écologiste, tendant à insérer un article additionnel après l'article 1er du projet de loi, adopté par l'Assemblée nationale après engagement de la procédure accélérée, pour un nouveau pacte ferroviaire",,343,263,15,248,https://www.senat.fr/scrutin-public/2017/scr2017-117.html
2017-118,2018-05-30T22:00:00+00:00,"sur l'amendement n° 53, présenté par Mme Éliane Assassi et les membres du groupe communiste républicain citoyen et écologiste, tendant à supprimer l'article 2 bis du projet de loi, adopté par l'Assemblée nationale après engagement de la procédure accélérée, pour un nouveau pacte ferroviaire",,344,267,15,252,https://www.senat.fr/scrutin-public/2017/scr2017-118.html
2017-119,2018-05-30T22:00:00+00:00,"sur l'amendement n° 57, présenté par Mme Éliane Assassi et les membres du groupe communiste républicain citoyen et écologiste, tendant à supprimer l'article 2 quinquies du projet de loi, adopté par l'Assemblée nationale après engagement de la procédure accélérée, pour un nouveau pacte ferroviaire",,343,340,15,325,https://www.senat.fr/scrutin-public/2017/scr2017-119.html
2017-12,2017-11-13T23:00:00+00:00,"sur la motion n° 1, présentée par M. Albéric de Montgolfier, au nom de la commission des finances, tendant à opposer la question préalable au projet de loi, adopté par l'Assemblée nationale en nouvelle lecture, de finances rectificative pour 2017",,342,341,146,195,https://www.senat.fr/scrutin-public/2017/scr2017-12.html
2017-120,2018-05-30T22:00:00+00:00,"sur l'amendement n° 100, présenté par Mme Éliane Assassi et les membres du groupe communiste républicain citoyen et écologiste, à l'article 2 quinquies du projet de loi, adopté par l'Assemblée nationale après engagement de la procédure accélérée, pour un nouveau pacte ferroviaire",,343,264,15,249,https://www.senat.fr/scrutin-public/2017/scr2017-120.html
2017-121,2018-06-04T22:00:00+00:00,"sur l'ensemble du projet de loi, adopté par l'Assemblée nationale après engagement de la procédure accélérée, pour un nouveau pacte ferroviaire",,343,325,240,85,https://www.senat.fr/scrutin-public/2017/scr2017-121.html
2017-122,2018-06-11T22:00:00+00:00,"sur la motion n° 59 rectifiée bis, présentée par M. Arnaud de Belenet et les membres du groupe La République En Marche, tendant à opposer la question préalable à la proposition de loi relative à l'équilibre territorial et à la vitalité de la démocratie locale",59302,343,288,24,264,https://www.senat.fr/scrutin-public/2017/scr2017-122.html
2017-123,2018-06-12T22:00:00+00:00,sur l'ensemble de la proposition de loi relative à l'équilibre territorial et à la vitalité de la démocratie locale,59302,342,302,178,124,https://www.senat.fr/scrutin-public/2017/scr2017-123.html
2017-124,2018-06-13T22:00:00+00:00,"sur l'ensemble du projet de loi pour un nouveau pacte ferroviaire, dans la rédaction du texte proposé par la commission mixte paritaire",,344,328,245,83,https://www.senat.fr/scrutin-public/2017/scr2017-124.html
2017-125,2018-06-13T22:00:00+00:00,"sur l'amendement n° 1, présenté par Mme Nathalie Goulet, tendant à insérer un article additionnel après l'article 1er de la proposition de loi tendant à imposer aux ministres des cultes de justifier d'une formation les qualifiant à l'exercice de ce culte",,299,288,4,284,https://www.senat.fr/scrutin-public/2017/scr2017-125.html
2017-126,2018-06-13T22:00:00+00:00,"sur l'amendement n° 9 rectifié, présenté par M. André Reichardt et plusieurs de ses collègues, tendant à rétablir l'article 4 de la proposition de loi tendant à imposer aux ministres des cultes de justifier d'une formation les qualifiant à l'exercice de ce culte",,296,296,1,295,https://www.senat.fr/scrutin-public/2017/scr2017-126.html
2017-127,2018-06-13T22:00:00+00:00,sur l'ensemble de la proposition de loi tendant à imposer aux ministres des cultes de justifier d'une formation les qualifiant à l'exercice de ce culte,,344,344,196,148,https://www.senat.fr/scrutin-public/2017/scr2017-127.html
2017-128,2018-06-13T22:00:00+00:00,sur l'ensemble de la proposition de loi portant Pacte national de revitalisation des centres-villes et centres-bourgs,59257,343,288,288,0,https://www.senat.fr/scrutin-public/2017/scr2017-128.html
2017-129,2018-06-18T22:00:00+00:00,"sur la motion n° 2, présentée par Mme Éliane Assassi et plusieurs de ses collègues, tendant à opposer l'exception d'irrecevabilité au projet de loi, adopté par l'Assemblée nationale après engagement de la procédure accélérée, pour une immigration maîtrisée, un droit d'asile effectif et une intégration réussie",,345,345,92,253,https://www.senat.fr/scrutin-public/2017/scr2017-129.html
2017-13,2017-11-13T23:00:00+00:00,"sur l'article 1er du projet de loi, adopté par l'Assemblée nationale en nouvelle lecture, de finances rectificative pour 2017",,325,315,171,144,https://www.senat.fr/scrutin-public/2017/scr2017-13.html
2017-130,2018-06-18T22:00:00+00:00,"sur la motion n° 1 rectifiée bis, présentée par M. Jean-Pierre Sueur et les membres du groupe socialiste et républicain, tendant à opposer la question préalable au projet de loi, adopté par l'Assemblée nationale après engagement de la procédure accélérée, pour une immigration maîtrisée, un droit d'asile effectif et une intégration réussie",,344,329,77,252,https://www.senat.fr/scrutin-public/2017/scr2017-130.html
2017-131,2018-06-18T22:00:00+00:00,"sur l'amendement n° 23 rectifié, présenté par Mme Éliane Assassi et plusieurs de ses collègues, et sur l'amendement n° 502 présenté par le Gouvernement, tendant à supprimer l'article 1er A du projet de loi, adopté par l'Assemblée nationale après engagement de la procédure accélérée, pour une immigration maîtrisée, un droit d'asile effectif et une intégration réussie",,344,344,135,209,https://www.senat.fr/scrutin-public/2017/scr2017-131.html
2017-132,2018-06-18T22:00:00+00:00,"sur l'article 1er A du projet de loi, adopté par l'Assemblée nationale après engagement de la procédure accélérée, pour une immigration maîtrisée, un droit d'asile effectif et une intégration réussie",,343,343,209,134,https://www.senat.fr/scrutin-public/2017/scr2017-132.html
2017-133,2018-06-18T22:00:00+00:00,"sur l'amendement n° 34, présenté par Mme Éliane Assassi et les membres du groupe communiste républicain citoyen et écologiste, sur l'amendement n° 189 rectifié bis, présenté par M. Jean-Yves Leconte et les membres du groupe socialiste et républicain, et sur l'amendement n° 512 rectifié de M. Alain Richard et les membres du groupe La République En Marche, à l'article 3 du projet de loi, adopté par l'Assemblée nationale après engagement de la procédure accélérée, pour une immigration maîtrisée, un droit d'asile effectif et une intégration réussie",,344,343,135,208,https://www.senat.fr/scrutin-public/2017/scr2017-133.html
2017-134,2018-06-18T22:00:00+00:00,"sur l'amendement n° 191 rectifié bis, présenté par M. Didier Marie et les membres du groupe socialiste et républicain, à l'article 3 du projet de loi, adopté par l'Assemblée nationale après engagement de la procédure accélérée, pour une immigration maîtrisée, un droit d'asile effectif et une intégration réussie",,343,342,114,228,https://www.senat.fr/scrutin-public/2017/scr2017-134.html
2017-135,2018-06-18T22:00:00+00:00,"sur l'article 3 du projet de loi, adopté par l'Assemblée nationale après engagement de la procédure accélérée, pour une immigration maîtrisée, un droit d'asile effectif et une intégration réussie",,343,342,208,134,https://www.senat.fr/scrutin-public/2017/scr2017-135.html
2017-136,2018-06-18T22:00:00+00:00,"sur l'amendement n° 517 rectifié, présenté par M. Guillaume Arnell et plusieurs de ses collègues, à l'article 4 du projet de loi, adopté par l'Assemblée nationale après engagement de la procédure accélérée, pour une immigration maîtrisée, un droit d'asile effectif et une intégration réussie",,342,341,99,242,https://www.senat.fr/scrutin-public/2017/scr2017-136.html
2017-137,2018-06-18T22:00:00+00:00,"sur l'amendement n° 194 rectifié bis, présenté par M. Jean-Yves Leconte et les membres du groupe socialiste et républicain, à l'article 4 du projet de loi, adopté par l'Assemblée nationale après engagement de la procédure accélérée, pour une immigration maîtrisée, un droit d'asile effectif et une intégration réussie",,342,341,114,227,https://www.senat.fr/scrutin-public/2017/scr2017-137.html
2017-138,2018-06-18T22:00:00+00:00,"sur l'amendement n° 195 rectifié bis, présenté par M. Jean-Yves Leconte et les membres du groupe socialiste et républicain, à l'article 4 du projet de loi, adopté par l'Assemblée nationale après engagement de la procédure accélérée, pour une immigration maîtrisée, un droit d'asile effectif et une intégration réussie",,342,341,135,206,https://www.senat.fr/scrutin-public/2017/scr2017-138.html
2017-139,2018-06-18T22:00:00+00:00,"sur l'amendement n° 411 rectifié ter, présenté par Mme Laurence Rossignol et plusieurs de ses collègues, à l'article 5 du projet de loi, adopté par l'Assemblée nationale après engagement de la procédure accélérée, pour une immigration maîtrisée, un droit d'asile effectif et une intégration réussie",,331,330,114,216,https://www.senat.fr/scrutin-public/2017/scr2017-139.html
2017-14,2017-11-13T23:00:00+00:00,"sur l'ensemble du projet de loi , adopté par l'Assemblée nationale en nouvelle lecture, de finances rectificative pour 2017",,342,263,102,161,https://www.senat.fr/scrutin-public/2017/scr2017-14.html
2017-140,2018-06-19T22:00:00+00:00,"sur l'amendement n° 207 rectifié bis, présenté par M. Jean-Yves Leconte et les membres du groupe socialiste et républicain, à l'article 5 du projet de loi, adopté par l'Assemblée nationale après engagement de la procédure accélérée, pour une immigration maîtrisée, un droit d'asile effectif et une intégration réussie",,345,322,92,230,https://www.senat.fr/scrutin-public/2017/scr2017-140.html
2017-141,2018-06-19T22:00:00+00:00,"sur l'article 5 du projet de loi, adopté par l'Assemblée nationale après engagement de la procédure accélérée, pour une immigration maîtrisée, un droit d'asile effectif et une intégration réussie",,345,328,228,100,https://www.senat.fr/scrutin-public/2017/scr2017-141.html
2017-142,2018-06-19T22:00:00+00:00,"sur l'amendement n° 62 rectifié, présenté par Mme Éliane Assassi et les membres du groupe communiste républicain citoyen et écologiste tendant à insérer un article additionnel après l'article 5 du projet de loi, adopté par l'Assemblée nationale après engagement de la procédure accélérée, pour une immigration maîtrisée, un droit d'asile effectif et une intégration réussie",,345,332,166,166,https://www.senat.fr/scrutin-public/2017/scr2017-142.html
2017-143,2018-06-19T22:00:00+00:00,"sur l'amendement n° 418, présenté par le Gouvernement, à l'article 6 du projet de loi, adopté par l'Assemblée nationale après engagement de la procédure accélérée, pour une immigration maîtrisée, un droit d'asile effectif et une intégration réussie",,343,333,35,298,https://www.senat.fr/scrutin-public/2017/scr2017-143.html
2017-144,2018-06-19T22:00:00+00:00,"sur l'article 6 du projet de loi, adopté par l'Assemblée nationale après engagement de la procédure accélérée, pour une immigration maîtrisée, un droit d'asile effectif et une intégration réussie",,343,341,238,103,https://www.senat.fr/scrutin-public/2017/scr2017-144.html
2017-145,2018-06-19T22:00:00+00:00,"sur l'amendement n° 8, présenté par Mme Esther Benbassa et les membres du groupe communiste républicain citoyen et écologiste, l'amendement n° 219 rectifié bis, présenté par M. Jean-Yves Leconte et les membres du groupe socialiste et républicain, l'amendement n° 419, présenté par le Gouvernement, l'amendement n° 443 rectifié, présenté par M. Alain Richard et les membres du groupe La République En Marche et l'amendement n° 522 rectifié, présenté par M. Guillaume Arnell et plusieurs de ses collègues, tendant à supprimer l'article 6 bis A du projet de loi, adopté par l'Assemblée nationale après engagement de la procédure accélérée, pour une immigration maîtrisée, un droit d'asile effectif et une intégration réussie",,342,341,183,158,https://www.senat.fr/scrutin-public/2017/scr2017-145.html
2017-146,2018-06-19T22:00:00+00:00,"sur l'amendement n° 351 rectifié, présenté par M. Jean-Yves Leconte et les membres du groupe socialiste et républicain, tendant à insérer un article additionnel avant l'article 7 du projet de loi, adopté par l'Assemblée nationale après engagement de la procédure accélérée, pour une immigration maîtrisée, un droit d'asile effectif et une intégration réussie",,343,305,77,228,https://www.senat.fr/scrutin-public/2017/scr2017-146.html
2017-147,2018-06-20T22:00:00+00:00,"sur l'ensemble de la proposition de loi relative à la protection du secret des affaires, dans la rédaction du texte proposé par la commission mixte paritaire, modifié par les amendements acceptés par le Gouvernement",58943,345,343,248,95,https://www.senat.fr/scrutin-public/2017/scr2017-147.html
2017-148,2018-06-20T22:00:00+00:00,"sur l'amendement n° 93, présenté par M. Maurice Antiste, à l'article 8 du projet de loi, adopté par l'Assemblée nationale après engagement de la procédure accélérée, pour une immigration maîtrisée, un droit d'asile effectif et une intégration réussie",,343,342,94,248,https://www.senat.fr/scrutin-public/2017/scr2017-148.html
2017-149,2018-06-20T22:00:00+00:00,"sur l'amendement n° 10, présenté par Mme Esther Benbassa et plusieurs de ses collègues, à l'article 9 du projet de loi, adopté par l'Assemblée nationale après engagement de la procédure accélérée, pour une immigration maîtrisée, un droit d'asile effectif et une intégration réussie",,344,343,92,251,https://www.senat.fr/scrutin-public/2017/scr2017-149.html
2017-15,2017-11-13T23:00:00+00:00,"sur l'amendement n° 444, présenté Mme Laurence Cohen, M. Dominique Watrin et les membres du groupe communiste républicain citoyen et écologiste et l'amendement n° 522, présenté par M. Stéphane Ravier, tendant à la suppression de l'article 7 du projet de loi de financement de la sécurité sociale, adopté par l'Assemblée nationale, pour 2018",,342,264,16,248,https://www.senat.fr/scrutin-public/2017/scr2017-15.html
2017-150,2018-06-20T22:00:00+00:00,"sur l'amendement n° 234 rectifié bis, présenté par M. Jean-Yves Leconte et les membres du groupe socialiste et républicain, à l'article 9 du projet de loi, adopté par l'Assemblée nationale après engagement de la procédure accélérée, pour une immigration maîtrisée, un droit d'asile effectif et une intégration réussie",,323,318,92,226,https://www.senat.fr/scrutin-public/2017/scr2017-150.html
2017-151,2018-06-20T22:00:00+00:00,"sur l'amendement n° 387 rectifié, présenté par M. Bruno Retailleau et plusieurs de ses collègues, à l'article 9 du projet de loi, adopté par l'Assemblée nationale après engagement de la procédure accélérée, pour une immigration maîtrisée, un droit d'asile effectif et une intégration réussie",,343,331,196,135,https://www.senat.fr/scrutin-public/2017/scr2017-151.html
2017-152,2018-06-20T22:00:00+00:00,"sur l' amendement n° 237 rectifié bis, présenté par M. Jean-Yves Leconte et les membres du groupe socialiste et républicain, et sur l'amendement n° 439, présenté par M. Alain Richard et les membres du groupe La République En Marche, à l'article 9 du projet de loi, adopté par l'Assemblée nationale après engagement de la procédure accélérée, pour une immigration maîtrisée, un droit d'asile effectif et une intégration réussie",,332,331,136,195,https://www.senat.fr/scrutin-public/2017/scr2017-152.html
2017-153,2018-06-20T22:00:00+00:00,"sur l'article 9 du projet de loi, adopté par l'Assemblée nationale après engagement de la procédure accélérée, pour une immigration maîtrisée, un droit d'asile effectif et une intégration réussie",,332,330,216,114,https://www.senat.fr/scrutin-public/2017/scr2017-153.html
2017-154,2018-06-20T22:00:00+00:00,"sur l'amendement n° 582, présenté par M. François-Noël Buffet au nom de la commission des lois, tendant à insérer un article additionnel après l'article 9 bis du projet de loi, adopté par l'Assemblée nationale après engagement de la procédure accélérée, pour une immigration maîtrisée, un droit d'asile effectif et une intégration réussie",,343,341,247,94,https://www.senat.fr/scrutin-public/2017/scr2017-154.html
2017-155,2018-06-20T22:00:00+00:00,"sur l'amendement n° 118, présenté par Mme Éliane Assassi et les membres du groupe communiste républicain citoyen et écologiste, l'amendement n° 249 rectifié bis, présenté par M. Jean-Yves Leconte et les membres du groupe socialiste et républicain, l'amendement n° 421, présenté par le Gouvernement, l'amendement n° 448 rectifié, présenté par M. Arnaud de Belenet et les membres du groupe La République En Marche et l'amendement n° 527 rectifié, présenté par M. Guillaume Arnell et plusieurs de ses collègues, à l'article 10 AA du projet de loi, adopté par l'Assemblée nationale après engagement de la procédure accélérée, pour une immigration maîtrisée, un droit d'asile effectif et une intégration réussie",,341,280,137,143,https://www.senat.fr/scrutin-public/2017/scr2017-155.html
2017-156,2018-06-20T22:00:00+00:00,"sur l'article 10 AA du projet de loi, adopté par l'Assemblée nationale après engagement de la procédure accélérée, pour une immigration maîtrisée, un droit d'asile effectif et une intégration réussie",,343,281,144,137,https://www.senat.fr/scrutin-public/2017/scr2017-156.html
2017-157,2018-06-20T22:00:00+00:00,"sur l'amendement n° 78 rectifié, présenté par M. Roger Karoutchi et plusieurs de ses collègues, tendant à insérer un article additionnel après l'article 10 AA du projet de loi, adopté par l'Assemblée nationale après engagement de la procédure accélérée, pour une immigration maîtrisée, un droit d'asile effectif et une intégration réussie",,342,328,194,134,https://www.senat.fr/scrutin-public/2017/scr2017-157.html
2017-158,2018-06-20T22:00:00+00:00,"sur l'amendement n° 15 rectifié, présenté par Mme Éliane Assassi et plusieurs de ses collègues, à l'article 10 du projet de loi, adopté par l'Assemblée nationale après engagement de la procédure accélérée, pour une immigration maîtrisée, un droit d'asile effectif et une intégration réussie",,343,342,113,229,https://www.senat.fr/scrutin-public/2017/scr2017-158.html
2017-159,2018-06-20T22:00:00+00:00,"sur l'amendement n° 68 rectifié bis, présenté par Mme Esther Benbassa et plusieurs de ses collègues, à l'article 10 du projet de loi, adopté par l'Assemblée nationale après engagement de la procédure accélérée, pour une immigration maîtrisée, un droit d'asile effectif et une intégration réussie",,342,341,113,228,https://www.senat.fr/scrutin-public/2017/scr2017-159.html
2017-16,2017-11-13T23:00:00+00:00,"sur l'amendement n° 168 rectifié bis, présenté par M. Philippe Mouiller et plusieurs de ses collègues, l'amendement n° 412 rectifié, présenté par M. Maurice Antiste et plusieurs de ses collègues et l'amendement n° 447 rectifié bis, présenté par Mme Laurence Cohen, M. Dominique Watrin et les membres du groupe communiste républicain citoyen et écologiste, à l'article 7 du projet de loi de financement de la sécurité sociale, adopté par l'Assemblée nationale, pour 2018",,342,342,342,0,https://www.senat.fr/scrutin-public/2017/scr2017-16.html
2017-160,2018-06-20T22:00:00+00:00,"sur l'amendement n° 528 rectifié, présenté par M. Guillaume Arnell et plusieurs de ses collègues, à l'article 10 bis du projet de loi, adopté par l'Assemblée nationale après engagement de la procédure accélérée, pour une immigration maîtrisée, un droit d'asile effectif et une intégration réussie",,343,342,114,228,https://www.senat.fr/scrutin-public/2017/scr2017-160.html
2017-161,2018-06-20T22:00:00+00:00,"sur l'amendement n° 256 rectifié bis, présenté par M. Jean-Yves Leconte et les membres du groupe socialiste et républicain, à l'article 10 bis du projet de loi, adopté par l'Assemblée nationale après engagement de la procédure accélérée, pour une immigration maîtrisée, un droit d'asile effectif et une intégration réussie",,344,343,114,229,https://www.senat.fr/scrutin-public/2017/scr2017-161.html
2017-162,2018-06-20T22:00:00+00:00,"sur l'article 10 bis du projet de loi, adopté par l'Assemblée nationale après engagement de la procédure accélérée, pour une immigration maîtrisée, un droit d'asile effectif et une intégration réussie",,343,341,216,125,https://www.senat.fr/scrutin-public/2017/scr2017-162.html
2017-163,2018-06-20T22:00:00+00:00,"sur l'amendement n° 445 rectifié bis, présenté par M. Jean-Pierre Sueur et plusieurs de ses collègues, sur l'amendement n° 94 rectifié, présenté par M. Maurice Antiste, sur l'amendement n° 24 rectifié bis, présenté par Mme Éliane Assassi et les membres du groupe communiste républicain citoyen et écologiste, et sur l'amendement n° 254 rectifié ter, présenté par M. Jean-Yves Leconte et les membres du groupe socialiste et républicain, tendant à insérer un article additionnel après l'article 10 bis du projet de loi, adopté par l'Assemblée nationale après engagement de la procédure accélérée, pour une immigration maîtrisée, un droit d'asile effectif et une intégration réussie",,343,342,101,241,https://www.senat.fr/scrutin-public/2017/scr2017-163.html
2017-164,2018-06-21T22:00:00+00:00,"sur l'amendement n° 257 rectifié bis, présenté par M. Jean-Yves Leconte et les membres du groupe socialiste et républicain, sur l'amendement n° 422, présenté par le Gouvernement, et sur l'amendement n° 450 rectifié, présenté par M. Alain Richard et les membres du groupe La République En Marche, tendant à supprimer l'article 10 quater du projet de loi, adopté par l'Assemblée nationale après engagement de la procédure accélérée, pour une immigration maîtrisée, un droit d'asile effectif et une intégration réussie",,332,330,134,196,https://www.senat.fr/scrutin-public/2017/scr2017-164.html
2017-165,2018-06-21T22:00:00+00:00,"sur l'article 10 quater du projet de loi, adopté par l'Assemblée nationale après engagement de la procédure accélérée, pour une immigration maîtrisée, un droit d'asile effectif et une intégration réussie",,331,330,195,135,https://www.senat.fr/scrutin-public/2017/scr2017-165.html
2017-166,2018-06-21T22:00:00+00:00,"sur l'amendement n° 258 rectifié bis, présenté par M. Jean-Yves Leconte et les membres du groupe socialiste et républicain, sur l'amendement n° 453, présenté par M. Arnaud de Belenet et les membres du groupe La République En Marche, et sur l'amendement n° 529 rectifié, présenté par M. Guillaume Arnell et plusieurs de ses collègues, tendant à supprimer l'article 11 A du projet de loi, adopté par l'Assemblée nationale après engagement de la procédure accélérée, pour une immigration maîtrisée, un droit d'asile effectif et une intégration réussie",,332,330,134,196,https://www.senat.fr/scrutin-public/2017/scr2017-166.html
2017-167,2018-06-21T22:00:00+00:00,"sur l'article 11 A du projet de loi, adopté par l'Assemblée nationale après engagement de la procédure accélérée, pour une immigration maîtrisée, un droit d'asile effectif et une intégration réussie",,332,331,196,135,https://www.senat.fr/scrutin-public/2017/scr2017-167.html
2017-168,2018-06-21T22:00:00+00:00,"sur l'article 15 quater du projet de loi, adopté par l'Assemblée nationale après engagement de la procédure accélérée, pour une immigration maîtrisée, un droit d'asile effectif et une intégration réussie",,332,307,272,35,https://www.senat.fr/scrutin-public/2017/scr2017-168.html
2017-169,2018-06-21T22:00:00+00:00,"sur l'amendement n° 22, présenté par Mme Esther Benbassa et les membres du groupe communiste républicain citoyen et écologiste, tendant à rétablir l'article 19 ter du projet de loi, adopté par l'Assemblée nationale après engagement de la procédure accélérée, pour une immigration maîtrisée, un droit d'asile effectif et une intégration réussie",,331,329,92,237,https://www.senat.fr/scrutin-public/2017/scr2017-169.html
2017-17,2017-11-14T23:00:00+00:00,"sur l'amendement n° 452, présenté par Mme Laurence Cohen et les membres du groupe communiste, républicain, citoyen et écologiste, tendant à supprimer l'article 8 du projet de loi de financement de la sécurité sociale, adopté par l'Assemblée nationale, pour 2018",,344,342,40,302,https://www.senat.fr/scrutin-public/2017/scr2017-17.html
2017-170,2018-06-24T22:00:00+00:00,"sur l'amendement n° 28, présenté par Mme Éliane Assassi et les membres du groupe communiste républicain citoyen et écologiste, l'amendement n° 321 rectifié bis, présenté par M. Jean-Yves Leconte et les membres du groupe socialiste et républicain, et l'amendement n° 426, présenté par le Gouvernement, tendant à supprimer l'article 33 ter A du projet de loi, adopté par l'Assemblée nationale après engagement de la procédure accélérée, pour une immigration maîtrisée, un droit d'asile effectif et une intégration réussie",,342,330,181,149,https://www.senat.fr/scrutin-public/2017/scr2017-170.html
2017-171,2018-06-25T22:00:00+00:00,"sur l'ensemble du projet de loi, adopté par l'Assemblée nationale après engagement de la procédure accélérée, pour une immigration maîtrisée, un droit d'asile effectif et une intégration réussie",,345,336,197,139,https://www.senat.fr/scrutin-public/2017/scr2017-171.html
2017-172,2018-06-26T22:00:00+00:00,"sur la motion n° 786 rectifiée, présentée par M. Michel Raison, au nom de la commission des affaires économiques, tendant à opposer l'exception d'irrecevabilité aux amendements n° 70, 71, 72, 98 rectifié sexies, 261 rectifié ter, 264, 349, 510 rectifié, 511 rectifié, 643 rectifié ter et 694 rectifié bis, au projet de loi, adopté par l'Assemblée nationale après engagement de la procédure accélérée, pour l'équilibre des relations commerciales dans le secteur agricole et alimentaire et une alimentation saine, durable et accessible à tous",,332,332,317,15,https://www.senat.fr/scrutin-public/2017/scr2017-172.html
2017-173,2018-06-26T22:00:00+00:00,"sur l'amendement n° 68, présenté par Mme Cécile Cukierman et les membres du groupe communiste républicain citoyen et écologiste, et l'amendement n° 384 rectifié, présenté par M. Stéphane Piednoir et plusieurs de ses collègues, à l'article 5 quinquies du projet de loi, adopté par l'Assemblée nationale après engagement de la procédure accélérée, pour l'équilibre des relations commerciales dans le secteur agricole et alimentaire et une alimentation saine, durable et accessible à tous",,343,343,98,245,https://www.senat.fr/scrutin-public/2017/scr2017-173.html
2017-174,2018-06-27T22:00:00+00:00,"sur l'ensemble du projet de loi relatif à la programmation militaire pour les années 2019 à 2025 et portant diverses dispositions intéressant la défense, dans la rédaction du texte proposé par la commission mixte paritaire",82341,343,340,326,14,https://www.senat.fr/scrutin-public/2017/scr2017-174.html
2017-175,2018-06-27T22:00:00+00:00,"sur l'amendement n° 771 rectifié, présenté par Mme Anne-Catherine Loisier et M. Michel Raison, au nom de la commission des affaires économiques, à l'article 11 du projet de loi, adopté par l'Assemblée nationale après engagement de la procédure accélérée, pour l'équilibre des relations commerciales dans le secteur agricole et alimentaire et une alimentation saine, durable et accessible à tous",,344,336,334,2,https://www.senat.fr/scrutin-public/2017/scr2017-175.html
2017-176,2018-06-28T22:00:00+00:00,"sur l'amendement n° 449 rectifié, présenté par M. Joël Labbé et plusieurs de ses collègues, tendant à insérer un article additionnel après l'article 11 septies A du projet de loi, adopté par l'Assemblée nationale après engagement de la procédure accélérée, pour l'équilibre des relations commerciales dans le secteur agricole et alimentaire et une alimentation saine, durable et accessible à tous",,344,344,125,219,https://www.senat.fr/scrutin-public/2017/scr2017-176.html
2017-177,2018-06-28T22:00:00+00:00,"sur l'amendement n° 469 rectifié, présenté par M. Joël Labbé et plusieurs de ses collègues, et l'amendement n° 539 rectifié, présenté par M. Henri Cabanel et les membres du groupe socialiste et républicain, à l'article 11 octies du projet de loi, adopté par l'Assemblée nationale après engagement de la procédure accélérée, pour l'équilibre des relations commerciales dans le secteur agricole et alimentaire et une alimentation saine, durable et accessible à tous",,344,344,125,219,https://www.senat.fr/scrutin-public/2017/scr2017-177.html
2017-178,2018-06-28T22:00:00+00:00,"sur l'amendement n° 540 rectifié bis, présenté par M. Roland Courteau et les membres du groupe socialiste et républicain, tendant à rétablir l'article 11 nonies A du projet de loi, adopté par l'Assemblée nationale après engagement de la procédure accélérée, pour l'équilibre des relations commerciales dans le secteur agricole et alimentaire et une alimentation saine, durable et accessible à tous",,344,327,130,197,https://www.senat.fr/scrutin-public/2017/scr2017-178.html
2017-179,2018-06-28T22:00:00+00:00,"sur l'amendement n° 776, présenté par Mme Anne-Catherine Loisier, au nom de la commission des affaires économiques, tendant à insérer un article additionnel après l'article 11 decies du projet de loi, adopté par l'Assemblée nationale après engagement de la procédure accélérée, pour l'équilibre des relations commerciales dans le secteur agricole et alimentaire et une alimentation saine, durable et accessible à tous",,344,344,324,20,https://www.senat.fr/scrutin-public/2017/scr2017-179.html
2017-18,2017-11-14T23:00:00+00:00,"sur l'amendement n° 453, présenté par Mme Laurence Cohen et les membres du groupe communiste, républicain, citoyen et écologiste, à l'article 8 du projet de loi de financement de la sécurité sociale, adopté par l'Assemblée nationale, pour 2018",,344,264,15,249,https://www.senat.fr/scrutin-public/2017/scr2017-18.html
2017-180,2018-07-01T22:00:00+00:00,"sur l'amendement n°  89, présenté par M. Pierre Médevielle, au nom de la commission de l'aménagement du territoire et du développement durable, l'amendement n°  463 rectifié, présenté par M. Joël Labbé et plusieurs de ses collègues, l'amendement n° 558 rectifié, présenté par Mme Nicole Bonnefoy et les membres du groupe socialiste et républicain, et l'amendement n° 748, présenté par le Gouvernement, tendant à supprimer l'article 14 quater AA du projet de loi, adopté par l'Assemblée nationale après engagement de la procédure accélérée, pour l'équilibre des relations commerciales dans le secteur agricole et alimentaire et une alimentation saine, durable et accessible à tous",,344,344,196,148,https://www.senat.fr/scrutin-public/2017/scr2017-180.html
2017-181,2018-07-01T22:00:00+00:00,"sur l'amendement n° 560 rectifié bis, présenté par Mme Nicole Bonnefoy et les membres du groupe socialiste et républicain, tendant à insérer un article additionnel après l'article 14 quinquies du projet de loi, adopté par l'Assemblée nationale après engagement de la procédure accélérée, pour l'équilibre des relations commerciales dans le secteur agricole et alimentaire et une alimentation saine, durable et accessible à tous",,344,323,323,0,https://www.senat.fr/scrutin-public/2017/scr2017-181.html
2017-182,2018-07-01T22:00:00+00:00,"sur l'amendement n° 476 rectifié, présenté par M. Joël Labbé et plusieurs de ses collègues, tendant à insérer un article additionnel après l'article 14 sexies du projet de loi, adopté par l'Assemblée nationale après engagement de la procédure accélérée, pour l'équilibre des relations commerciales dans le secteur agricole et alimentaire et une alimentation saine, durable et accessible à tous",,344,338,30,308,https://www.senat.fr/scrutin-public/2017/scr2017-182.html
2017-183,2018-07-01T22:00:00+00:00,"sur l'amendement n° 91 rectifié, présenté par M. Pierre Médevielle, au nom de la commission de l'aménagement du territoire et du développement durable, tendant à rétablir l'article 14 septies du projet de loi, adopté par l'Assemblée nationale après engagement de la procédure accélérée, pour l'équilibre des relations commerciales dans le secteur agricole et alimentaire et une alimentation saine, durable et accessible à tous",,334,315,186,129,https://www.senat.fr/scrutin-public/2017/scr2017-183.html
2017-184,2018-07-01T22:00:00+00:00,"sur l'amendement n° 194 rectifié, présenté par Mme Cécile Cukierman et les membres du groupe communiste républicain citoyen et écologiste, et l'amendement n° 373 rectifié bis, présenté par M. Bernard Delcros et plusieurs de ses collègues, tendant à insérer un article additionnel après l'article 14 septies du projet de loi, adopté par l'Assemblée nationale après engagement de la procédure accélérée, pour l'équilibre des relations commerciales dans le secteur agricole et alimentaire et une alimentation saine, durable et accessible à tous",,336,301,115,186,https://www.senat.fr/scrutin-public/2017/scr2017-184.html
2017-185,2018-07-01T22:00:00+00:00,"sur l'amendement n° 710 rectifié, présenté par MM. Joël Labbé et Ronan Dantec, et l'amendement n° 754, présenté par le Gouvernement, à l'article 15 du projet de loi, adopté par l'Assemblée nationale après engagement de la procédure accélérée, pour l'équilibre des relations commerciales dans le secteur agricole et alimentaire et une alimentation saine, durable et accessible à tous",,343,339,130,209,https://www.senat.fr/scrutin-public/2017/scr2017-185.html
2017-186,2018-07-01T22:00:00+00:00,"sur l'ensemble du projet de loi, adopté par l'Assemblée nationale après engagement de la procédure accélérée, pour l'équilibre des relations commerciales dans le secteur agricole et alimentaire et une alimentation saine, durable et accessible à tous",,343,309,215,94,https://www.senat.fr/scrutin-public/2017/scr2017-186.html
2017-187,2018-07-02T22:00:00+00:00,"sur l'amendement n° 9 rectifié, présenté par M. Éric Bocquet et les membres du groupe communiste républicain citoyen et écologiste, l'amendement n° 46, présenté par Mme Nathalie Goulet, et l'amendement n° 68 rectifié, présenté par Mme Sophie Taillé-Polian et les membres du groupe socialiste et républicain, à l'article 13 du projet de loi relatif à la lutte contre la fraude (procédure accélérée)",59145,318,312,105,207,https://www.senat.fr/scrutin-public/2017/scr2017-187.html
2017-188,2018-07-03T22:00:00+00:00,"sur l'amendement n° 55 rectifié bis, présenté par Mme Hélène Conway-Mouret et les membres du groupe socialiste et républicain, tendant à insérer un article additionnel après l'article 1er A du projet de loi, adopté par l'Assemblée nationale après engagement de la procédure accélérée, renforçant la lutte contre les violences sexuelles et sexistes",,345,323,101,222,https://www.senat.fr/scrutin-public/2017/scr2017-188.html
2017-189,2018-07-03T22:00:00+00:00,"sur l'amendement n° 127, présenté par le Gouvernement, à l'article 1er du projet de loi, adopté par l'Assemblée nationale après engagement de la procédure accélérée, renforçant la lutte contre les violences sexuelles et sexistes",,345,342,326,16,https://www.senat.fr/scrutin-public/2017/scr2017-189.html
2017-19,2017-11-14T23:00:00+00:00,"sur l'article 8 du projet de loi de financement de la sécurité sociale, adopté par l'Assemblée nationale, pour 2018",,343,264,249,15,https://www.senat.fr/scrutin-public/2017/scr2017-19.html
2017-190,2018-07-03T22:00:00+00:00,"sur l'amendement n° 128, présenté par le Gouvernement, tendant à supprimer l'article 1er bis du projet de loi, adopté par l'Assemblée nationale après engagement de la procédure accélérée, renforçant la lutte contre les violences sexuelles et sexistes",,345,345,21,324,https://www.senat.fr/scrutin-public/2017/scr2017-190.html
2017-191,2018-07-03T22:00:00+00:00,"sur l'article 1er bis du projet de loi, adopté par l'Assemblée nationale après engagement de la procédure accélérée, renforçant la lutte contre les violences sexuelles et sexistes",,344,344,308,36,https://www.senat.fr/scrutin-public/2017/scr2017-191.html
2017-192,2018-07-03T22:00:00+00:00,"sur l'amendement n° 23 rectifié, présenté par Mme Marie-Pierre de la Gontrie et les membres du groupe socialiste et républicain, à l'article 2 du projet de loi, adopté par l'Assemblée nationale après engagement de la procédure accélérée, renforçant la lutte contre les violences sexuelles et sexistes",,345,344,117,227,https://www.senat.fr/scrutin-public/2017/scr2017-192.html
2017-193,2018-07-03T22:00:00+00:00,"sur l'amendement n° 75 rectifié bis, présenté par Mme Annick Billon et plusieurs de ses collègues, l'amendement n° 86 rectifié, présenté par Mme Françoise Laborde et plusieurs de ses collègues, et l'amendement n° 105, présenté par Mme Esther Benbassa et plusieurs de ses collègues, à l'article 2 du projet de loi, adopté par l'Assemblée nationale après engagement de la procédure accélérée, renforçant la lutte contre les violences sexuelles et sexistes",,341,333,147,186,https://www.senat.fr/scrutin-public/2017/scr2017-193.html
2017-194,2018-07-03T22:00:00+00:00,"sur l'amendement n° 74 rectifié bis, présenté par Mme Annick Billon et plusieurs de ses collègues, et l'amendement n° 95 rectifié bis, présenté par Mme Françoise Laborde et plusieurs de ses collègues, à l'article 2 du projet de loi, adopté par l'Assemblée nationale après engagement de la procédure accélérée, renforçant la lutte contre les violences sexuelles et sexistes",,341,333,137,196,https://www.senat.fr/scrutin-public/2017/scr2017-194.html
2017-195,2018-07-03T22:00:00+00:00,"sur l'amendement n° 24 rectifié bis, présenté par Mme Marie-Pierre de la Gontrie et les membres du groupe socialiste et républicain, à l'article 2 du projet de loi, adopté par l'Assemblée nationale après engagement de la procédure accélérée, renforçant la lutte contre les violences sexuelles et sexistes",,341,333,138,195,https://www.senat.fr/scrutin-public/2017/scr2017-195.html
2017-196,2018-07-03T22:00:00+00:00,"sur l'article 2 du projet de loi, adopté par l'Assemblée nationale après engagement de la procédure accélérée, renforçant la lutte contre les violences sexuelles et sexistes",,338,332,195,137,https://www.senat.fr/scrutin-public/2017/scr2017-196.html
2017-197,2018-07-04T22:00:00+00:00,"sur l'amendement n° 106 rectifié, présenté par Mme Laurence Cohen et plusieurs de ses collègues, tendant à insérer un article additionnel après l'article 2 du projet de loi, adopté par l'Assemblée nationale après engagement de la procédure accélérée, renforçant la lutte contre les violences sexuelles et sexistes",,332,312,101,211,https://www.senat.fr/scrutin-public/2017/scr2017-197.html
2017-198,2018-07-04T22:00:00+00:00,"sur l'amendement n° 40 rectifié, présenté par Mme Laurence Rossignol et les membres du groupe socialiste et républicain, tendant à insérer un article additionnel après l'article 2 bis du projet de loi, adopté par l'Assemblée nationale après engagement de la procédure accélérée, renforçant la lutte contre les violences sexuelles et sexistes",,334,312,110,202,https://www.senat.fr/scrutin-public/2017/scr2017-198.html
2017-199,2018-07-04T22:00:00+00:00,"sur l'amendement n° 41 rectifié, présenté par Mme Marie-Pierre de la Gontrie et les membres du groupe socialiste et républicain, l'amendement n° 114 rectifié, présenté par Mme Esther Benbassa et plusieurs de ses collègues, et l'amendement n° 132, présenté par le Gouvernement, à l'article 3 du projet de loi, adopté par l'Assemblée nationale après engagement de la procédure accélérée, renforçant la lutte contre les violences sexuelles et sexistes",,344,344,147,197,https://www.senat.fr/scrutin-public/2017/scr2017-199.html
2017-2,2017-10-23T22:00:00+00:00,"sur l'amendement n° 11, présenté par Mme Sophie Joissains, à l'article 10 de la proposition de loi d'orientation et de programmation pour le redressement de la justice",,307,292,68,224,https://www.senat.fr/scrutin-public/2017/scr2017-2.html
2017-20,2017-11-14T23:00:00+00:00,"sur l'article 8 ter du projet de loi de financement de la sécurité sociale, adopté par l'Assemblée nationale, pour 2018",,343,342,249,93,https://www.senat.fr/scrutin-public/2017/scr2017-20.html
2017-200,2018-07-04T22:00:00+00:00,"sur l'amendement n° 79 rectifié bis, présenté par Mme Annick Billon et plusieurs de ses collègues, et l'amendement n° 92 rectifié, présenté par Mme Françoise Laborde et plusieurs de ses collègues, à l'article 4 du projet de loi, adopté par l'Assemblée nationale après engagement de la procédure accélérée, renforçant la lutte contre les violences sexuelles et sexistes",,331,310,114,196,https://www.senat.fr/scrutin-public/2017/scr2017-200.html
2017-201,2018-07-04T22:00:00+00:00,"sur l'amendement n° 62 rectifié, présenté par Mme Marie-Pierre de la Gontrie et les membres du groupe socialiste et républicain, tendant à insérer un article additionnel après l'article 4 du projet de loi, adopté par l'Assemblée nationale après engagement de la procédure accélérée, renforçant la lutte contre les violences sexuelles et sexistes",,329,329,164,165,https://www.senat.fr/scrutin-public/2017/scr2017-201.html
2017-202,2018-07-04T22:00:00+00:00,"sur l'ensemble du projet de loi, adopté par l'Assemblée nationale après engagement de la procédure accélérée, renforçant la lutte contre les violences sexuelles et sexistes",,340,246,224,22,https://www.senat.fr/scrutin-public/2017/scr2017-202.html
2017-203,2018-07-09T22:00:00+00:00,"sur la motion n° 202, présentée par Mme Laurence Cohen et les membres du groupe communiste républicain citoyen et écologiste, tendant à opposer la question préalable au projet de loi, adopté par l'Assemblée nationale après engagement de la procédure accélérée, pour la liberté de choisir son avenir professionnel",,345,269,15,254,https://www.senat.fr/scrutin-public/2017/scr2017-203.html
2017-204,2018-07-09T22:00:00+00:00,"sur l'amendement n° 203, présenté par Mme Laurence Cohen et les membres du groupe communiste républicain citoyen et écologiste, à l'article 1er du projet de loi, adopté par l'Assemblée nationale après engagement de la procédure accélérée, pour la liberté de choisir son avenir professionnel",,343,268,16,252,https://www.senat.fr/scrutin-public/2017/scr2017-204.html
2017-205,2018-07-09T22:00:00+00:00,"sur l'amendement n° 206, présenté par Mme Laurence Cohen et les membres du groupe communiste républicain citoyen et écologiste, à l'article 4 du projet de loi, adopté par l'Assemblée nationale après engagement de la procédure accélérée, pour la liberté de choisir son avenir professionnel",,344,268,15,253,https://www.senat.fr/scrutin-public/2017/scr2017-205.html
2017-206,2018-07-10T22:00:00+00:00,"sur l'amendement n° 208, présenté par Mme Laurence Cohen et les membres du groupe communiste républicain citoyen et écologiste, tendant à supprimer l'article 7 du projet de loi, adopté par l'Assemblée nationale après engagement de la procédure accélérée, pour la liberté de choisir son avenir professionnel",,345,269,15,254,https://www.senat.fr/scrutin-public/2017/scr2017-206.html
2017-207,2018-07-10T22:00:00+00:00,"sur l'article 8 du projet de loi, adopté par l'Assemblée nationale après engagement de la procédure accélérée, pour la liberté de choisir son avenir professionnel",,342,323,232,91,https://www.senat.fr/scrutin-public/2017/scr2017-207.html
2017-208,2018-07-10T22:00:00+00:00,"sur l'article 10 du projet de loi, adopté par l'Assemblée nationale après engagement de la procédure accélérée, pour la liberté de choisir son avenir professionnel",,344,323,233,90,https://www.senat.fr/scrutin-public/2017/scr2017-208.html
2017-209,2018-07-10T22:00:00+00:00,"sur l'article 11 du projet de loi, adopté par l'Assemblée nationale après engagement de la procédure accélérée, pour la liberté de choisir son avenir professionnel",,344,225,210,15,https://www.senat.fr/scrutin-public/2017/scr2017-209.html
2017-21,2017-11-14T23:00:00+00:00,"sur l'article 11 du projet de loi de financement de la sécurité sociale, adopté par l'Assemblée nationale, pour 2018",,343,176,174,2,https://www.senat.fr/scrutin-public/2017/scr2017-21.html
2017-210,2018-07-11T22:00:00+00:00,"sur l'article 15 du projet de loi, adopté par l'Assemblée nationale après engagement de la procédure accélérée, pour la liberté de choisir son avenir professionnel",,343,300,209,91,https://www.senat.fr/scrutin-public/2017/scr2017-210.html
2017-211,2018-07-11T22:00:00+00:00,"sur l'ensemble du projet de loi, adopté par l'Assemblée nationale après engagement de la procédure accélérée, de règlement du budget et d'approbation des comptes de l'année 2017",,341,69,54,15,https://www.senat.fr/scrutin-public/2017/scr2017-211.html
2017-212,2018-07-11T22:00:00+00:00,"sur l'amendement n° 750, présenté par le Gouvernement, à l'article 33 du projet de loi, adopté par l'Assemblée nationale après engagement de la procédure accélérée, pour la liberté de choisir son avenir professionnel",,344,324,21,303,https://www.senat.fr/scrutin-public/2017/scr2017-212.html
2017-213,2018-07-12T22:00:00+00:00,"sur l'amendement n° 487, présenté par Mme Laurence Cohen et les membres du groupe communiste républicain citoyen et écologiste, à l'article 35 du projet de loi, adopté par l'Assemblée nationale après engagement de la procédure accélérée, pour la liberté de choisir son avenir professionnel",,344,268,15,253,https://www.senat.fr/scrutin-public/2017/scr2017-213.html
2017-214,2018-07-12T22:00:00+00:00,"sur l'amendement n° 367, présenté par M. Jean-Louis Tourenne et les membres du groupe socialiste et républicain, à l'article 35 du projet de loi, adopté par l'Assemblée nationale après engagement de la procédure accélérée, pour la liberté de choisir son avenir professionnel",,344,344,146,198,https://www.senat.fr/scrutin-public/2017/scr2017-214.html
2017-215,2018-07-12T22:00:00+00:00,"sur l'amendement n° 368, présenté par M. Jean-Louis Tourenne et les membres du groupe socialiste et républicain, à l'article 35 du projet de loi, adopté par l'Assemblée nationale après engagement de la procédure accélérée, pour la liberté de choisir son avenir professionnel",,344,344,135,209,https://www.senat.fr/scrutin-public/2017/scr2017-215.html
2017-216,2018-07-12T22:00:00+00:00,"sur l'article 35 du projet de loi, adopté par l'Assemblée nationale après engagement de la procédure accélérée, pour la liberté de choisir son avenir professionnel",,344,224,209,15,https://www.senat.fr/scrutin-public/2017/scr2017-216.html
2017-217,2018-07-12T22:00:00+00:00,"sur l'amendement n° 488 rectifié, présenté par Mme Laurence Cohen et les membres du groupe communiste républicain citoyen et écologiste, à l'article 36 du projet de loi, adopté par l'Assemblée nationale après engagement de la procédure accélérée, pour la liberté de choisir son avenir professionnel",,344,268,15,253,https://www.senat.fr/scrutin-public/2017/scr2017-217.html
2017-218,2018-07-12T22:00:00+00:00,"sur l'amendement n° 633, présenté par Mme Patricia Schillinger et les membres du groupe La République En Marche, à l'article 40 du projet de loi, adopté par l'Assemblée nationale après engagement de la procédure accélérée, pour la liberté de choisir son avenir professionnel",,344,253,20,233,https://www.senat.fr/scrutin-public/2017/scr2017-218.html
2017-219,2018-07-15T22:00:00+00:00,"sur l'ensemble du projet de loi, adopté par l'Assemblée nationale après engagement de la procédure accélérée, pour la liberté de choisir son avenir professionnel",,342,318,205,113,https://www.senat.fr/scrutin-public/2017/scr2017-219.html
2017-22,2017-11-15T23:00:00+00:00,"sur la troisième partie du projet de loi de financement de la sécurité sociale, adopté par l'Assemblée nationale, pour 2018",,343,253,216,37,https://www.senat.fr/scrutin-public/2017/scr2017-22.html
2017-220,2018-07-16T22:00:00+00:00,"sur l'amendement n° 139, présenté par Mme Cécile Cukierman et les membres du groupe communiste républicain citoyen et écologiste, et l'amendement n° 613, présenté par M. Bernard Jomier et les membres du groupe socialiste et républicain, tendant à insérer un article additionnel après l'article 9 bis du projet de loi, adopté par l'Assemblée nationale après engagement de la procédure accélérée, portant évolution du logement, de l'aménagement et du numérique",,342,342,114,228,https://www.senat.fr/scrutin-public/2017/scr2017-220.html
2017-221,2018-07-17T22:00:00+00:00,"sur l'amendement n° 916 rectifié, présenté par M. Joël Labbé et plusieurs de ses collègues, à l'article 12 ter du projet de loi, adopté par l'Assemblée nationale après engagement de la procédure accélérée, portant évolution du logement, de l'aménagement et du numérique",,336,336,138,198,https://www.senat.fr/scrutin-public/2017/scr2017-221.html
2017-222,2018-07-17T22:00:00+00:00,"sur l'amendement n° 392, présenté par M. Jean-Pierre Leleux, au nom de la commission de la culture, de l'éducation et de la communication, l'amendement n° 472 rectifié bis, présenté par Mme Françoise Férat et les membres du groupe Union Centriste, et l'amendement n° 530 rectifié ter, présenté par M. Alain Houpert et plusieurs de ses collègues, à l'article 15 du projet de loi, adopté par l'Assemblée nationale après engagement de la procédure accélérée, portant évolution du logement, de l'aménagement et du numérique",,343,342,168,174,https://www.senat.fr/scrutin-public/2017/scr2017-222.html
2017-223,2018-07-19T22:00:00+00:00,"sur l'amendement n° 176, présenté par Mme Cécile Cukierman et les membres du groupe communiste républicain citoyen et écologiste, l'amendement n° 564 rectifié, présenté par Mme Sylvie Robert et les membres du groupe socialiste et républicain, l'amendement n° 688 rectifié, présenté par Mme Nathalie Delattre et plusieurs de ses collègues, et l'amendement n° 711 rectifié ter, présenté par Mme Marta de Cidrac et plusieurs de ses collègues, à l'article 28 du projet de loi, adopté par l'Assemblée nationale après engagement de la procédure accélérée, portant évolution du logement, de l'aménagement et du numérique",,344,341,142,199,https://www.senat.fr/scrutin-public/2017/scr2017-223.html
2017-224,2018-07-19T22:00:00+00:00,"sur l'amendement n° 1125 rectifié, présenté par Mme Dominique Estrosi Sassone, au nom de la commission des affaires économiques, à l'article 29 du projet de loi, adopté par l'Assemblée nationale après engagement de la procédure accélérée, portant évolution du logement, de l'aménagement et du numérique",,344,343,200,143,https://www.senat.fr/scrutin-public/2017/scr2017-224.html
2017-225,2018-07-24T22:00:00+00:00,"sur l'amendement n° 1 rectifié, présenté par Mme Nathalie Delattre et plusieurs de ses collègues, l'amendement n° 11, présenté par Mme Angèle Préville et les membres du groupe socialiste et républicain, et l'amendement n° 29, présenté par M. Éric Bocquet et les membres du groupe communiste républicain citoyen et écologiste, à l'article 38 du projet de loi, adopté en nouvelle lecture, pour un État au service d'une société de confiance",,324,295,127,168,https://www.senat.fr/scrutin-public/2017/scr2017-225.html
2017-226,2018-07-25T22:00:00+00:00,"sur la motion n° 2, présentée par M. Patrick Kanner et les membres du groupe socialiste et républicain, tendant à opposer l'exception d'irrecevabilité à la proposition de loi organique, adoptée par l'Assemblée nationale après engagement de la procédure accélérée, relative à la lutte contre la manipulation de l'information",,343,328,75,253,https://www.senat.fr/scrutin-public/2017/scr2017-226.html
2017-227,2018-07-25T22:00:00+00:00,"sur la motion n° 1, présentée par Mme Catherine Morin-Desailly au nom de la commission de la culture, tendant à opposer la question préalable à la proposition de loi, adoptée par l'Assemblée nationale après engagement de la procédure accélérée, relative à la lutte contre la manipulation de l'information",,344,319,288,31,https://www.senat.fr/scrutin-public/2017/scr2017-227.html
2017-228,2018-07-25T22:00:00+00:00,"sur la motion n° 1, présentée par M. Christophe-André Frassa au nom de la commission des lois, tendant à opposer la question préalable à la proposition de loi organique, adoptée par l'Assemblée nationale après engagement de la procédure accélérée, relative à la lutte contre la manipulation de l'information",,343,318,287,31,https://www.senat.fr/scrutin-public/2017/scr2017-228.html
2017-229,2018-07-29T22:00:00+00:00,"sur la motion n° 1, présentée par M. Michel Forissier et plusieurs de ses collègues au nom de la commission des affaires sociales, tendant à opposer la question préalable au projet de loi, adopté par l'Assemblée nationale en nouvelle lecture, pour la liberté de choisir son avenir professionnel",,342,218,195,23,https://www.senat.fr/scrutin-public/2017/scr2017-229.html
2017-23,2017-11-15T23:00:00+00:00,"sur l'amendement n° 219 rectifié bis, présenté par M. Franck Montaugé et les membres du groupe socialiste et républicain, tendant à insérer un article additionnel après l'article 28 du projet de loi de financement de la sécurité sociale, adopté par l'Assemblée nationale, pour 2018",,341,341,93,248,https://www.senat.fr/scrutin-public/2017/scr2017-23.html
2017-230,2018-07-30T22:00:00+00:00,"sur l'ensemble du projet de loi d'orientation et de programmation renforçant la lutte contre les violences sexuelles et sexistes, dans la rédaction du texte proposé par la commission mixte paritaire, modifié par l'amendement du Gouvernement",,342,252,252,0,https://www.senat.fr/scrutin-public/2017/scr2017-230.html
2017-231,2018-07-30T22:00:00+00:00,"sur la motion n° 1, présentée par M. François-Noël Buffet au nom de la commission des lois, tendant à opposer la question préalable au projet de loi, adopté par l'Assemblée nationale en nouvelle lecture, pour une immigration maîtrisée, un droit d'asile effectif et une intégration réussie",,306,265,165,100,https://www.senat.fr/scrutin-public/2017/scr2017-231.html
2017-232,2018-09-24T22:00:00+00:00,"sur la motion n° 1, présentée par Mme Anne-Catherine Loisier et M. Michel Raison, au nom de la commission des affaires économiques, tendant à opposer la question préalable au projet de loi, adopté par l'Assemblée nationale en nouvelle lecture, pour l'équilibre des relations commerciales dans le secteur agricole et alimentaire et une alimentation saine, durable et accessible à tous",,345,325,276,49,https://www.senat.fr/scrutin-public/2017/scr2017-232.html
2017-24,2017-11-15T23:00:00+00:00,"sur l'article 34 du projet de loi de financement de la sécurité sociale, adopté par l'Assemblée nationale, pour 2018",,341,340,321,19,https://www.senat.fr/scrutin-public/2017/scr2017-24.html
2017-25,2017-11-16T23:00:00+00:00,"sur l'article 44 bis du projet de loi de financement de la sécurité sociale, adopté par l'Assemblée nationale, pour 2018",,341,340,232,108,https://www.senat.fr/scrutin-public/2017/scr2017-25.html
2017-26,2017-11-16T23:00:00+00:00,"sur l'article 54 du projet de loi de financement de la sécurité sociale, adopté par l'Assemblée nationale, pour 2018",,341,264,248,16,https://www.senat.fr/scrutin-public/2017/scr2017-26.html
2017-27,2017-11-16T23:00:00+00:00,"sur la quatrième partie du projet de loi de financement de la sécurité sociale, adopté par l'Assemblée nationale, pour 2018",,341,264,227,37,https://www.senat.fr/scrutin-public/2017/scr2017-27.html
2017-28,2017-11-20T23:00:00+00:00,"sur l'ensemble du projet de loi de financement de la sécurité sociale, adopté par l'Assemblée nationale, pour 2018",,340,239,204,35,https://www.senat.fr/scrutin-public/2017/scr2017-28.html
2017-29,2017-11-22T23:00:00+00:00,"sur la motion n° I-358 présentée par M. Éric Bocquet et plusieurs de ses collègues, tendant à opposer la question préalable au projet de loi de finances pour 2018, adopté par l'Assemblée nationale",,342,342,14,328,https://www.senat.fr/scrutin-public/2017/scr2017-29.html
2017-3,2017-10-23T22:00:00+00:00,sur l'ensemble de la proposition de loi organique pour le redressement de la justice,,307,286,271,15,https://www.senat.fr/scrutin-public/2017/scr2017-3.html
2017-30,2017-11-23T23:00:00+00:00,"sur l'amendement n° I-97, présenté par M. Albéric de Montgolfier au nom de la commission des finances, tendant à supprimer l'article 3 du projet de loi de finances pour 2018, adopté par l'Assemblée nationale",,341,338,214,124,https://www.senat.fr/scrutin-public/2017/scr2017-30.html
2017-31,2017-11-24T23:00:00+00:00,"sur l'article 11 du projet de loi de finances pour 2018, adopté par l'Assemblée nationale",,340,338,245,93,https://www.senat.fr/scrutin-public/2017/scr2017-31.html
2017-32,2017-11-26T23:00:00+00:00,"sur l'amendement n° I-198, présenté par M. Arnaud Bazin et plusieurs de ses collègues, l'amendement n° I-262, présenté par M. Pascal Savoldelli et les membres du groupe communiste républicain citoyen et écologiste et l'amendement n° I-533, présenté par M. Jean-Claude Requier et plusieurs de ses collègues, à l'article 16 du projet de loi de finances pour 2018, adopté par l'Assemblée nationale",,339,329,308,21,https://www.senat.fr/scrutin-public/2017/scr2017-32.html
2017-33,2017-11-27T23:00:00+00:00,"sur l'ensemble de la première partie du projet de loi de finances pour 2018, adopté par l'Assemblée nationale",,343,287,195,92,https://www.senat.fr/scrutin-public/2017/scr2017-33.html
2017-34,2017-11-29T23:00:00+00:00,"sur l'amendement n° II-171, présenté par M. Alain Joyandet au nom de la commission des finances, et l'amendement n° II-216 rectifié, présenté par M. Bruno Retailleau et plusieurs de ses collègues, à l'article 29 du projet de loi de finances pour 2018, adopté par l'Assemblée nationale",,336,311,164,147,https://www.senat.fr/scrutin-public/2017/scr2017-34.html
2017-35,2017-11-30T23:00:00+00:00,"sur la motion n° 1, présentée par M. Jean-Marie Vanlerenberghe au nom de la commission des affaires sociales, tendant à opposer la question préalable au projet de loi de financement de la sécurité sociale, adopté par l'Assemblée nationale en nouvelle lecture, pour 2018",,342,249,196,53,https://www.senat.fr/scrutin-public/2017/scr2017-35.html
2017-36,2017-12-05T23:00:00+00:00,"sur l'amendement n° II-240, présenté par Mme Cécile Cukierman et les membres du groupe communiste, républicain, citoyen et écologiste, l'amendement n° II-388 rectifié bis, présenté par Mme Annie Guillemot et les membres du groupe socialiste et républicain, et l'amendement n° II-431, présenté par M. Philippe Pemezec, tendant à supprimer l'article 52 du projet de loi de finances pour 2018, adopté par l'Assemblée nationale",,341,340,95,245,https://www.senat.fr/scrutin-public/2017/scr2017-36.html
2017-37,2017-12-05T23:00:00+00:00,"sur l'amendement n° II-285, présenté par Mme Dominique Estrosi Sassone au nom de la commission des affaires économiques et l'amendement n° II-452, présenté par M. Hervé Marseille et les membres du groupe Union Centriste, à l'article 52 du projet de loi de finances pour 2018, adopté par l'Assemblée nationale",,339,305,284,21,https://www.senat.fr/scrutin-public/2017/scr2017-37.html
2017-38,2017-12-05T23:00:00+00:00,"sur l'amendement II-233, présenté par M. Claude Nougein au nom de la commission des finances, à l'article 29 du projet de loi de finances pour 2018, adopté par l'Assemblée nationale",,341,336,202,134,https://www.senat.fr/scrutin-public/2017/scr2017-38.html
2017-39,2017-12-05T23:00:00+00:00,"sur l'amendement n° II-232, présenté par M. Claude Nougein au nom de la commission des finances, à l'article 29 du projet de loi de finances pour 2018, adopté par l'Assemblée nationale",,330,329,189,140,https://www.senat.fr/scrutin-public/2017/scr2017-39.html
2017-4,2017-10-30T23:00:00+00:00,sur l'ensemble de la proposition de loi tendant à soutenir les collectivités territoriales et leurs groupements dans leur mission d'accueil des gens du voyage,,334,333,207,126,https://www.senat.fr/scrutin-public/2017/scr2017-4.html
2017-40,2017-12-07T23:00:00+00:00,"sur l'amendement n° II-463, présenté par M. Éric Bocquet et les membres du groupe communiste républicain citoyen et écologiste et l'amendement n° II-664, présenté par Mme Sophie Taillé-Polian et les membres du groupe socialiste et républicain, tendant à supprimer l'article 44 du projet de loi de finances pour 2018, adopté par l'Assemblée nationale",,341,336,88,248,https://www.senat.fr/scrutin-public/2017/scr2017-40.html
2017-41,2017-12-10T23:00:00+00:00,"sur l'amendement n° II-456 rectifié, présenté par M. Pierre Ouzoulias et les membres du groupe communiste républicain citoyen et écologiste, tendant à insérer un article additionnel après l'article 44 sexies du projet de loi de finances pour 2018, adopté par l'Assemblée nationale",,330,330,93,237,https://www.senat.fr/scrutin-public/2017/scr2017-41.html
2017-42,2017-12-10T23:00:00+00:00,"sur l'amendement n° II-544, présenté par M. Albéric de Montgolfier au nom de la commission des finances, à l'article 48 du projet de loi de finances pour 2018, adopté par l'Assemblée nationale",,341,338,206,132,https://www.senat.fr/scrutin-public/2017/scr2017-42.html
2017-43,2017-12-11T23:00:00+00:00,"sur l'ensemble du projet de loi de finances pour 2018, adopté par l'Assemblée nationale",,343,303,181,122,https://www.senat.fr/scrutin-public/2017/scr2017-43.html
2017-44,2017-12-12T23:00:00+00:00,"sur l'ensemble de la proposition de résolution en application de l'article 34-1 de la Constitution, relative au développement du fret ferroviaire",,341,341,95,246,https://www.senat.fr/scrutin-public/2017/scr2017-44.html
2017-45,2017-12-13T23:00:00+00:00,sur l'ensemble de la proposition de résolution visant à pérenniser et adapter la procédure de législation en commission,58502,338,338,323,15,https://www.senat.fr/scrutin-public/2017/scr2017-45.html
2017-46,2017-12-14T23:00:00+00:00,"sur l'ensemble du projet de loi de finances rectificative, adopté par l'Assemblée nationale, pour 2017",,341,327,227,100,https://www.senat.fr/scrutin-public/2017/scr2017-46.html
2017-47,2017-12-17T23:00:00+00:00,"sur la motion n° 1, présentée par Mme Élisabeth Lamure au nom de la commission des affaires économiques, tendant à opposer la question préalable au projet de loi, adopté par l'Assemblée nationale en nouvelle lecture, mettant fin à la recherche ainsi qu'à l'exploitation des hydrocarbures et portant diverses dispositions relatives à l'énergie et à l'environnement",57822,342,338,192,146,https://www.senat.fr/scrutin-public/2017/scr2017-47.html
2017-48,2017-12-18T23:00:00+00:00,"sur la motion n° I-5, présentée par M. Albéric de Montgolfier au nom de la commission des finances, tendant à opposer la question préalable au projet de loi de finances pour 2018, adopté par l'Assemblée nationale en nouvelle lecture",,345,332,197,135,https://www.senat.fr/scrutin-public/2017/scr2017-48.html
2017-49,2017-12-19T23:00:00+00:00,"sur la motion n° 1, présentée par M. Albéric de Montgolfier au nom de la commission des finances, tendant à opposer la question préalable au projet de loi de finances rectificative pour 2017, adopté par l'Assemblée nationale en nouvelle lecture",,342,332,198,134,https://www.senat.fr/scrutin-public/2017/scr2017-49.html
2017-5,2017-11-06T23:00:00+00:00,"sur l'amendement n° 101 rectifié bis, présenté par M. Ronan Dantec et plusieurs de ses collègues, tendant à insérer un article additionnel après l'article 3 ter du projet de loi, adopté par l'Assemblée nationale après engagement de la procédure accélérée, mettant fin à la recherche ainsi qu'à l'exploitation des hydrocarbures conventionnels et non conventionnels et portant diverses dispositions relatives à l'énergie et à l'environnement",57822,341,340,194,146,https://www.senat.fr/scrutin-public/2017/scr2017-5.html
2017-50,2018-01-22T23:00:00+00:00,"sur l'amendement n° 18, présenté par M. Dominique Watrin et les membres du groupe communiste républicain citoyen et écologiste, tendant à insérer un article additionnel avant l'article 1er du projet de loi, adopté par l'Assemblée nationale après engagement de la procédure accélérée, ratifiant diverses ordonnances prises sur le fondement de la loi n° 2017-1340 du 15 septembre 2017 d'habilitation à prendre par ordonnances les mesures pour le renforcement du dialogue social",,344,267,15,252,https://www.senat.fr/scrutin-public/2017/scr2017-50.html
2017-51,2018-01-22T23:00:00+00:00,"sur l'amendement n° 19, présenté par M. Dominique Watrin et les membres du groupe communiste républicain citoyen et écologiste, tendant à insérer un article additionnel avant l'article 1er du projet de loi, adopté par l'Assemblée nationale après engagement de la procédure accélérée, ratifiant diverses ordonnances prises sur le fondement de la loi n° 2017-1340 du 15 septembre 2017 d'habilitation à prendre par ordonnances les mesures pour le renforcement du dialogue social",,344,267,15,252,https://www.senat.fr/scrutin-public/2017/scr2017-51.html
2017-52,2018-01-22T23:00:00+00:00,"sur l'amendement n° 20, présenté par M. Dominique Watrin et les membres du groupe communiste républicain citoyen et écologiste et sur l'amendement n° 71, présenté par M. Jean-Louis Tourenne et les membres du groupe socialiste et républicain, tendant à supprimer l'article 1er du projet de loi, adopté par l'Assemblée nationale après engagement de la procédure accélérée, ratifiant diverses ordonnances prises sur le fondement de la loi n° 2017-1340 du 15 septembre 2017 d'habilitation à prendre par ordonnances les mesures pour le renforcement du dialogue social",,345,345,93,252,https://www.senat.fr/scrutin-public/2017/scr2017-52.html
2017-53,2018-01-22T23:00:00+00:00,"sur l'amendement n° 82, présenté par M. Jean-Louis Tourenne et les membres du groupe socialiste et républicain, à l'article 2 du projet de loi, adopté par l'Assemblée nationale après engagement de la procédure accélérée, ratifiant diverses ordonnances prises sur le fondement de la loi n° 2017-1340 du 15 septembre 2017 d'habilitation à prendre par ordonnances les mesures pour le renforcement du dialogue social",,344,344,134,210,https://www.senat.fr/scrutin-public/2017/scr2017-53.html
2017-54,2018-01-23T23:00:00+00:00,"sur l'amendement n° 40, présenté par M. Dominique Watrin et les membres du groupe communiste républicain citoyen et écologiste et l'amendement n° 106, présenté par M. Jean-Louis Tourenne et les membres du groupe socialiste et républicain, tendant à supprimer l'article 5 du projet de loi, adopté par l'Assemblée nationale après engagement de la procédure accélérée, ratifiant diverses ordonnances prises sur le fondement de la loi n° 2017-1340 du 15 septembre 2017 d'habilitation à prendre par ordonnances les mesures pour le renforcement du dialogue social",,344,344,93,251,https://www.senat.fr/scrutin-public/2017/scr2017-54.html
2017-55,2018-01-23T23:00:00+00:00,"sur l'amendement n° 41, présenté par M. Dominique Watrin et les membres du groupe communiste républicain citoyen et écologiste et l'amendement n° 109, présenté par M. Jean-Louis Tourenne et les membres du groupe socialiste et républicain, tendant à supprimer l'article 6 du projet de loi, adopté par l'Assemblée nationale après engagement de la procédure accélérée, ratifiant diverses ordonnances prises sur le fondement de la loi n° 2017-1340 du 15 septembre 2017 d'habilitation à prendre par ordonnances les mesures pour le renforcement du dialogue social",,344,344,93,251,https://www.senat.fr/scrutin-public/2017/scr2017-55.html
2017-56,2018-01-24T23:00:00+00:00,"sur l'amendement n° 1 rectifié bis, présenté par M. Jean-Yves Leconte et les membres du groupe socialiste et républicain et sur l'amendement n° 26, présenté par Mme Esther Benbassa et les membres du groupe communiste républicain citoyen et écologiste, tendant à supprimer l'article premier de la proposition de loi, adoptée par l'Assemblée nationale, permettant une bonne application du régime d'asile européen",,334,314,93,221,https://www.senat.fr/scrutin-public/2017/scr2017-56.html
2017-57,2018-02-06T23:00:00+00:00,"sur la motion n° 193, présentée par Mme Éliane Assassi et les membres du groupe communiste républicain citoyen et écologiste, tendant à opposer l'exception d'irrecevabilité au projet de loi, adopté par l'Assemblée nationale après engagement de la procédure accélérée, relatif à l'orientation et à la réussite des étudiants",58507,344,268,15,253,https://www.senat.fr/scrutin-public/2017/scr2017-57.html
2017-58,2018-02-06T23:00:00+00:00,"sur l'amendement n° 173, présenté par M. Olivier Paccaud et plusieurs de ses collègues, tendant à modifier l'article 1er du projet de loi, adopté par l'Assemblée nationale après engagement de la procédure accélérée, relatif à l'orientation et à la réussite des étudiants",58507,345,325,146,179,https://www.senat.fr/scrutin-public/2017/scr2017-58.html
2017-59,2018-02-07T23:00:00+00:00,"sur l'amendement n° 183 rectifié, présenté par Mme Françoise Laborde et plusieurs de ses collègues, tendant à modifier l'article 1er du projet de loi, adopté par l'Assemblée nationale après engagement de la procédure accélérée, relatif à l'orientation et à la réussite des étudiants",58507,346,346,114,232,https://www.senat.fr/scrutin-public/2017/scr2017-59.html
2017-6,2017-11-07T23:00:00+00:00,"sur l'ensemble du projet de loi, adopté par l'Assemblée nationale après engagement de la procédure accélérée, mettant fin à la recherche ainsi qu'à l'exploitation des hydrocarbures conventionnels et non conventionnels et portant diverses dispositions relatives à l'énergie et à l'environnement",57822,342,331,190,141,https://www.senat.fr/scrutin-public/2017/scr2017-6.html
2017-60,2018-02-07T23:00:00+00:00,"sur l'article 1er du projet de loi, adopté par l'Assemblée nationale après engagement de la procédure accélérée, relatif à l'orientation et à la réussite des étudiants",58507,344,323,209,114,https://www.senat.fr/scrutin-public/2017/scr2017-60.html
2017-61,2018-02-07T23:00:00+00:00,"sur l'amendement n° 159 rectifié quater, présenté par Mme Lana Tetuanui et plusieurs de ses collègues, tendant à modifier l'article 6 du projet de loi, adopté par l'Assemblée nationale après engagement de la procédure accélérée, relatif à l'orientation et à la réussite des étudiants",58507,342,300,152,148,https://www.senat.fr/scrutin-public/2017/scr2017-61.html
2017-62,2018-02-07T23:00:00+00:00,"sur l'ensemble du projet de loi, adopté par l'Assemblée nationale après engagement de la procédure accélérée, relatif à l'orientation et à la réussite des étudiants",58507,344,324,231,93,https://www.senat.fr/scrutin-public/2017/scr2017-62.html
2017-63,2018-02-14T23:00:00+00:00,sur l'ensemble du projet de loi relatif à l'orientation et à la réussite des étudiants dans la rédaction du texte proposé par la commission mixte paritaire,58507,345,343,250,93,https://www.senat.fr/scrutin-public/2017/scr2017-63.html
2017-64,2018-02-19T23:00:00+00:00,sur l'ensemble du projet de loi organique relatif à l'organisation de la consultation sur l'accession à la pleine souveraineté de la Nouvelle-Calédonie,58599,347,346,344,2,https://www.senat.fr/scrutin-public/2017/scr2017-64.html
2017-65,2018-02-20T23:00:00+00:00,sur l'ensemble de la proposition de loi visant à simplifier et mieux encadrer le régime d'ouverture des établissements privés hors contrat,,347,334,240,94,https://www.senat.fr/scrutin-public/2017/scr2017-65.html
2017-66,2018-03-05T23:00:00+00:00,sur l'ensemble de la proposition de loi tendant à sécuriser et à encourager les investissements dans les réseaux de communications électroniques à très haut débit,58445,334,283,283,0,https://www.senat.fr/scrutin-public/2017/scr2017-66.html
2017-67,2018-03-06T23:00:00+00:00,sur l'ensemble de la proposition de loi organique visant à améliorer la qualité des études d'impact des projets de loi,,324,309,309,0,https://www.senat.fr/scrutin-public/2017/scr2017-67.html
2017-68,2018-03-06T23:00:00+00:00,"sur l'ensemble de la proposition de résolution en application de l'article 34-1 de la Constitution, pour une Conférence des parties (COP) de la finance mondiale, l'harmonisation et la justice fiscales",,333,322,152,170,https://www.senat.fr/scrutin-public/2017/scr2017-68.html
2017-69,2018-03-13T23:00:00+00:00,"sur l'amendement n° 172 rectifié, présenté par Mme Nathalie Delattre et plusieurs de ses collègues, tendant à supprimer l'article 38 du projet de loi, adopté par l'Assemblée nationale après engagement de la procédure accélérée, pour un État au service d'une société de confiance",,344,343,113,230,https://www.senat.fr/scrutin-public/2017/scr2017-69.html
2017-7,2017-11-08T23:00:00+00:00,"sur l'amendement 11 rectifié, présenté par M. Bruno Retailleau et plusieurs de ses collègues, tendant à supprimer l'article 1er du projet de loi de finances rectificative, adopté par l'Assemblée nationale, pour 2017",,338,329,134,195,https://www.senat.fr/scrutin-public/2017/scr2017-7.html
2017-70,2018-03-13T23:00:00+00:00,"sur l'amendement n° 189 rectifié, présenté par Mme Nathalie Delattre et plusieurs de ses collègues, tendant à modifier l'article 38 du projet de loi, adopté par l'Assemblée nationale après engagement de la procédure accélérée, pour un État au service d'une société de confiance",,342,341,134,207,https://www.senat.fr/scrutin-public/2017/scr2017-70.html
2017-71,2018-03-13T23:00:00+00:00,"sur l'amendement n° 187 rectifié, présenté par Mme Nathalie Delattre et plusieurs de ses collègues, tendant à modifier l'article 38 du projet de loi, adopté par l'Assemblée nationale après engagement de la procédure accélérée, pour un État au service d'une société de confiance",,341,340,134,206,https://www.senat.fr/scrutin-public/2017/scr2017-71.html
2017-72,2018-03-19T23:00:00+00:00,"sur l'ensemble du projet de loi, adopté par l'Assemblée nationale après engagement de la procédure accélérée, pour un État au service d'une société de confiance",,347,227,208,19,https://www.senat.fr/scrutin-public/2017/scr2017-72.html
2017-73,2018-03-26T22:00:00+00:00,"sur l'amendement n° 5 rectifié septies, présenté par M. Alain Houpert et plusieurs de ses collègues, tendant à modifier l'article 2 de la proposition de loi d'orientation et de programmation pour une meilleure protection des mineurs victimes d'infractions sexuelles",,344,340,14,326,https://www.senat.fr/scrutin-public/2017/scr2017-73.html
2017-74,2018-03-26T22:00:00+00:00,"sur l'amendement n° 4, présenté par Mme Michelle Meunier et M. Éric Jeansannetas et l'amendement n° 9 rectifié quinquies, présenté par M. Jean-Noël Buffet et plusieurs de ses collègues, à l'article 2 de la proposition de loi d'orientation et de programmation pour une meilleure protection des mineurs victimes d'infractions sexuelles",,341,337,19,318,https://www.senat.fr/scrutin-public/2017/scr2017-74.html
2017-75,2018-03-26T22:00:00+00:00,"sur l'amendement n° 10 rectifié quinquies, présenté par M. François-Noël Buffet et plusieurs de ses collègues, tendant à insérer un article additionnel après l'article 2 de la proposition de loi d'orientation et de programmation pour une meilleure protection des mineurs victimes d'infractions sexuelles",,343,343,226,117,https://www.senat.fr/scrutin-public/2017/scr2017-75.html
2017-76,2018-03-26T22:00:00+00:00,"sur l'amendement n° 6, présenté par Mme Marie-Pierre de la Gontrie et les membres du groupe socialiste et républicain, tendant à insérer un article additionnel après l'article 3 de la proposition de loi d'orientation et de programmation pour une meilleure protection des mineurs victimes d'infractions sexuelles",,344,305,94,211,https://www.senat.fr/scrutin-public/2017/scr2017-76.html
2017-77,2018-03-26T22:00:00+00:00,sur l'ensemble de la proposition de loi d'orientation et de programmation pour une meilleure protection des mineurs victimes d'infractions sexuelles,,342,232,229,3,https://www.senat.fr/scrutin-public/2017/scr2017-77.html
2017-78,2018-03-27T22:00:00+00:00,"sur la motion n° 1, présentée par Mme Éliane Assassi et les membres du groupe communiste républicain citoyen et écologiste, tendant à opposer la question préalable à la proposition de loi relative à l'ouverture à la concurrence du transport ferroviaire de voyageurs",,344,266,15,251,https://www.senat.fr/scrutin-public/2017/scr2017-78.html
2017-79,2018-03-28T22:00:00+00:00,"sur l'amendement n° 65 rectifié, présenté par M. Gérard Cornu et plusieurs de ses collègues, tendant à modifier l'article 8 de la proposition de loi relative à l'ouverture à la concurrence du transport ferroviaire de voyageurs",,344,303,210,93,https://www.senat.fr/scrutin-public/2017/scr2017-79.html
2017-8,2017-11-08T23:00:00+00:00,"sur l'amendement n° 2, présenté par M. Albéric de Montgolfier au nom de la commission des finances, à l'article 1er du projet de loi de finances rectificative, adopté par l'Assemblée nationale, pour 2017",,338,337,4,333,https://www.senat.fr/scrutin-public/2017/scr2017-8.html
2017-80,2018-03-28T22:00:00+00:00,sur l'article 8 de la proposition de loi relative à l'ouverture à la concurrence du transport ferroviaire de voyageurs,,344,324,200,124,https://www.senat.fr/scrutin-public/2017/scr2017-80.html
2017-81,2018-03-28T22:00:00+00:00,sur l'ensemble de la proposition de loi relative à l'ouverture à la concurrence du transport ferroviaire de voyageurs,,344,311,197,114,https://www.senat.fr/scrutin-public/2017/scr2017-81.html
2017-82,2018-04-04T22:00:00+00:00,sur l'ensemble de la proposition de loi relative à l'élection des conseillers métropolitains,,343,337,256,81,https://www.senat.fr/scrutin-public/2017/scr2017-82.html
2017-83,2018-04-09T22:00:00+00:00,"sur l'amendement n° 11 rectifié ter, présenté par M. Max Brisson et plusieurs de ses collègues, et l'amendement n° 57 rectifié bis, présenté par M. François Bonhomme et plusieurs de ses collègues, à l'article 1er du projet de loi, adopté par l'Assemblée nationale après engagement de la procédure accélérée, relatif à l'élection des représentants au Parlement européen",58663,344,336,127,209,https://www.senat.fr/scrutin-public/2017/scr2017-83.html
2017-84,2018-04-09T22:00:00+00:00,"sur l'amendement n° 23 rectifié ter, présenté par M. Gérard Poadja et plusieurs de ses collègues, à l'article 1er du projet de loi, adopté par l'Assemblée nationale après engagement de la procédure accélérée, relatif à l'élection des représentants au Parlement européen",58663,303,281,35,246,https://www.senat.fr/scrutin-public/2017/scr2017-84.html
2017-85,2018-04-09T22:00:00+00:00,"sur l'amendement n° 22 rectifié quater, présenté par M. Gérard Poadja et plusieurs de ses collègues, sur l'amendement n° 34, présenté par M. Victorin Lurel et plusieurs de ses collègues, et sur l'amendement n° 77 rectifié bis, présenté par M. Guillaume Arnell et plusieurs de ses collègues, à l'article 1er du projet de loi, adopté par l'Assemblée nationale après engagement de la procédure accélérée, relatif à l'élection des représentants au Parlement européen",58663,325,288,69,219,https://www.senat.fr/scrutin-public/2017/scr2017-85.html
2017-86,2018-04-09T22:00:00+00:00,"sur l'amendement n° 43 rectifié bis, présenté par M. Michel Magras et plusieurs de ses collègues, à l'article 1er du projet de loi, adopté par l'Assemblée nationale après engagement de la procédure accélérée, relatif à l'élection des représentants au Parlement européen",58663,345,331,15,316,https://www.senat.fr/scrutin-public/2017/scr2017-86.html
2017-87,2018-04-09T22:00:00+00:00,"sur l'article 1er du projet de loi, adopté par l'Assemblée nationale après engagement de la procédure accélérée, relatif à l'élection des représentants au Parlement européen",58663,335,328,187,141,https://www.senat.fr/scrutin-public/2017/scr2017-87.html
2017-88,2018-04-10T22:00:00+00:00,"sur l'amendement n° 74 rectifié bis, présenté par Mme Fabienne Keller et plusieurs de ses collègues, à l'article 4 du projet de loi, adopté par l'Assemblée nationale après engagement de la procédure accélérée, relatif à l'élection des représentants au Parlement européen",58663,345,344,1,343,https://www.senat.fr/scrutin-public/2017/scr2017-88.html
2017-89,2018-04-10T22:00:00+00:00,"sur l'ensemble du projet de loi, adopté par l'Assemblée nationale après engagement de la procédure accélérée, relatif à l'élection des représentants au Parlement européen",58663,345,334,181,153,https://www.senat.fr/scrutin-public/2017/scr2017-89.html
2017-9,2017-11-08T23:00:00+00:00,"sur l'article 1er du projet de loi de finances rectificative, adopté par l'Assemblée nationale, pour 2017",,338,248,91,157,https://www.senat.fr/scrutin-public/2017/scr2017-9.html
2017-90,2018-04-16T22:00:00+00:00,"sur les amendements n° 4 rectifié ter présenté par M. Delcros et plusieurs de ses collègues, n° 5 présenté par le Gouvernement et n° 13 présenté par M. de Bellenet et les membres du groupe La République En Marche à l'article 1er de la proposition de loi, adoptée par l'Assemblée nationale après engagement de la procédure accélérée, relative à la mise en uvre du transfert des compétences eau et assainissement aux communautés de communes",,331,242,42,200,https://www.senat.fr/scrutin-public/2017/scr2017-90.html
2017-91,2018-04-16T22:00:00+00:00,"sur l'article 1er de la proposition de loi, adoptée par l'Assemblée nationale après engagement de la procédure accélérée, relative à la mise en oeuvre du transfert des compétences eau et assainissement aux communautés de communes",58642,315,216,194,22,https://www.senat.fr/scrutin-public/2017/scr2017-91.html
2017-92,2018-04-16T22:00:00+00:00,"sur l'ensemble de la proposition de loi, adoptée par l'Assemblée nationale après engagement de la procédure accélérée, relative à la mise en uvre du transfert des compétences eau et assainissement aux communautés de communes",,333,305,286,19,https://www.senat.fr/scrutin-public/2017/scr2017-92.html
2017-93,2018-04-17T22:00:00+00:00,"sur la motion n° 1, présentée par M. Éric Bocquet et les membres du groupe communiste républicain citoyen et écologiste, tendant à opposer la question préalable à la proposition de loi, adoptée par l'Assemblée nationale après engagement de la procédure accélérée, portant transposition de la directive (UE) 2016/943 du Parlement européen et du Conseil du 8 juin 2016 sur la protection des savoir-faire et des informations commerciales non divulgués contre l'obtention, l'utilisation et la divulgation illicites",,338,338,95,243,https://www.senat.fr/scrutin-public/2017/scr2017-93.html
2017-94,2018-04-17T22:00:00+00:00,"sur la motion n° 37 rectifiée, présentée par M. Jacques Bigot et les membres du groupe socialiste et républicain, tendant au renvoi en commission de la proposition de loi, adoptée par l'Assemblée nationale après engagement de la procédure accélérée, portant transposition de la directive (UE) 2016/943 du Parlement européen et du Conseil du 8 juin 2016 sur la protection des savoir-faire et des informations commerciales non divulgués contre l'obtention, l'utilisation et la divulgation illicites",,330,329,95,234,https://www.senat.fr/scrutin-public/2017/scr2017-94.html
2017-95,2018-04-17T22:00:00+00:00,"sur les amendements n° 39 rectifié, présenté par M. Jacques Bigot et les membres du groupe socialiste et républicain, n° 52, présenté par M. Thani Mohamed Soilihi et les membres du groupe La République En Marche, et n° 56, présenté par le Gouvernement, à l'article 1er de la proposition de loi, adoptée par l'Assemblée nationale après engagement de la procédure accélérée, portant transposition de la directive (UE) 2016/943 du Parlement européen et du Conseil du 8 juin 2016 sur la protection des savoir-faire et des informations commerciales non divulgués contre l'obtention, l'utilisation et la divulgation illicites",,333,332,135,197,https://www.senat.fr/scrutin-public/2017/scr2017-95.html
2017-96,2018-04-17T22:00:00+00:00,"sur l'amendement n° 38, présenté par M. Jacques Bigot et les membres du groupe socialiste et républicain, l'amendement n° 55, présenté par M. Thani Mohamed Soilihi et les membres du groupe La République En Marche, l'amendement n° 65, présenté par le Gouvernement et l'amendement n° 84 rectifié, présenté par M. Jean-Claude Requier et plusieurs de ses collègues, tendant à supprimer l'article 1er quater de la proposition de loi, adoptée par l'Assemblée nationale après engagement de la procédure accélérée, portant transposition de la directive (UE) 2016/943 du Parlement européen et du Conseil du 8 juin 2016 sur la protection des savoir-faire et des informations commerciales non divulgués contre l'obtention, l'utilisation et la divulgation illicites",,342,294,137,157,https://www.senat.fr/scrutin-public/2017/scr2017-96.html
2017-97,2018-04-17T22:00:00+00:00,"sur l'ensemble de la proposition de loi, adoptée par l'Assemblée nationale après engagement de la procédure accélérée, portant transposition de la directive (UE) 2016/943 du Parlement européen et du Conseil du 8 juin 2016 sur la protection des savoir-faire et des informations commerciales non divulgués contre l'obtention, l'utilisation et la divulgation illicites",,343,343,248,95,https://www.senat.fr/scrutin-public/2017/scr2017-97.html
2017-98,2018-04-18T22:00:00+00:00,"sur l'ensemble du projet de loi, adopté par l'Assemblée nationale en nouvelle lecture, relatif à la protection des données personnelles",58605,343,307,307,0,https://www.senat.fr/scrutin-public/2017/scr2017-98.html
2017-99,2018-05-15T22:00:00+00:00,sur l'ensemble de la proposition de loi visant à instaurer un régime transitoire d'indemnisation pour les interdictions d'habitation résultant d'un risque de recul du trait de côte,58922,342,336,335,1,https://www.senat.fr/scrutin-public/2017/scr2017-99.html
2018-1,2018-10-01T22:00:00+00:00,"sur l'ensemble de la proposition de résolution, présentée en application de l'article 34-1 de la Constitution, sur le pastoralisme",,344,334,313,21,https://www.senat.fr/scrutin-public/2018/scr2018-1.html
2018-10,2018-11-06T23:00:00+00:00,"sur l'amendement n° 19, présenté par M. Guillaume Gontard et les membres du groupe communiste républicain citoyen et écologiste, l'amendement n° 24 rectifié ter, présenté par M. Rachid Temal et plusieurs de ses collègues, et l'amendement n° 25 rectifié, présenté par M. Joël Labbé et plusieurs de ses collègues, tendant à supprimer l'article 16 du projet de loi portant suppression de sur-transpositions de directives européennes en droit français (procédure accélérée)",60126,293,279,65,214,https://www.senat.fr/scrutin-public/2018/scr2018-10.html
2018-100,2019-05-14T22:00:00+00:00,"sur l'amendement n° 100 rectifié quater, présenté par M. Jérôme Bascher et plusieurs de ses collègues, tendant à insérer un article additionnel après l'article 1er bis G du projet de loi, adopté par l'Assemblée nationale après engagement de la procédure accélérée, pour une école de la confiance",,343,284,184,100,https://www.senat.fr/scrutin-public/2018/scr2018-100.html
2018-101,2019-05-14T22:00:00+00:00,"sur l'amendement n° 328 rectifié bis, présenté par Mme Sylvie Robert et les membres du groupe socialiste et républicain, tendant à rétablir l'article 2 bis du projet de loi, adopté par l'Assemblée nationale après engagement de la procédure accélérée, pour une école de la confiance",,341,328,133,195,https://www.senat.fr/scrutin-public/2018/scr2018-101.html
2018-102,2019-05-14T22:00:00+00:00,"sur l'amendement n° 222 rectifié, présenté par M. Stéphane Piednoir et plusieurs de ses collègues, tendant à supprimer l'article 3 bis du projet de loi, adopté par l'Assemblée nationale après engagement de la procédure accélérée, pour une école de la confiance",,341,341,8,333,https://www.senat.fr/scrutin-public/2018/scr2018-102.html
2018-103,2019-05-15T22:00:00+00:00,"sur l'article 4 bis du projet de loi, adopté par l'Assemblée nationale après engagement de la procédure accélérée, pour une école de la confiance",,341,324,280,44,https://www.senat.fr/scrutin-public/2018/scr2018-103.html
2018-104,2019-05-15T22:00:00+00:00,"sur l'amendement n° 102 rectifié ter, présenté par M. Bruno Retailleau et plusieurs de ses collègues, à l'article 5 du projet de loi, adopté par l'Assemblée nationale après engagement de la procédure accélérée, pour une école de la confiance",,341,341,144,197,https://www.senat.fr/scrutin-public/2018/scr2018-104.html
2018-105,2019-05-15T22:00:00+00:00,"sur l'amendement n° 132, présenté par Mme Céline Brulin et les membres du groupe communiste républicain citoyen et écologiste, l'amendement n° 278 rectifié, présenté par Mme Maryvonne Blondin et les membres du groupe socialiste et républicain, et l'amendement n° 453 rectifié, présenté par M. Joël Labbé et plusieurs de ses collègues, à l'article 5 quinquies du projet de loi, adopté par l'Assemblée nationale après engagement de la procédure accélérée, pour une école de la confiance",,341,329,99,230,https://www.senat.fr/scrutin-public/2018/scr2018-105.html
2018-106,2019-05-15T22:00:00+00:00,"sur l'amendement n° 67 rectifié bis, présenté par M. Alain Marc et plusieurs de ses collègues, et l'amendement n° 377 rectifié, présenté par M. Ronan Dantec et plusieurs de ses collègues, tendant à insérer un article additionnel après l'article 6 du projet de loi, adopté par l'Assemblée nationale après engagement de la procédure accélérée, pour une école de la confiance",,341,341,128,213,https://www.senat.fr/scrutin-public/2018/scr2018-106.html
2018-107,2019-05-15T22:00:00+00:00,"sur l'amendement n° 69 rectifié ter, présenté par M. Alain Marc et plusieurs de ses collègues, et l'amendement n° 372 rectifié, présenté par M. Ronan Dantec et plusieurs de ses collègues, tendant à insérer un article additionnel après l'article 6 du projet de loi, adopté par l'Assemblée nationale après engagement de la procédure accélérée, pour une école de la confiance",,341,327,113,214,https://www.senat.fr/scrutin-public/2018/scr2018-107.html
2018-108,2019-05-16T22:00:00+00:00,"sur les amendements identiques n°s  261, présenté par M. Antoine Karam et les membres du groupe La République En Marche et 296 rectifié, présenté par Mme Maryvonne Blondin et les membres du groupe socialiste et républicain, tendant à supprimer l'article 6 ter du projet de loi, adopté par l'Assemblée nationale après engagement de la procédure accélérée, pour une école de la confiance",,341,341,133,208,https://www.senat.fr/scrutin-public/2018/scr2018-108.html
2018-109,2019-05-16T22:00:00+00:00,"sur l'amendement n° 297 rectifié, présenté par Mme Maryvonne Blondin et les membres du groupe socialiste et républicain, à l'article 6 ter du projet de loi, adopté par l'Assemblée nationale après engagement de la procédure accélérée, pour une école de la confiance",,341,341,111,230,https://www.senat.fr/scrutin-public/2018/scr2018-109.html
2018-11,2018-11-06T23:00:00+00:00,"sur l'amendement n° 1 rectifié bis, présenté par M. Jean-Noël Cardoux et plusieurs de ses collègues, à l'article 16 du projet de loi portant suppression de sur-transpositions de directives européennes en droit français (procédure accélérée)",60126,257,227,154,73,https://www.senat.fr/scrutin-public/2018/scr2018-11.html
2018-110,2019-05-16T22:00:00+00:00,"sur l'amendement n° 149 rectifié bis, présenté par Mme Céline Brulin et les membres du groupe communiste républicain citoyen et écologiste, tendant à insérer un article additionnel après l'article 6 quater du projet de loi, adopté par l'Assemblée nationale après engagement de la procédure accélérée, pour une école de la confiance",,341,341,111,230,https://www.senat.fr/scrutin-public/2018/scr2018-110.html
2018-111,2019-05-16T22:00:00+00:00,"sur les amendements identiques n° 154, présenté par Mme Céline Brulin et les membres du groupe communiste républicain citoyen et écologiste, et n° 280 rectifié bis, présenté par Mme Claudine Lepage et les membres du groupe socialiste et républicain, de suppression de l'article 9 du projet de loi, adopté par l'Assemblée nationale après engagement de la procédure accélérée, pour une école de la confiance",,341,341,111,230,https://www.senat.fr/scrutin-public/2018/scr2018-111.html
2018-112,2019-05-16T22:00:00+00:00,"sur l'amendement n° 340 rectifié, présenté par Mme Laurence Rossignol et les membres du groupe socialiste et républicain, à l'article 9 du projet de loi, adopté par l'Assemblée nationale après engagement de la procédure accélérée, pour une école de la confiance",,341,319,89,230,https://www.senat.fr/scrutin-public/2018/scr2018-112.html
2018-113,2019-05-16T22:00:00+00:00,"sur l'article 9 du projet de loi, adopté par l'Assemblée nationale après engagement de la procédure accélérée, pour une école de la confiance",,339,339,228,111,https://www.senat.fr/scrutin-public/2018/scr2018-113.html
2018-114,2019-05-16T22:00:00+00:00,"sur l'amendement n° 181 rectifié, présenté par Mme Céline Brulin et les membres du groupe communiste républicain citoyen et écologiste, à l'article 14 bis du projet de loi, adopté par l'Assemblée nationale après engagement de la procédure accélérée, pour une école de la confiance",,341,341,134,207,https://www.senat.fr/scrutin-public/2018/scr2018-114.html
2018-115,2019-05-16T22:00:00+00:00,"sur l'amendement n° 346 rectifié, présenté par Mme Marie-Pierre Monier et les membres du groupe socialiste et républicain, tendant à supprimer l'article 14 ter du projet de loi, adopté par l'Assemblée nationale après engagement de la procédure accélérée, pour une école de la confiance",,341,319,112,207,https://www.senat.fr/scrutin-public/2018/scr2018-115.html
2018-116,2019-05-16T22:00:00+00:00,"sur les amendements identiques n° 183 présenté par Mme Céline Brulin et les membres du groupe communiste républicain citoyen et écologiste et n° 347 rectifié, présenté par Mme Marie-Pierre Monier et les membres du groupe socialiste et républicain, tendant à supprimer l'article 18 ter du projet de loi, adopté par l'Assemblée nationale après engagement de la procédure accélérée, pour une école de la confiance",,341,296,89,207,https://www.senat.fr/scrutin-public/2018/scr2018-116.html
2018-117,2019-05-16T22:00:00+00:00,"sur l'amendement n° 349 rectifié, présenté par Mme Samia Ghali et les membres du groupe socialiste et républicain, tendant à rétablir l'article 24 bis du projet de loi, adopté par l'Assemblée nationale après engagement de la procédure accélérée, pour une école de la confiance",,341,341,134,207,https://www.senat.fr/scrutin-public/2018/scr2018-117.html
2018-118,2019-05-20T22:00:00+00:00,"sur l'ensemble du projet de loi, adopté par l'Assemblée nationale après engagement de la procédure accélérée, pour une école de la confiance",,346,308,213,95,https://www.senat.fr/scrutin-public/2018/scr2018-118.html
2018-119,2019-05-20T22:00:00+00:00,"sur les amendements identiques n° 10, présenté par M. Thierry Carcenac et les membres du groupe socialiste et républicain, n° 22, présenté par le Gouvernement, et n° 26, présenté par M. Pascal Savoldelli et les membres du groupe communiste républicain citoyen et écologiste, à l'article 1er du projet de loi, adopté par l'Assemblée nationale après engagement de la procédure accélérée, portant création d'une taxe sur les services numériques et modification de la trajectoire de baisse de l'impôt sur les sociétés",60824,341,328,134,194,https://www.senat.fr/scrutin-public/2018/scr2018-119.html
2018-12,2018-11-07T23:00:00+00:00,sur l'ensemble de la proposition de loi portant création d'une Agence nationale de la cohésion des territoires,60123,335,225,212,13,https://www.senat.fr/scrutin-public/2018/scr2018-12.html
2018-120,2019-05-20T22:00:00+00:00,"sur l'amendement n° 3 rectifié ter, présenté par M. Vincent Delahaye et plusieurs de ses collègues tendant à supprimer l'article 2 du projet de loi, adopté par l'Assemblée nationale après engagement de la procédure accélérée, portant création d'une taxe sur les services numériques et modification de la trajectoire de baisse de l'impôt sur les sociétés",60824,322,320,157,163,https://www.senat.fr/scrutin-public/2018/scr2018-120.html
2018-121,2019-05-20T22:00:00+00:00,"sur l'article 2 du projet de loi, adopté par l'Assemblée nationale après engagement de la procédure accélérée, portant création d'une taxe sur les services numériques et modification de la trajectoire de baisse de l'impôt sur les sociétés",60824,323,322,163,159,https://www.senat.fr/scrutin-public/2018/scr2018-121.html
2018-122,2019-05-20T22:00:00+00:00,"sur l'ensemble du projet de loi, adopté par l'Assemblée nationale après engagement de la procédure accélérée, portant création d'une taxe sur les services numériques et modification de la trajectoire de baisse de l'impôt sur les sociétés",60824,341,184,180,4,https://www.senat.fr/scrutin-public/2018/scr2018-122.html
2018-123,2019-05-21T22:00:00+00:00,sur l'ensemble du texte élaboré par la commission mixte paritaire sur le projet de loi organique portant modification du statut d'autonomie de la Polynésie française,60443,341,341,341,0,https://www.senat.fr/scrutin-public/2018/scr2018-123.html
2018-124,2019-05-26T22:00:00+00:00,"sur l'amendement n° 15 rectifié, présenté par M. David Assouline et les membres du groupe socialiste et républicain, à l'article 2 du projet de loi, adopté par l'Assemblée nationale après engagement de la procédure accélérée, pour la conservation et la restauration de la cathédrale Notre-Dame de Paris et instituant une souscription nationale à cet effet",,340,300,101,199,https://www.senat.fr/scrutin-public/2018/scr2018-124.html
2018-125,2019-05-26T22:00:00+00:00,"sur les amendements identiques n° 4 rectifié bis, présenté par Mme Marta de Cidrac et plusieurs de ses collègues, n° 36 rectifié, présenté par Mme Céline Boulay-Espéronnier et plusieurs de ses collègues, et n° 52, présenté par M. Pierre Ouzoulias et les membres du groupe communiste républicain citoyen et écologiste, tendant à supprimer l'article 8 du projet de loi, adopté par l'Assemblée nationale après engagement de la procédure accélérée, pour la conservation et la restauration de la cathédrale Notre-Dame de Paris et instituant une souscription nationale à cet effet",,341,317,31,286,https://www.senat.fr/scrutin-public/2018/scr2018-125.html
2018-126,2019-06-02T22:00:00+00:00,"sur la motion n° 792, présentée par Mme Laurence Cohen et les membres du groupe communiste républicain citoyen et écologiste, tendant à poser la question préalable au projet de loi, adopté par l'Assemblée nationale après engagement de la procédure accélérée, relatif à l'organisation et à la transformation du système de santé",60705,341,270,16,254,https://www.senat.fr/scrutin-public/2018/scr2018-126.html
2018-127,2019-06-02T22:00:00+00:00,"sur l'amendement n° 712 rectifié, présenté par M. Bernard Jomier et les membres du groupe socialiste et républicain, à l'article 2 du projet de loi, adopté par l'Assemblée nationale après engagement de la procédure accélérée, relatif à l'organisation et à la transformation du système de santé",60705,305,305,104,201,https://www.senat.fr/scrutin-public/2018/scr2018-127.html
2018-128,2019-06-02T22:00:00+00:00,"sur le sous-amendement n° 419 rectifié, présenté par M. Jean-François Longeot au nom de la commission de l'aménagement du territoire et du développement durable, sur l'amendement n° 1 rectifié quater, présenté par Mme Corinne Imbert et plusieurs de ses collègues, à l'article 2 du projet de loi, adopté par l'Assemblée nationale après engagement de la procédure accélérée, relatif à l'organisation et à la transformation du système de santé",60705,306,289,35,254,https://www.senat.fr/scrutin-public/2018/scr2018-128.html
2018-129,2019-06-02T22:00:00+00:00,"sur les amendements identiques n° 1 rectifié quater, présenté par Mme Corinne Imbert et plusieurs de ses collègues, n° 542 rectifié quinquies, présenté par M. Daniel Chasseing et plusieurs de ses collègues, et n° 762 rectifié, présenté par M. Yves Daudigny et les membres du groupe socialiste et républicain, à l'article 2 du projet de loi, adopté par l'Assemblée nationale après engagement de la procédure accélérée, relatif à l'organisation et à la transformation du système de santé",60705,341,327,311,16,https://www.senat.fr/scrutin-public/2018/scr2018-129.html
2018-13,2018-11-07T23:00:00+00:00,sur l'ensemble de la proposition de loi organique relative à la nomination du directeur général de l'Agence nationale de la cohésion des territoires,,342,342,342,0,https://www.senat.fr/scrutin-public/2018/scr2018-13.html
2018-130,2019-06-03T22:00:00+00:00,"sur l'amendement n° 56 rectifié, présenté par Mme Sylviane Noël et plusieurs de ses collègues, à l'article 2 bis du projet de loi, adopté par l'Assemblée nationale après engagement de la procédure accélérée, relatif à l'organisation et à la transformation du système de santé",60705,340,321,35,286,https://www.senat.fr/scrutin-public/2018/scr2018-130.html
2018-131,2019-06-03T22:00:00+00:00,"sur les amendements identiques n° 423, présenté par M. Jean-François Longeot au nom de la commission de l'aménagement du territoire et du développement durable et n° 438 rectifié bis, présenté par M. Michel Vaspart et plusieurs de ses collègues, tendant à insérer un article additionnel après l'article 4 du projet de loi, adopté par l'Assemblée nationale après engagement de la procédure accélérée, relatif à l'organisation et à la transformation du système de santé",60705,341,328,299,29,https://www.senat.fr/scrutin-public/2018/scr2018-131.html
2018-132,2019-06-03T22:00:00+00:00,"sur les amendements identiques n° 179 rectifié, présenté par M. Joël Bigot et plusieurs de ses collègues, n° 365 rectifié bis, présenté par M. Raymond Vall et plusieurs de ses collègues, n° 422, présenté par M. Jean-François Longeot au nom de la commission de l'aménagement du territoire et du développement durable et n° 437 rectifié ter, présenté par M. Michel Vaspart et plusieurs de ses collègues, tendant à insérer un article additionnel après l'article 4 du projet de loi, adopté par l'Assemblée nationale après engagement de la procédure accélérée, relatif à l'organisation et à la transformation du système de santé",60705,316,257,100,157,https://www.senat.fr/scrutin-public/2018/scr2018-132.html
2018-133,2019-06-03T22:00:00+00:00,"sur l'amendement n° 232 rectifié quater, présenté par M. Martial Bourquin et plusieurs de ses collègues, tendant à insérer un article additionnel après l'article 4 du projet de loi, adopté par l'Assemblée nationale après engagement de la procédure accélérée, relatif à l'organisation et à la transformation du système de santé",60705,340,291,82,209,https://www.senat.fr/scrutin-public/2018/scr2018-133.html
2018-134,2019-06-03T22:00:00+00:00,"sur les amendements identiques n° 178 rectifié ter, présenté par M. Joël Bigot et plusieurs de ses collègues et n°421 rectifié présenté par M. Jean-François Longeot au nom de la commission de l'aménagement du territoire et du développement durable tendant à insérer un article additionnel après l'article 4 du projet de loi, adopté par l'Assemblée nationale après engagement de la procédure accélérée, relatif à l'organisation et à la transformation du système de santé",60705,339,286,102,184,https://www.senat.fr/scrutin-public/2018/scr2018-134.html
2018-135,2019-06-03T22:00:00+00:00,"sur l'amendement n° 233 rectifié quater, présenté par M. Martial Bourquin et plusieurs de ses collègues, tendant à insérer un article additionnel après l'article 4 du projet de loi, adopté par l'Assemblée nationale après engagement de la procédure accélérée, relatif à l'organisation et à la transformation du système de santé",60705,340,292,84,208,https://www.senat.fr/scrutin-public/2018/scr2018-135.html
2018-136,2019-06-03T22:00:00+00:00,"sur l'amendement n° 116 rectifié ter, présenté par M. Loïc Hervé et plusieurs de ses collègues, tendant à insérer un article additionnel après l'article 4 du projet de loi, adopté par l'Assemblée nationale après engagement de la procédure accélérée, relatif à l'organisation et à la transformation du système de santé",60705,340,286,61,225,https://www.senat.fr/scrutin-public/2018/scr2018-136.html
2018-137,2019-06-04T22:00:00+00:00,"sur l'amendement n° 168 rectifié quinquies, présenté par M. Jean-Pierre Moga et plusieurs de ses collègues, tendant à insérer un article additionnel après l'article 4 ter du projet de loi, adopté par l'Assemblée nationale après engagement de la procédure accélérée, relatif à l'organisation et à la transformation du système de santé",60705,342,246,38,208,https://www.senat.fr/scrutin-public/2018/scr2018-137.html
2018-138,2019-06-04T22:00:00+00:00,"sur l'amendement n° 122 rectifié bis, présenté par Mme Marie-Pierre Monier et plusieurs de ses collègues, tendant à insérer un article additionnel après l'article 4 ter du projet de loi, adopté par l'Assemblée nationale après engagement de la procédure accélérée, relatif à l'organisation et à la transformation du système de santé",60705,342,268,48,220,https://www.senat.fr/scrutin-public/2018/scr2018-138.html
2018-139,2019-06-04T22:00:00+00:00,"sur l'amendement n° 346 rectifié, présenté par Mme Laurence Cohen et les membres du groupe communiste républicain citoyen et écologiste, tendant à insérer un article additionnel après l'article 4 ter du projet de loi, adopté par l'Assemblée nationale après engagement de la procédure accélérée, relatif à l'organisation et à la transformation du système de santé",60705,341,261,42,219,https://www.senat.fr/scrutin-public/2018/scr2018-139.html
2018-14,2018-11-11T23:00:00+00:00,"sur la motion n° 608, présentée par Mme Laurence Cohen et les membres du groupe communiste républicain citoyen et écologiste, tendant à opposer l'exception d'irrecevabilité au projet de loi de financement de la sécurité sociale, adopté par l'Assemblée nationale, pour 2019",,341,341,16,325,https://www.senat.fr/scrutin-public/2018/scr2018-14.html
2018-140,2019-06-04T22:00:00+00:00,"sur l'amendement n° 309, présenté par Mme Laurence Cohen et les membres du groupe communiste républicain citoyen et écologiste, tendant à supprimer l'article 8 du projet de loi, adopté par l'Assemblée nationale après engagement de la procédure accélérée, relatif à l'organisation et à la transformation du système de santé",60705,341,265,33,232,https://www.senat.fr/scrutin-public/2018/scr2018-140.html
2018-141,2019-06-05T22:00:00+00:00,"sur l'amendement n° 774 rectifié, présenté par M. Daniel Gremillet et plusieurs de ses collègues, à l'article 8 du projet de loi, adopté par l'Assemblée nationale après engagement de la procédure accélérée, relatif à l'organisation et à la transformation du système de santé",60705,337,310,27,283,https://www.senat.fr/scrutin-public/2018/scr2018-141.html
2018-142,2019-06-05T22:00:00+00:00,"sur l'amendement n° 356 rectifié, présenté par Mme Maryse Carrère et plusieurs de ses collègues, à l'article 8 du projet de loi, adopté par l'Assemblée nationale après engagement de la procédure accélérée, relatif à l'organisation et à la transformation du système de santé",60705,341,339,38,301,https://www.senat.fr/scrutin-public/2018/scr2018-142.html
2018-143,2019-06-05T22:00:00+00:00,"sur l'amendement n° 311 rectifié, présenté par Mme Laurence Cohen et les membres du groupe communiste citoyen républicain et écologiste, à l'article 8 du projet de loi, adopté par l'Assemblée nationale après engagement de la procédure accélérée, relatif à l'organisation et à la transformation du système de santé",60705,341,326,22,304,https://www.senat.fr/scrutin-public/2018/scr2018-143.html
2018-144,2019-06-05T22:00:00+00:00,"sur l'amendement n° 775 rectifié, présenté par M. Daniel Gremillet et plusieurs de ses collègues, à l'article 8 du projet de loi, adopté par l'Assemblée nationale après engagement de la procédure accélérée, relatif à l'organisation et à la transformation du système de santé",60705,341,326,30,296,https://www.senat.fr/scrutin-public/2018/scr2018-144.html
2018-145,2019-06-06T22:00:00+00:00,"sur l'amendement n° 349, présenté par Mme Laurence Cohen et les membres du groupe communiste citoyen républicain et écologiste, tendant à insérer un article additionnel après l'article 27 du projet de loi, adopté par l'Assemblée nationale après engagement de la procédure accélérée, relatif à l'organisation et à la transformation du système de santé",60705,342,339,92,247,https://www.senat.fr/scrutin-public/2018/scr2018-145.html
2018-146,2019-06-06T22:00:00+00:00,"sur l'amendement n° 629 rectifié, présenté par Mme Laurence Rossignol et plusieurs de ses collègues, tendant à insérer un article additionnel après l'article 27 du projet de loi, adopté par l'Assemblée nationale après engagement de la procédure accélérée, relatif à l'organisation et à la transformation du système de santé",60705,342,319,89,230,https://www.senat.fr/scrutin-public/2018/scr2018-146.html
2018-147,2019-06-10T22:00:00+00:00,"sur la demande de seconde délibération de l'article 28 du projet de loi, adopté par l'Assemblée nationale après engagement de la procédure accélérée, relatif à l'organisation et à la transformation du système de santé",60705,320,319,232,87,https://www.senat.fr/scrutin-public/2018/scr2018-147.html
2018-148,2019-06-10T22:00:00+00:00,"sur l'amendement n° A-1, présenté en seconde délibération par M. Alain Milon au nom de la commission des affaires sociales, tendant à supprimer l'article 28 du projet de loi, adopté par l'Assemblée nationale après engagement de la procédure accélérée, relatif à l'organisation et à la transformation du système de santé",60705,312,307,205,102,https://www.senat.fr/scrutin-public/2018/scr2018-148.html
2018-149,2019-06-10T22:00:00+00:00,"sur l'ensemble du projet de loi, adopté par l'Assemblée nationale après engagement de la procédure accélérée, relatif à l'organisation et à la transformation du système de santé",60705,335,312,219,93,https://www.senat.fr/scrutin-public/2018/scr2018-149.html
2018-15,2018-11-12T23:00:00+00:00,"sur l'amendement n° 404 rectifié bis, présenté par M. Yves Daudigny et les membres du groupe socialiste et républicain, et l'amendement n° 487, présenté par Mme Laurence Cohen et les membres du groupe communiste républicain citoyen et écologiste, tendant à supprimer l'article 8 du projet de loi de financement de la sécurité sociale, adopté par l'Assemblée nationale, pour 2019",,341,341,89,252,https://www.senat.fr/scrutin-public/2018/scr2018-15.html
2018-150,2019-06-12T22:00:00+00:00,"sur la déclaration de politique générale du Gouvernement, en application de l'article 49, alinéa 4, de la Constitution",,345,164,71,93,https://www.senat.fr/scrutin-public/2018/scr2018-150.html
2018-151,2019-06-19T22:00:00+00:00,"sur l'amendement n° 5 rectifié, présenté par M. Jean-Claude Requier et plusieurs de ses collègues, à l'article 2 de la proposition de loi, adoptée par l'Assemblée nationale en nouvelle lecture, portant création d'une Agence nationale de la cohésion des territoires",60123,340,252,22,230,https://www.senat.fr/scrutin-public/2018/scr2018-151.html
2018-152,2019-06-19T22:00:00+00:00,sur le texte élaboré par la commission mixte paritaire sur la proposition de loi organique relative à la nomination du directeur général de l'Agence nationale de la cohésion des territoires,,340,340,340,0,https://www.senat.fr/scrutin-public/2018/scr2018-152.html
2018-153,2019-06-19T22:00:00+00:00,"sur l'amendement n° 32, présenté par Mme Éliane Assassi et les membres du groupe communiste républicain citoyen et écologiste, et l'amendement n° 393, présenté par le Gouvernement, tendant à supprimer l'article 14 bis du projet de loi, adopté par l'Assemblée nationale après engagement de la procédure accélérée, de transformation de la fonction publique",,327,327,62,265,https://www.senat.fr/scrutin-public/2018/scr2018-153.html
2018-154,2019-06-19T22:00:00+00:00,"sur l'article 14 bis du projet de loi, adopté par l'Assemblée nationale après engagement de la procédure accélérée, de transformation de la fonction publique",,340,340,278,62,https://www.senat.fr/scrutin-public/2018/scr2018-154.html
2018-155,2019-06-25T22:00:00+00:00,sur l'ensemble de la proposition de loi organique visant à clarifier diverses dispositions du droit électoral,,343,342,269,73,https://www.senat.fr/scrutin-public/2018/scr2018-155.html
2018-156,2019-06-25T22:00:00+00:00,"sur l'amendement n° 434 rectifié, présenté par Mme Christine Lavarde et plusieurs de ses collègues, tendant à insérer un article additionnel après l'article 20 bis du projet de loi, adopté par l'Assemblée nationale après engagement de la procédure accélérée, de transformation de la fonction publique",,327,300,193,107,https://www.senat.fr/scrutin-public/2018/scr2018-156.html
2018-157,2019-06-25T22:00:00+00:00,"sur l'amendement n° 366 rectifié bis, présenté par M. François-Noël Buffet et plusieurs de ses collègues, tendant à insérer un article additionnel après l'article 20 bis du projet de loi, adopté par l'Assemblée nationale après engagement de la procédure accélérée, de transformation de la fonction publique",,327,312,197,115,https://www.senat.fr/scrutin-public/2018/scr2018-157.html
2018-158,2019-06-25T22:00:00+00:00,"sur les amendements identiques n° 38, présenté par Mme Éliane Assassi et les membres du groupe communiste républicain citoyen et écologiste, et n° 159 rectifié bis, présenté par M. Didier Marie et les membres du groupe socialiste et républicain, tendant à supprimer l'article 22 du projet de loi, adopté par l'Assemblée nationale après engagement de la procédure accélérée, de transformation de la fonction publique",,328,328,107,221,https://www.senat.fr/scrutin-public/2018/scr2018-158.html
2018-159,2019-07-01T22:00:00+00:00,"sur la motion n° 23, présentée par Mme Céline Brulin et les membres du groupe communiste républicain citoyen et écologiste, tendant à opposer la question préalable au projet de loi portant ratification de l'ordonnance n° 2019-207 du 20 mars 2019 relative aux voies réservées et à la police de la circulation pour les jeux Olympiques et Paralympiques de 2024",,340,268,16,252,https://www.senat.fr/scrutin-public/2018/scr2018-159.html
2018-16,2018-11-13T23:00:00+00:00,"sur l'amendement n° 195 rectifié bis, présenté par M. Laurent Duplomb et plusieurs de ses collègues, l'amendement n° 379, présenté par Mme Cécile Cukierman et l'amendement n° 458 rectifié bis, présenté par M. Henri Cabanel et les membres du groupe socialiste et républicain, à l'article 8 du projet de loi de financement de la sécurité sociale, adopté par l'Assemblée nationale, pour 2019",,342,340,321,19,https://www.senat.fr/scrutin-public/2018/scr2018-16.html
2018-160,2019-07-01T22:00:00+00:00,"sur les amendements identiques n° 5, présenté par M. Jean-Jacques Lozach et les membres du groupe socialiste et républicain, et n° 24, présenté par Mme Céline Brulin et les membres du groupe communiste républicain citoyen et écologiste, tendant à supprimer l'article 3 du projet de loi portant ratification de l'ordonnance n° 2019-207 du 20 mars 2019 relative aux voies réservées et à la police de la circulation pour les jeux Olympiques et Paralympiques de 2024",,341,341,88,253,https://www.senat.fr/scrutin-public/2018/scr2018-160.html
2018-161,2019-07-02T22:00:00+00:00,sur l'article unique du projet de loi autorisant la ratification du traité entre la République française et la République fédérale d'Allemagne sur la coopération et l'intégration franco-allemandes (procédure accélérée),,342,342,326,16,https://www.senat.fr/scrutin-public/2018/scr2018-161.html
2018-162,2019-07-02T22:00:00+00:00,"Sur l'ensemble de la proposition de loi, modifiée par l'Assemblée nationale en première lecture, tendant à créer un droit voisin au profit des agences de presse et des éditeurs de presse",59963,341,341,341,0,https://www.senat.fr/scrutin-public/2018/scr2018-162.html
2018-163,2019-07-08T22:00:00+00:00,"sur les amendements identiques n° 17 rectifié ter, présenté M. Joël Guerriau et plusieurs de ses collègues, n° 21, présenté par le Gouvernement, n° 26 rectifié, présenté par M. Patrick Kanner et les membres du groupe socialiste et républicain, et n° 48, présenté par M. Thani Mohamed Soilihi et les membres du groupe La République En Marche, tendant à rétablir l'article 4 bis de la proposition de loi, adoptée par l'Assemblée nationale, visant à améliorer la trésorerie des associations",60177,342,319,113,206,https://www.senat.fr/scrutin-public/2018/scr2018-163.html
2018-164,2019-07-10T22:00:00+00:00,sur l'ensemble du projet de loi de règlement du budget et d'approbation des comptes de l'année 2018,,340,310,98,212,https://www.senat.fr/scrutin-public/2018/scr2018-164.html
2018-165,2019-07-15T22:00:00+00:00,sur le texte élaboré par la commission mixte paritaire sur le projet de loi organique modifiant la loi organique n° 2010-837 du 23 juillet 2010 relative à l'application du cinquième alinéa de l'article 13 de la Constitution,73549,342,337,337,0,https://www.senat.fr/scrutin-public/2018/scr2018-165.html
2018-166,2019-07-15T22:00:00+00:00,"sur l'amendement n° 254, présenté par M. Fabien Gay et les membres du groupe communiste républicain citoyen et écologiste, tendant à insérer un article additionnel avant l'article 1er du projet de loi, adopté par l'Assemblée nationale après engagement de la procédure accélérée, relatif à l'énergie et au climat",61124,341,339,98,241,https://www.senat.fr/scrutin-public/2018/scr2018-166.html
2018-167,2019-07-16T22:00:00+00:00,"sur les amendements identiques n° 11 rectifié, présenté par M. Jean-François Longeot et plusieurs de ses collègues, n° 273, présenté par M. Fabien Gay et les membres du groupe communiste républicain citoyen et écologiste, et n° 383 rectifié bis, présenté par M. Franck Menonville et plusieurs de ses collègues, à l'article 3 bis du projet de loi, adopté par l'Assemblée nationale après engagement de la procédure accélérée, relatif à l'énergie et au climat",61124,342,342,174,168,https://www.senat.fr/scrutin-public/2018/scr2018-167.html
2018-168,2019-07-17T22:00:00+00:00,"sur les amendements identiques n°s 12 rectifié bis, présenté par M. Jean-François Longeot et plusieurs de ses collègues, 77 rectifié, présenté par M. Stéphane Piednoir et plusieurs de ses collègues, 110, présenté par M. Roland Courteau et les membres du groupe socialiste et républicain, 274, présenté par M. Fabien Gay et les membres du groupe communiste républicain citoyen et écologiste, 319 rectifié, présenté par M. Ronan Dantec et plusieurs de ses collègues, et 397 rectifié bis, présenté par M. Jérôme Bignon et plusieurs de ses collègues, à l'article 3 septies du projet de loi, adopté par l'Assemblée nationale après engagement de la procédure accélérée, relatif à l'énergie et au climat",61124,342,328,114,214,https://www.senat.fr/scrutin-public/2018/scr2018-168.html
2018-169,2019-07-17T22:00:00+00:00,"sur les amendements identiques n°s 10 rectifié ter, présenté par M. Jean-François Longeot et plusieurs de ses collègues, 167, présenté par M. Roland Courteau et les membres du groupe socialiste et républicain, 286, présenté par M. Fabien Gay et les membres du groupe communiste républicain citoyen et écologiste, 370 rectifié, présenté par M. Jean-Pierre Corbisez et plusieurs de ses collègues, et 381 rectifié bis, présenté par M. Franck Menonville et plusieurs de ses collègues, tendant à insérer un article additionnel après l'article 5 du projet de loi, adopté par l'Assemblée nationale après engagement de la procédure accélérée, relatif à l'énergie et au climat",61124,340,337,126,211,https://www.senat.fr/scrutin-public/2018/scr2018-169.html
2018-17,2018-11-14T23:00:00+00:00,"sur l'amendement n° 382 rectifié bis, présenté par M. Yves Daudigny et les membres du groupe socialiste et républicain, et l'amendement n° 511, présenté par Mme Laurence Cohen et les membres du groupe communiste républicain citoyen et écologiste, tendant à supprimer l'article 19 du projet de loi de financement de la sécurité sociale, adopté par l'Assemblée nationale, pour 2019",,342,342,88,254,https://www.senat.fr/scrutin-public/2018/scr2018-17.html
2018-170,2019-07-17T22:00:00+00:00,"sur l'ensemble du projet de loi, adopté par l'Assemblée nationale après engagement de la procédure accélérée, relatif à l'énergie et au climat",61124,342,243,227,16,https://www.senat.fr/scrutin-public/2018/scr2018-170.html
2018-171,2019-07-22T22:00:00+00:00,"sur l'ensemble du projet de loi relatif aux compétences de la Collectivité européenne d'Alsace dans la rédaction du texte proposé par la commission mixte paritaire, modifié par un amendement du Sénat avec accord du Gouvernement",60763,343,267,212,55,https://www.senat.fr/scrutin-public/2018/scr2018-171.html
2018-172,2019-07-22T22:00:00+00:00,"sur l'ensemble du projet de loi de règlement du budget et d'approbation des comptes de l'année 2018, adopté par l'Assemblée nationale en nouvelle lecture",,339,315,98,217,https://www.senat.fr/scrutin-public/2018/scr2018-172.html
2018-173,2019-09-25T22:00:00+00:00,"sur l'amendement n° 551, présenté par le Gouvernement, à l'article 8 bis du projet de loi relatif à la lutte contre le gaspillage et à l'économie circulaire",61625,343,307,7,300,https://www.senat.fr/scrutin-public/2018/scr2018-173.html
2018-174,2019-09-25T22:00:00+00:00,sur l'article 8 bis du projet de loi relatif à la lutte contre le gaspillage et à l'économie circulaire,61625,342,342,342,0,https://www.senat.fr/scrutin-public/2018/scr2018-174.html
2018-175,2019-09-26T22:00:00+00:00,"sur les amendements identiques n° 29 rectifié quater, présenté par M. Daniel Chasseing et plusieurs de ses collègues, et 674 rectifié bis, présenté par M. Joël Labbé et plusieurs de ses collègues, à l'article 10 du projet de loi relatif à la lutte contre le gaspillage et à l'économie circulaire",61625,343,274,54,220,https://www.senat.fr/scrutin-public/2018/scr2018-175.html
2018-176,2019-09-26T22:00:00+00:00,"sur les amendements identiques n°s 9 rectifié ter, présenté par M. Jean-François Longeot et plusieurs de ses collègues, et 556 rectifié quater, présenté par Mme Élisabeth Lamure et plusieurs de ses collègues, à l'article 10 du projet de loi relatif à la lutte contre le gaspillage et à l'économie circulaire",61625,343,274,256,18,https://www.senat.fr/scrutin-public/2018/scr2018-176.html
2018-177,2019-09-26T22:00:00+00:00,"sur l'amendement n° 149 rectifié, présenté par M. Guillaume Gontard et plusieurs de ses collègues, à l'article 10 du projet de loi relatif à la lutte contre le gaspillage et à l'économie circulaire",61625,341,317,104,213,https://www.senat.fr/scrutin-public/2018/scr2018-177.html
2018-178,2019-09-26T22:00:00+00:00,"sur l'amendement n° 444 rectifié bis, présenté par Mme Angèle Préville et plusieurs de ses collègues, tendant à insérer un article additionnel après l'article 10 du projet de loi relatif à la lutte contre le gaspillage et à l'économie circulaire",61625,343,343,106,237,https://www.senat.fr/scrutin-public/2018/scr2018-178.html
2018-179,2019-09-26T22:00:00+00:00,"sur l'amendement A-1, présenté en seconde délibération par Mme Marta de Cidrac au nom de la commission de l'aménagement du territoire et du développement durable, à l'article 8 bis du projet de loi relatif à la lutte contre le gaspillage et à l'économie circulaire",61625,343,329,241,88,https://www.senat.fr/scrutin-public/2018/scr2018-179.html
2018-18,2018-11-14T23:00:00+00:00,"sur la troisième partie du projet de loi de financement de la sécurité sociale, adopté par l'Assemblée nationale, pour 2019",,342,342,232,110,https://www.senat.fr/scrutin-public/2018/scr2018-18.html
2018-180,2019-09-26T22:00:00+00:00,"sur l'amendement n° A-2, présenté en seconde délibération par le Gouvernement, à l'article 10 du projet de loi relatif à la lutte contre le gaspillage et à l'économie circulaire",61625,343,305,194,111,https://www.senat.fr/scrutin-public/2018/scr2018-180.html
2018-181,2019-09-26T22:00:00+00:00,sur l'ensemble du projet de loi relatif à la lutte contre le gaspillage et à l'économie circulaire,61625,343,343,342,1,https://www.senat.fr/scrutin-public/2018/scr2018-181.html
2018-19,2018-11-15T23:00:00+00:00,"sur l'amendement n° 93, présenté par M. René-Paul Savary au nom de la commission des affaires sociales, tendant à insérer un article additionnel avant l'article 44 du projet de loi de financement de la sécurité sociale, adopté par l'Assemblée nationale, pour 2019",,340,308,197,111,https://www.senat.fr/scrutin-public/2018/scr2018-19.html
2018-2,2018-10-15T22:00:00+00:00,"sur l'ensemble du projet de loi portant évolution du logement, de l'aménagement et du numérique, dans la rédaction du texte proposé par la commission mixte paritaire, modifié par les amendements du Gouvernement",,344,328,201,127,https://www.senat.fr/scrutin-public/2018/scr2018-2.html
2018-20,2018-11-19T23:00:00+00:00,"sur l'ensemble du projet de loi de financement de la sécurité sociale, adopté par l'Assemblée nationale, pour 2019",,346,306,181,125,https://www.senat.fr/scrutin-public/2018/scr2018-20.html
2018-21,2018-11-19T23:00:00+00:00,sur l'ensemble de la proposition de loi visant à lutter contre l'exposition précoce des enfants aux écrans,59964,335,335,333,2,https://www.senat.fr/scrutin-public/2018/scr2018-21.html
2018-22,2018-11-20T23:00:00+00:00,sur l'article 1er de la proposition de loi organique relative à l'élection des sénateurs,60102,342,336,137,199,https://www.senat.fr/scrutin-public/2018/scr2018-22.html
2018-23,2018-11-20T23:00:00+00:00,sur l'ensemble de la proposition de loi organique relative à l'élection des sénateurs,60102,342,334,128,206,https://www.senat.fr/scrutin-public/2018/scr2018-23.html
2018-24,2018-11-21T23:00:00+00:00,"sur la motion n° I-658, présentée par Mme Éliane Assassi et les membres du groupe communiste républicain citoyen et écologiste, tendant à opposer la question préalable au projet de loi de finances, adopté par l'Assemblée nationale, pour 2019",,343,343,16,327,https://www.senat.fr/scrutin-public/2018/scr2018-24.html
2018-25,2018-11-25T23:00:00+00:00,"sur l'amendement n° I-119 rectifié, présenté par M. Olivier Cigolotti et plusieurs de ses collègues, l'amendement n° I-179 rectifié bis, présenté par M. Jacques Genest et plusieurs de ses collègues, l'amendement n° I-190 rectifié bis, présenté par MM. François Calvet, Dominique de Legge et plusieurs de leurs collègues, l'amendement n° I-191 rectifié bis, présenté par M. Alain Fouché et plusieurs de ses collègues, l'amendement n° I-215 rectifié, présenté par Mme Maryse Carrère et plusieurs de ses collègues, l'amendement n° I-405, présenté par M. Claude Raynal et les membres du groupe socialiste et républicain, l'amendement n° I-465, présenté par Mme Cécile Cukierman et les membres du groupe communiste républicain citoyen et écologiste, et l'amendement n° I-917, présenté par Mme Sylviane Noël et plusieurs de ses collègues, tendant à supprimer l'article 19 du projet de loi de finances, adopté par l'Assemblée nationale, pour 2019",,341,320,120,200,https://www.senat.fr/scrutin-public/2018/scr2018-25.html
2018-26,2018-11-26T23:00:00+00:00,"sur la motion n° 1, présentée par M. Albéric de Montgolfier au nom de la commission des finances, tendant à opposer la question préalable au projet de loi de finances rectificative, adopté par l'Assemblée nationale en nouvelle lecture, pour 2018",,344,269,207,62,https://www.senat.fr/scrutin-public/2018/scr2018-26.html
2018-27,2018-11-26T23:00:00+00:00,"sur l'amendement n° I-974 rectifié, présenté par M. Olivier Léonhardt et plusieurs de ses collègues, tendant à insérer un article additionnel après l'article 2 quinquies du projet de loi de finances, adopté par l'Assemblée nationale, pour 2019",,342,339,113,226,https://www.senat.fr/scrutin-public/2018/scr2018-27.html
2018-28,2018-11-27T23:00:00+00:00,"sur l'amendement n° I-393 rectifié, présenté par M. Claude Raynal et les membres du groupe socialiste et républicain, tendant à insérer un article additionnel après l'article 16 septies du projet de loi de finances, adopté par l'Assemblée nationale, pour 2019",,342,320,96,224,https://www.senat.fr/scrutin-public/2018/scr2018-28.html
2018-29,2018-11-28T23:00:00+00:00,"sur la motion n° 6, présentée par M. Jean-Marie Vanlerenberghe au nom de la commission des affaires sociales, tendant à opposer la question préalable au projet de loi de financement de la sécurité sociale, adopté par l'Assemblée nationale en nouvelle lecture, pour 2019",,343,243,198,45,https://www.senat.fr/scrutin-public/2018/scr2018-29.html
2018-3,2018-10-22T22:00:00+00:00,sur l'ensemble du projet de loi de programmation 2018-2022 et de réforme pour la justice (procédure accélérée),,344,247,228,19,https://www.senat.fr/scrutin-public/2018/scr2018-3.html
2018-30,2018-11-28T23:00:00+00:00,"sur l'ensemble de la première partie du projet de loi de finances, adopté par l'Assemblée nationale, pour 2019",,341,298,206,92,https://www.senat.fr/scrutin-public/2018/scr2018-30.html
2018-31,2018-11-29T23:00:00+00:00,"sur l'amendement n° II-221 rectifié ter, présenté par M. Franck Montaugé et les membres du groupe socialiste et républicain, et l'amendement n° II-252, présenté par M. Fabien Gay et les membres du groupe communiste républicain citoyen et écologiste, à l'article 41 (crédits du compte spécial) (État D) du projet de loi de finances, adopté par l'Assemblée nationale, pour 2019",,296,278,101,177,https://www.senat.fr/scrutin-public/2018/scr2018-31.html
2018-32,2018-12-01T23:00:00+00:00,"sur les crédits de la mission ""écologie, développement et mobilité durables"" figurant à l'état B du projet de loi de finances, adopté par l'Assemblée nationale, pour 2019",,342,317,35,282,https://www.senat.fr/scrutin-public/2018/scr2018-32.html
2018-33,2018-12-02T23:00:00+00:00,"sur les crédits de la mission ""outre-mer"" figurant à l'état B du projet de loi de finances, adopté par l'Assemblée nationale, pour 2019",,342,236,216,20,https://www.senat.fr/scrutin-public/2018/scr2018-33.html
2018-34,2018-12-05T23:00:00+00:00,"sur l'amendement n° II-35, présenté par M. Alain Joyandet au nom de la commission des finances, à l'article 39 (crédits de la mission) (État B) du projet de loi de finances, adopté par l'Assemblée nationale, pour 2019",,340,305,154,151,https://www.senat.fr/scrutin-public/2018/scr2018-34.html
2018-35,2018-12-05T23:00:00+00:00,"sur l'amendement n° II-43, présenté par M. Alain Joyandet au nom de la commission des finances, tendant à insérer un article additionnel avant l'article 81 quater du projet de loi de finances, adopté par l'Assemblée nationale, pour 2019",,338,302,152,150,https://www.senat.fr/scrutin-public/2018/scr2018-35.html
2018-36,2018-12-10T23:00:00+00:00,"sur l'amendement n° C-2, présenté par le Gouvernement, à l'article 82 du projet de loi de finances, adopté par l'Assemblée nationale, pour 2019",,347,328,328,0,https://www.senat.fr/scrutin-public/2018/scr2018-36.html
2018-37,2018-12-10T23:00:00+00:00,"sur l'ensemble du projet de loi de finances, adopté par l'Assemblée nationale, pour 2019",,344,298,200,98,https://www.senat.fr/scrutin-public/2018/scr2018-37.html
2018-38,2018-12-10T23:00:00+00:00,"sur l'ensemble de la proposition de résolution visant à préserver l'ordonnancement juridique relatif au port du voile intégral dans l'espace public, présentée en application de l'article 34-1 de la Constitution",60213,253,236,236,0,https://www.senat.fr/scrutin-public/2018/scr2018-38.html
2018-39,2018-12-11T23:00:00+00:00,"sur l'amendement n° 1, présenté par M. Jean-Pierre Grand, et l'amendement n° 14 rectifié, présenté par M. Alain Marc et plusieurs de ses collègues, tendant à supprimer l'article unique de la proposition de loi, adoptée par l'Assemblée nationale, instituant des funérailles républicaines",,342,321,208,113,https://www.senat.fr/scrutin-public/2018/scr2018-39.html
2018-4,2018-10-22T22:00:00+00:00,sur l'ensemble du projet de loi organique relatif au renforcement de l'organisation des juridictions (procédure accélérée),59260,345,320,303,17,https://www.senat.fr/scrutin-public/2018/scr2018-4.html
2018-40,2018-12-11T23:00:00+00:00,"sur l'ensemble de la proposition de résolution en faveur de la création de paiements pour services environnementaux rendus par les agriculteurs, présentée en application de l'article 34-1 de la Constitution",,343,328,131,197,https://www.senat.fr/scrutin-public/2018/scr2018-40.html
2018-41,2018-12-18T23:00:00+00:00,"sur la motion n° I-9, présentée par M. Albéric de Montgolfier au nom de la commission des finances, tendant à opposer la question préalable au projet de loi de finances, adopté par l'Assemblée nationale en nouvelle lecture, pour 2019",,343,211,188,23,https://www.senat.fr/scrutin-public/2018/scr2018-41.html
2018-42,2019-01-21T23:00:00+00:00,sur l'ensemble de la proposition de loi organique tendant à actualiser les dispositions applicables aux élections organisées à l'étranger,60166,344,344,327,17,https://www.senat.fr/scrutin-public/2018/scr2018-42.html
2018-43,2019-01-22T23:00:00+00:00,"sur l'amendement n° 1 rectifié ter, présenté par Mme Nadia Sollogoub et plusieurs de ses collègues, tendant à insérer un article additionnel avant l'article unique de la proposition de loi relative à l'aménagement du permis à points dans la perspective de l'abaissement de la limitation de vitesse à 80 km/h sur le réseau secondaire",59183,344,344,84,260,https://www.senat.fr/scrutin-public/2018/scr2018-43.html
2018-44,2019-01-22T23:00:00+00:00,sur l'article unique de la proposition de loi relative à l'aménagement du permis à points dans la perspective de l'abaissement de la limitation de vitesse à 80 km/h sur le réseau secondaire,59183,339,339,84,255,https://www.senat.fr/scrutin-public/2018/scr2018-44.html
2018-45,2019-01-23T23:00:00+00:00,sur l'ensemble de la proposition de loi tendant à créer un droit voisin au profit des agences de presse et des éditeurs de presse,59963,343,343,343,0,https://www.senat.fr/scrutin-public/2018/scr2018-45.html
2018-46,2019-01-28T23:00:00+00:00,"sur la motion n° 919, présentée par M. Fabien Gay, Mme Cathy Apourceau-Poly et les membres du groupe communiste républicain citoyen et écologiste tendant à opposer la question préalable au projet de loi, adopté par l'Assemblée nationale après engagement de la procédure accélérée, relatif à la croissance et la transformation des entreprises",59644,343,269,16,253,https://www.senat.fr/scrutin-public/2018/scr2018-46.html
2018-47,2019-01-28T23:00:00+00:00,"sur l'amendement n° 371, présenté par M. Jean-Louis Tourenne et les membres du groupe socialiste et républicain, l'amendement n° 657, présenté par M. Fabien Gay et les membres du groupe communiste républicain citoyen et écologiste, l'amendement n° 739, présenté par M. Richard Yung et les membres du groupe La République en Marche et l'amendement n° 903, présenté par le Gouvernement, tendant à supprimer l'article 6 bis A du projet de loi, adopté par l'Assemblée nationale après engagement de la procédure accélérée, relatif à la croissance et la transformation des entreprises",59644,344,344,135,209,https://www.senat.fr/scrutin-public/2018/scr2018-47.html
2018-48,2019-02-04T23:00:00+00:00,"sur l'amendement n° 177 rectifié, présenté par M. Roger Karoutchi et plusieurs de ses collègues, l'amendement n° 224 rectifié, présenté par M. Fabien Gay et les membres du groupe communiste républicain citoyen et écologiste, l'amendement n° 348 rectifié bis, présenté par M. Jean-Raymond Hugonet et plusieurs de ses collègues et l'amendement n° 393 rectifié, présenté par M. Martial Bourquin et les membres du groupe socialiste et républicain, tendant à supprimer l'article 44 du projet de loi, adopté par l'Assemblée nationale après engagement de la procédure accélérée, relatif à la croissance et la transformation des entreprises",59644,343,324,246,78,https://www.senat.fr/scrutin-public/2018/scr2018-48.html
2018-49,2019-02-04T23:00:00+00:00,"sur l'amendement n° 227 rectifié, présenté par M. Fabien Gay et les membres du groupe communiste républicain citoyen et écologiste et l'amendement n° 396 rectifié, présenté par M. Martial Bourquin et les membres du groupe socialiste et républicain, tendant à supprimer l'article 47 du projet de loi, adopté par l'Assemblée nationale après engagement de la procédure accélérée, relatif à la croissance et la transformation des entreprises",59644,343,341,90,251,https://www.senat.fr/scrutin-public/2018/scr2018-49.html
2018-5,2018-10-22T22:00:00+00:00,"sur l'ensemble de la proposition de loi, modifiée par l'Assemblée nationale, relative à l'accueil des gens du voyage et à la lutte contre les installations illicites",,342,316,308,8,https://www.senat.fr/scrutin-public/2018/scr2018-5.html
2018-50,2019-02-05T23:00:00+00:00,"sur l'amendement n° 232 rectifié, présenté par M. Fabien Gay et les membres du groupe communiste républicain citoyen et écologiste et l'amendement n° 400 rectifié, présenté par M. Martial Bourquin et les membres du groupe socialiste et républicain, tendant à supprimer l'article 52 du projet de loi, adopté par l'Assemblée nationale après engagement de la procédure accélérée, relatif à la croissance et la transformation des entreprises",59644,345,343,92,251,https://www.senat.fr/scrutin-public/2018/scr2018-50.html
2018-51,2019-02-05T23:00:00+00:00,"sur l'amendement n° 675, présenté par M. Fabien Gay et les membres du groupe communiste républicain citoyen et écologiste, tendant à supprimer l'article 57 du projet de loi, adopté par l'Assemblée nationale après engagement de la procédure accélérée, relatif à la croissance et la transformation des entreprises",59644,344,344,16,328,https://www.senat.fr/scrutin-public/2018/scr2018-51.html
2018-52,2019-02-05T23:00:00+00:00,"sur l'amendement n° 166 rectifié, présenté par M. Jean-Claude Requier et plusieurs de ses collègues, l'amendement n° 337, présenté par M. Jean-Louis Tourenne et les membres du groupe socialiste et républicain, et l'amendement n° 650, présenté par Mme Marie-Noëlle Lienemann et les membres du groupe communiste républicain citoyen et écologiste, à l'article 57 du projet de loi, adopté par l'Assemblée nationale après engagement de la procédure accélérée, relatif à la croissance et la transformation des entreprises",59644,343,343,111,232,https://www.senat.fr/scrutin-public/2018/scr2018-52.html
2018-53,2019-02-05T23:00:00+00:00,"sur l'amendement n° 827 rectifié bis, présenté par M. Jean-Marc Gabouty et plusieurs de ses collègues, tendant à insérer un article additionnel après l'article 57 du projet de loi, adopté par l'Assemblée nationale après engagement de la procédure accélérée, relatif à la croissance et la transformation des entreprises",59644,344,344,112,232,https://www.senat.fr/scrutin-public/2018/scr2018-53.html
2018-54,2019-02-11T23:00:00+00:00,"sur l'ensemble du projet de loi, adopté par l'Assemblée nationale après engagement de la procédure accélérée, relatif à la croissance et la transformation des entreprises",59644,346,324,206,118,https://www.senat.fr/scrutin-public/2018/scr2018-54.html
2018-55,2019-02-11T23:00:00+00:00,"sur l'ensemble du projet de loi organique, adopté par l'Assemblée nationale en nouvelle lecture, relatif au renforcement de l'organisation des juridictions",59260,344,297,279,18,https://www.senat.fr/scrutin-public/2018/scr2018-55.html
2018-56,2019-02-18T23:00:00+00:00,sur l'ensemble du projet de loi organique portant modification du statut d'autonomie de la Polynésie française (procédure accélérée),60443,344,343,343,0,https://www.senat.fr/scrutin-public/2018/scr2018-56.html
2018-57,2019-02-19T23:00:00+00:00,sur l'ensemble de la proposition de loi visant à faciliter le désenclavement des territoires,60499,345,305,305,0,https://www.senat.fr/scrutin-public/2018/scr2018-57.html
2018-58,2019-02-20T23:00:00+00:00,"sur l'amendement n° 24 rectifié, présenté par M. Jean-Pierre Sueur et les membres du groupe socialiste et républicain, tendant à insérer un article additionnel avant l'article 1er de la proposition de loi, adoptée par l'Assemblée nationale, visant à encadrer le démarchage téléphonique et à lutter contre les appels frauduleux",60139,327,327,113,214,https://www.senat.fr/scrutin-public/2018/scr2018-58.html
2018-59,2019-03-05T23:00:00+00:00,"sur l'amendement n° 3, présenté par M. Henri Cabanel et les membres du groupe socialiste et républicain, tendant à supprimer l'article 5 de la proposition de loi, adoptée par l'Assemblée nationale, pour la protection des activités agricoles et des cultures marines en zone littorale",,342,342,147,195,https://www.senat.fr/scrutin-public/2018/scr2018-59.html
2018-6,2018-10-23T22:00:00+00:00,sur l'article 1er de la proposition de loi portant suppression de la prise en compte des revenus du conjoint dans la base de calcul de l'allocation aux adultes handicapés,59226,343,270,99,171,https://www.senat.fr/scrutin-public/2018/scr2018-6.html
2018-60,2019-03-06T23:00:00+00:00,"sur l'amendement n° 1, présenté par M. Jean-Pierre Grand, à l'article 1er de la proposition de loi relative à la nationalisation des sociétés concessionnaires d'autoroutes et à l'affectation des dividendes à l'Agence de financement des infrastructures de transport de France",60536,342,341,248,93,https://www.senat.fr/scrutin-public/2018/scr2018-60.html
2018-61,2019-03-06T23:00:00+00:00,"sur l'amendement n° 2, présenté par M. Jean-Pierre Grand, tendant à supprimer l'article 1er de la proposition de loi visant à interdire l'usage des lanceurs de balles de défense dans le cadre du maintien de l'ordre et à engager une réflexion sur les stratégies de désescalade et les alternatives pacifiques possibles à l'emploi de la force publique dans ce cadre",60582,342,341,248,93,https://www.senat.fr/scrutin-public/2018/scr2018-61.html
2018-62,2019-03-06T23:00:00+00:00,sur l'article 2 de la proposition de loi visant à interdire l'usage des lanceurs de balles de défense dans le cadre du maintien de l'ordre et à engager une réflexion sur les stratégies de désescalade et les alternatives pacifiques possibles à l'emploi de la force publique dans ce cadre,60582,342,342,93,249,https://www.senat.fr/scrutin-public/2018/scr2018-62.html
2018-63,2019-03-11T23:00:00+00:00,"sur la motion n° 1, présentée par M. Patrick Kanner et les membres du groupe socialiste et républicain, tendant à opposer l'exception d'irrecevabilité à la proposition de loi, modifiée par l'Assemblée nationale, visant à renforcer et garantir le maintien de l'ordre public lors des manifestations",59608,344,332,90,242,https://www.senat.fr/scrutin-public/2018/scr2018-63.html
2018-64,2019-03-11T23:00:00+00:00,"sur l'amendement n° 23, présenté par Mme Éliane Assassi et les membres du groupe communistre républicain citoyen et écologiste, tendant à supprimer l'article 3 bis de la proposition de loi, modifiée par l'Assemblée nationale, visant à renforcer et garantir le maintien de l'ordre public lors des manifestations",59608,330,324,104,220,https://www.senat.fr/scrutin-public/2018/scr2018-64.html
2018-65,2019-03-11T23:00:00+00:00,"sur l'ensemble de la proposition de loi, modifiée par l'Assemblée nationale, visant à renforcer et garantir le maintien de l'ordre public lors des manifestations",59608,343,325,210,115,https://www.senat.fr/scrutin-public/2018/scr2018-65.html
2018-66,2019-03-13T23:00:00+00:00,"sur l'ensemble de la proposition de résolution pour soutenir la lutte contre le mariage des enfants, les grossesses précoces et les mutilations sexuelles féminines, présentée en application de l'article 34-1 de la Constitution",,343,343,343,0,https://www.senat.fr/scrutin-public/2018/scr2018-66.html
2018-67,2019-03-19T23:00:00+00:00,"sur l'amendement n° 386 rectifié bis, présenté par Mme Michèle Vullien et plusieurs de ses collègues, et l'amendement n° 630 rectifié, présenté par M. Claude Bérit-Débat et les membres du groupe socialiste et républicain, tendant à insérer un article additionnel après l'article 1er du projet de loi d'orientation des mobilités (procédure accélérée)",,342,333,109,224,https://www.senat.fr/scrutin-public/2018/scr2018-67.html
2018-68,2019-03-20T23:00:00+00:00,"sur l'amendement n° 240 rectifié bis, présenté par Mme Michèle Vullien et plusieurs de ses collègues, et l'amendement n° 483 rectifié, présenté par M. Ronan Dantec et plusieurs de ses collègues, à l'article 5 du projet de loi d'orientation des mobilités (procédure accélérée)",,342,245,26,219,https://www.senat.fr/scrutin-public/2018/scr2018-68.html
2018-69,2019-03-25T23:00:00+00:00,"sur l'amendement n° 800 rectifié, présenté par M. Fréderic Marchand et les membres du groupe La République En Marche, tendant à insérer un article additionnel avant  l'article 21 du projet de loi d'orientation des mobilités (procédure accélérée)",,342,325,119,206,https://www.senat.fr/scrutin-public/2018/scr2018-69.html
2018-7,2018-10-24T22:00:00+00:00,sur l'ensemble de la proposition de loi visant à favoriser la reconnaissance des proches aidants : un enjeu social et sociétal majeur,59584,344,323,323,0,https://www.senat.fr/scrutin-public/2018/scr2018-7.html
2018-70,2019-03-26T23:00:00+00:00,"sur l'amendement n° 165, présenté par Mme Éliane Assassi et les membres du groupe communiste républicain citoyen et écologiste, et l'amendement n° 611 rectifié, présenté par M. Claude Bérit-Débat et les membres du groupe socialiste et républicain, à l'article 26 du projet de loi d'orientation des mobilités (procédure accélérée)",,342,335,106,229,https://www.senat.fr/scrutin-public/2018/scr2018-70.html
2018-71,2019-03-27T23:00:00+00:00,sur l'article 38 du projet de loi d'orientation des mobilités (procédure accélérée),,342,326,310,16,https://www.senat.fr/scrutin-public/2018/scr2018-71.html
2018-72,2019-03-27T23:00:00+00:00,"sur l'amendement n° 198, présenté par Mme Éliane Assassi et les membres du groupe communiste républicain citoyen et écologiste, l'amendement n° 620 rectifié, présenté par M. Jean-Michel Houllegatte et les membres du groupe socialiste et républicain, et l'amendement n° 943, présenté par le Gouvernement, tendant à supprimer l'article 44 bis du projet de loi d'orientation des mobilités (procédure accélérée)",,342,335,118,217,https://www.senat.fr/scrutin-public/2018/scr2018-72.html
2018-73,2019-04-01T22:00:00+00:00,sur l'ensemble du projet de loi d'orientation des mobilités (procédure accélérée),,345,266,248,18,https://www.senat.fr/scrutin-public/2018/scr2018-73.html
2018-74,2019-04-02T22:00:00+00:00,"sur l'amendement n° 19 rectifié bis, présenté par M. Daniel Gremillet et plusieurs de ses collègues, et l'amendement n° 38, présenté par Mme Anne-Catherine Loisier, au nom de la commission des affaires économiques, à l'article 3 de la proposition de loi portant diverses dispositions relatives aux mentions et signes de la qualité et de l'origine valorisant les produits agricoles ou alimentaires",60723,342,342,197,145,https://www.senat.fr/scrutin-public/2018/scr2018-74.html
2018-75,2019-04-08T22:00:00+00:00,"sur la motion n° 1, présentée par M. Michel Canevet et plusieurs de ses collègues, au nom de la commission spéciale, tendant à opposer la question préalable au projet de loi, adopté par l'Assemblée nationale en nouvelle lecture, relatif à la croissance et la transformation des entreprises",59644,251,241,191,50,https://www.senat.fr/scrutin-public/2018/scr2018-75.html
2018-76,2019-04-09T22:00:00+00:00,"sur l'amendement n° 8 rectifié, présenté par M. Ronan Dantec et plusieurs de ses collègues, l'amendement n° 68, présenté par le Gouvernement, l'amendement n° 143 rectifié, présenté par M. Jean-Michel Houllegatte et plusieurs de ses collègues, et l'amendement n° 156, présenté par M. Guillaume Gontard et les membres du groupe communiste républicain citoyen et écologiste, à l'article 1er du projet de loi, adopté par l'Assemblée nationale après engagement de la procédure accélérée, portant création de l'Office français de la biodiversité, modifiant les missions des fédérations des chasseurs et renforçant la police de l'environnement",60306,340,331,119,212,https://www.senat.fr/scrutin-public/2018/scr2018-76.html
2018-77,2019-04-10T22:00:00+00:00,"sur l'amendement n° 148 rectifié, présenté par M. Jean-Noël Cardoux et plusieurs de ses collègues, et l'amendement 191 rectifié, présenté par M. Jean-Paul Prince et plusieurs de ses collègues, portant article additionnel après l'article 2 bis du projet de loi, adopté par l'Assemblée nationale après engagement de la procédure accélérée, portant création de l'Office français de la biodiversité et de la chasse, modifiant les missions des fédérations des chasseurs et renforçant la police de l'environnement",,322,312,222,90,https://www.senat.fr/scrutin-public/2018/scr2018-77.html
2018-78,2019-04-10T22:00:00+00:00,"sur l'amendement n° 173, présenté par M. Guillaume Gontard et les membres du groupe communiste républicain citoyen et écologiste, à l'article 3 ter du projet de loi, adopté par l'Assemblée nationale après engagement de la procédure accélérée, portant création de l'Office français de la biodiversité et de la chasse, modifiant les missions des fédérations des chasseurs et renforçant la police de l'environnement",,271,268,98,170,https://www.senat.fr/scrutin-public/2018/scr2018-78.html
2018-79,2019-04-10T22:00:00+00:00,"sur l'amendement n° 117 rectifié, présenté par Mme Michèle Vullien et plusieurs de ses collègues, tendant à insérer un article additionnel après l'article 3 quater du projet de loi, adopté par l'Assemblée nationale après engagement de la procédure accélérée, portant création de l'Office français de la biodiversité et de la chasse, modifiant les missions des fédérations des chasseurs et renforçant la police de l'environnement",,318,222,7,215,https://www.senat.fr/scrutin-public/2018/scr2018-79.html
2018-8,2018-11-05T23:00:00+00:00,"sur la motion n° 1, présentée par Mme Catherine Morin-Desailly au nom de la commission de la culture, tendant à opposer la question préalable à la proposition de loi, adoptée par l'Assemblée nationale en nouvelle lecture, relative à la lutte contre la manipulation de l'information",,342,320,289,31,https://www.senat.fr/scrutin-public/2018/scr2018-8.html
2018-80,2019-04-10T22:00:00+00:00,"sur l'ensemble du projet de loi, adopté par l'Assemblée nationale après engagement de la procédure accélérée, portant création de l'Office français de la biodiversité et de la chasse, modifiant les missions des fédérations des chasseurs et renforçant la police de l'environnement",,329,235,235,0,https://www.senat.fr/scrutin-public/2018/scr2018-80.html
2018-81,2019-04-10T22:00:00+00:00,"sur l'ensemble du projet de loi organique, adopté par l'Assemblée nationale après engagement de la procédure accélérée, modifiant la loi organique n° 2010-837 du 23 juillet 2010 relative à l'application du cinquième alinéa de l'article 13 de la Constitution",73549,329,240,240,0,https://www.senat.fr/scrutin-public/2018/scr2018-81.html
2018-82,2019-05-01T22:00:00+00:00,"sur le sous-amendement n° 24, présenté par M. Vincent Segouin, à l'amendement n° 1 rectifié ter présenté par M. Philippe Dallier et plusieurs de ses collègues, tendant à rétablir l'article 1er de la proposition de loi, adoptée par l'Assemblée nationale après engagement de la procédure accélérée, relative au droit de résiliation sans frais de contrats de complémentaire santé",60687,340,336,9,327,https://www.senat.fr/scrutin-public/2018/scr2018-82.html
2018-83,2019-05-01T22:00:00+00:00,"sur l'amendement n° 1 rectifié ter, présenté par M. Philippe Dallier et plusieurs de ses collègues, tendant à rétablir l'article 1er de la proposition de loi, adoptée par l'Assemblée nationale après l'engagement de la procédure accélérée, relative au droit de résiliation sans frais de contrats de complémentaire santé",60687,340,328,226,102,https://www.senat.fr/scrutin-public/2018/scr2018-83.html
2018-84,2019-05-01T22:00:00+00:00,"sur l'amendement n° 2 rectifié ter, présenté par M. Philippe Dallier et plusieurs de ses collègues, tendant à rétablir l'article 2 de la proposition de loi, adoptée par l'Assemblée nationale après engagement de la procédure accélérée, relative au droit de résiliation sans frais de contrats de complémentaire santé",60687,340,328,226,102,https://www.senat.fr/scrutin-public/2018/scr2018-84.html
2018-85,2019-05-01T22:00:00+00:00,"sur l'amendement n° 3 rectifié ter, présenté par M. Philippe Dallier et plusieurs de ses collègues, tendant à rétablir l'article 3 de la proposition de loi, adoptée par l'Assemblée nationale après l'engagement de la procédure accélérée, relative au droit de résiliation sans frais de contrats de complémentaire santé",60687,340,328,226,102,https://www.senat.fr/scrutin-public/2018/scr2018-85.html
2018-86,2019-05-01T22:00:00+00:00,"sur les amendements identiques n°s 5 rectifié, présenté par M. Vincent Segouin et plusieurs de ses collègues, 11 rectifié, présenté par M. Yves Daudigny et les membres du groupe socialiste et républicain, et 18, présenté par le Gouvernement, tendant à supprimer l'article 3 bis AA de la proposition de loi, adoptée par l'Assemblée nationale après l'engagement de la procédure accélérée, relative au droit de résiliation sans frais de contrats de complémentaire santé",60687,341,341,77,264,https://www.senat.fr/scrutin-public/2018/scr2018-86.html
2018-87,2019-05-01T22:00:00+00:00,"sur l'ensemble de la proposition de loi, adoptée par l'Assemblée nationale après engagement de la procédure accélérée, relative au droit de résiliation sans frais de contrats de complémentaire santé",60687,340,327,225,102,https://www.senat.fr/scrutin-public/2018/scr2018-87.html
2018-88,2019-05-01T22:00:00+00:00,"sur l'amendement n° 1 rectifié, présenté par M. Éric Kerrouche et les membres du groupe socialiste et républicain, tendant à supprimer l'article 2 de la proposition de loi visant à clarifier diverses dispositions du droit électoral",,341,326,73,253,https://www.senat.fr/scrutin-public/2018/scr2018-88.html
2018-89,2019-05-01T22:00:00+00:00,"sur l'amendement n° 3 rectifié, présenté par M. Joël Labbé et plusieurs de ses collègues, tendant à insérer un article additionnel avant l'article 1er de la proposition de loi portant reconnaissance du crime d'écocide",60903,341,341,111,230,https://www.senat.fr/scrutin-public/2018/scr2018-89.html
2018-9,2018-11-05T23:00:00+00:00,"sur la motion n° 1, présentée par M. Christophe-André Frassa au nom de la commission des lois, tendant à opposer la question préalable à la proposition de loi organique, adoptée par l'Assemblée nationale en nouvelle lecture, relative à la lutte contre la manipulation de l'information",,342,320,289,31,https://www.senat.fr/scrutin-public/2018/scr2018-9.html
2018-90,2019-05-01T22:00:00+00:00,"sur l'amendement n° 2 rectifié bis, présenté par M. Joël Labbé et plusieurs de ses collègues, tendant à insérer un article additionnel avant l'article 1er de la proposition de loi portant reconnaissance du crime d'écocide",60903,341,341,111,230,https://www.senat.fr/scrutin-public/2018/scr2018-90.html
2018-91,2019-05-01T22:00:00+00:00,"sur l'amendement n° 8 rectifié bis, présenté par Mme Josiane Costes et plusieurs de ses collègues,  tendant à insérer un article additionnel avant l'article 1er de la proposition de loi portant reconnaissance du crime d'écocide",60903,341,341,111,230,https://www.senat.fr/scrutin-public/2018/scr2018-91.html
2018-92,2019-05-01T22:00:00+00:00,"sur l'amendement n° 9 rectifié bis, présenté par Mme Josiane Costes et plusieurs de ses collègues, tendant à insérer un article additionnel avant l'article 1er de la proposition de loi portant reconnaissance du crime d'écocide",60903,341,341,111,230,https://www.senat.fr/scrutin-public/2018/scr2018-92.html
2018-93,2019-05-01T22:00:00+00:00,"sur l'amendement n° 5 rectifié bis, présenté par M. Joël Labbé et plusieurs de ses collègues, à l'article 1er de la proposition de loi portant reconnaissance du crime d'écocide",60903,341,251,22,229,https://www.senat.fr/scrutin-public/2018/scr2018-93.html
2018-94,2019-05-01T22:00:00+00:00,"sur l'amendement n° 1 rectifié, présenté par Mme Esther Benbassa et les membres du groupe communiste républicain citoyen et écologiste, à l'article 1er de la proposition de loi portant reconnaissance du crime d'écocide",60903,333,333,92,241,https://www.senat.fr/scrutin-public/2018/scr2018-94.html
2018-95,2019-05-01T22:00:00+00:00,"sur l'amendement n° 4 rectifié bis, présenté par M. Joël Labbé et plusieurs de ses collègues, à l'article 1er de la proposition de loi portant reconnaissance du crime d'écocide",60903,341,341,96,245,https://www.senat.fr/scrutin-public/2018/scr2018-95.html
2018-96,2019-05-01T22:00:00+00:00,sur l'article 1er de la proposition de loi portant reconnaissance du crime d'écocide,60903,341,299,92,207,https://www.senat.fr/scrutin-public/2018/scr2018-96.html
2018-97,2019-05-06T22:00:00+00:00,sur l'ensemble de la proposition de résolution européenne sur la réforme de la politique agricole commune (PAC),,341,341,341,0,https://www.senat.fr/scrutin-public/2018/scr2018-97.html
2018-98,2019-05-06T22:00:00+00:00,sur l'ensemble de la proposition de résolution tendant à modifier le Règlement du Sénat pour renforcer les capacités de contrôle de l'application et de l'évaluation des lois,60906,342,326,326,0,https://www.senat.fr/scrutin-public/2018/scr2018-98.html
2018-99,2019-05-13T22:00:00+00:00,"sur les amendements identiques n°s 121, présenté par Mme Céline Brulin et les membres du groupe communiste républicain citoyen et écologiste, 198 rectifié bis, présenté par M. Philippe Dallier et plusieurs de ses collègues, et 269 rectifié, présenté par Mme Marie-Pierre Monier et les membres du groupe socialiste et républicain, tendant à supprimer l'article 1er du projet de loi, adopté par l'Assemblée nationale après engagement de la procédure accélérée, pour une école de la confiance",,341,339,111,228,https://www.senat.fr/scrutin-public/2018/scr2018-99.html
2019-1,2019-09-30T22:00:00+00:00,"sur l'amendement n° 2 rectifié ter, présenté par M. Jean-Paul Prince et plusieurs de ses collègues, à l'article unique de la proposition de loi tendant à réprimer les entraves à l'exercice des libertés ainsi qu'à la tenue des évènements et à l'exercice d'activités autorisés par la loi",60146,339,272,192,80,https://www.senat.fr/scrutin-public/2019/scr2019-1.html
2019-10,2019-10-16T22:00:00+00:00,"sur les amendements identiques n° 101 rectifié, présenté par Mme Nathalie Delattre et plusieurs de ses collègues, et n° 137 rectifié, présenté par M. Patrice Joly et plusieurs de ses collègues, tendant à insérer un article additionnel après l'article 28 du projet de loi relatif à l'engagement dans la vie locale et à la proximité de l'action publique (procédure accélérée)",61668,341,326,27,299,https://www.senat.fr/scrutin-public/2019/scr2019-10.html
2019-101,2020-05-03T22:00:00+00:00,"sur l'amendement n° 194 rectifié, présenté par le Gouvernement, à l'article 1er du projet de loi prorogeant l'état d'urgence sanitaire et complétant ses dispositions (procédure accélérée)",,340,327,0,327,https://www.senat.fr/scrutin-public/2019/scr2019-101.html
2019-102,2020-05-04T22:00:00+00:00,sur l'article 6 du projet de loi prorogeant l'état d'urgence sanitaire et complétant ses dispositions (procédure accélérée),,341,307,278,29,https://www.senat.fr/scrutin-public/2019/scr2019-102.html
2019-103,2020-05-04T22:00:00+00:00,sur l'ensemble du projet de loi prorogeant l'état d'urgence sanitaire et complétant ses dispositions (procédure accélérée),,345,265,240,25,https://www.senat.fr/scrutin-public/2019/scr2019-103.html
2019-104,2020-05-08T22:00:00+00:00,sur l'ensemble du texte élaboré par la commission mixte paritaire sur le projet de loi prorogeant l'état d'urgence sanitaire et complétant ses dispositions,,343,339,252,87,https://www.senat.fr/scrutin-public/2019/scr2019-104.html
2019-106,2020-05-27T22:00:00+00:00,"sur l'amendement n° 6 rectifié quater, présenté par M. Rémi Féraud et les membres du groupe socialiste et républicain, tendant à insérer un article additionnel après l'article unique de la proposition de loi visant à rendre effectif et à renforcer le plafonnement des frais bancaires",63406,340,307,108,199,https://www.senat.fr/scrutin-public/2019/scr2019-106.html
2019-107,2020-05-27T22:00:00+00:00,"sur l'amendement n° 211 rectifié, présenté par Mme Laurence Cohen et les membres du groupe communiste républicain citoyen et écologiste, tendant à insérer un article additionnel après l'article 1er septies A du projet de loi, adopté par l'Assemblée nationale, relatif à diverses dispositions liées à la crise sanitaire, à d'autres mesures urgentes ainsi qu'au retrait du Royaume-Uni de l'Union européenne (procédure accélérée)",64242,340,312,87,225,https://www.senat.fr/scrutin-public/2019/scr2019-107.html
2019-108,2020-05-27T22:00:00+00:00,"sur l'amendement n° 58 rectifié bis, présenté par Mme Laurence Rossignol et les membres du groupe socialiste et républicain, tendant à insérer un article additionnel après l'article 1er septies A du projet de loi, adopté par l'Assemblée nationale, relatif à diverses dispositions liées à la crise sanitaire, à d'autres mesures urgentes ainsi qu'au retrait du Royaume-Uni de l'Union européenne (procédure accélérée)",64242,336,299,143,156,https://www.senat.fr/scrutin-public/2019/scr2019-108.html
2019-109,2020-05-27T22:00:00+00:00,"sur l'amendement n° 210 rectifié, présenté par Mme Laurence Cohen et les membres du groupe communiste républicain citoyen et écologiste, tendant à insérer un article additionnel après l'article 1er septies A du projet de loi, adopté par l'Assemblée nationale, relatif à diverses dispositions liées à la crise sanitaire, à d'autres mesures urgentes ainsi qu'au retrait du Royaume-Uni de l'Union européenne (procédure accélérée)",64242,337,321,133,188,https://www.senat.fr/scrutin-public/2019/scr2019-109.html
2019-11,2019-10-16T22:00:00+00:00,"sur l'amendement n° 293 rectifié, présenté par M. Philippe Dominati et plusieurs de ses collègues, tendant à insérer un article additionnel après l'article 31 du projet de loi relatif à l'engagement dans la vie locale et à la proximité de l'action publique (procédure accélérée)",61668,338,324,62,262,https://www.senat.fr/scrutin-public/2019/scr2019-11.html
2019-110,2020-06-02T22:00:00+00:00,"sur l'ensemble de la proposition de résolution, en application de l'article 34-1 de la Constitution, demandant au Gouvernement de mettre en oeuvre une imposition de solidarité sur le capital afin de renforcer la justice fiscale et sociale et de répondre au défi de financement de la crise sanitaire, économique et sociale du Covid-19",,339,312,83,229,https://www.senat.fr/scrutin-public/2019/scr2019-110.html
2019-111,2020-06-03T22:00:00+00:00,sur l'article 1er de la proposition de loi visant à répondre à la demande des patients par la création de Points d'accueil pour soins immédiats,61982,339,323,95,228,https://www.senat.fr/scrutin-public/2019/scr2019-111.html
2019-112,2020-06-03T22:00:00+00:00,"sur les amendements identiques n° 1, présenté par Mme Michelle Gréaume et les membres du groupe communiste républicain citoyen et écologiste, et n° 17 rectifié, présenté par M. François Bonhomme et plusieurs de ses collègues, tendant à rétablir larticle 1er A de la proposition de loi, adoptée avec modifications par lAssemblée nationale en deuxième lecture, visant à encadrer le démarchage téléphonique et à lutter contre les appels frauduleux",60139,339,325,111,214,https://www.senat.fr/scrutin-public/2019/scr2019-112.html
2019-113,2020-06-03T22:00:00+00:00,"sur lamendement n° 12, présenté par M. Jean-Pierre Sueur et les membres du groupe socialiste et républicain, à larticle 1er bis de la proposition de loi, adoptée avec modifications par lAssemblée nationale en deuxième lecture, visant à encadrer le démarchage téléphonique et à lutter contre les appels frauduleux",60139,340,340,109,231,https://www.senat.fr/scrutin-public/2019/scr2019-113.html
2019-114,2020-06-03T22:00:00+00:00,"sur les amendements identiques n° 6 rectifié, présenté par Mme Anne-Catherine Loisier et plusieurs de ses collègues, et n° 19 rectifié bis, présenté par M. François Bonhomme et plusieurs de ses collègues, à l'article 1er bis de la proposition de loi, adoptée avec modifications par l'Assemblée nationale en deuxième lecture, visant à encadrer le démarchage téléphonique et à lutter contre les appels frauduleux",60139,340,340,42,298,https://www.senat.fr/scrutin-public/2019/scr2019-114.html
2019-115,2020-06-03T22:00:00+00:00,"sur l'amendement n° 31 rectifié, présenté par M. Martin Lévrier et les membres du groupe La République En Marche, à l'article 1er bis de la proposition de loi, adoptée avec modifications par l'Assemblée nationale en deuxième lecture, visant à encadrer le démarchage téléphonique et à lutter contre les appels frauduleux",60139,340,340,146,194,https://www.senat.fr/scrutin-public/2019/scr2019-115.html
2019-116,2020-06-03T22:00:00+00:00,"sur l'amendement n° 33 rectifié, présenté par M. Hervé Marseille et les membres du groupe Union Centriste, à l'article 1er bis de la proposition de loi, adoptée avec modifications par l'Assemblée nationale en deuxième lecture, visant à encadrer le démarchage téléphonique et à lutter contre les appels frauduleux",60139,340,340,183,157,https://www.senat.fr/scrutin-public/2019/scr2019-116.html
2019-117,2020-06-08T22:00:00+00:00,"sur l'amendement n° 70 rectifié, présenté par Mme Laurence Rossignol et les membres du groupe socialiste et républicain, tendant à insérer un article additionnel avant l'article 1er de la proposition de loi, adoptée par l'Assemblée nationale, visant à protéger les victimes de violences conjugales (procédure accélérée)",62703,339,338,113,225,https://www.senat.fr/scrutin-public/2019/scr2019-117.html
2019-118,2020-06-08T22:00:00+00:00,"sur l'amendement n° 35 rectifié, présenté par Mme Marie-Pierre de la Gontrie et les membres du groupe socialiste et républicain, tendant à insérer un article additionnel après l'article 2 de la proposition de loi, adoptée par l'Assemblée nationale, visant à protéger les victimes de violences conjugales (procédure accélérée)",62703,329,329,116,213,https://www.senat.fr/scrutin-public/2019/scr2019-118.html
2019-119,2020-06-08T22:00:00+00:00,"sur l'amendement n° 78, présenté par Mme Laurence Cohen et les membres du groupe communiste républicain citoyen et écologiste, tendant à insérer un article additionnel après l'article 2 de la proposition de loi, adoptée par l'Assemblée nationale, visant à protéger les victimes de violences conjugales (procédure accélérée)",62703,326,326,111,215,https://www.senat.fr/scrutin-public/2019/scr2019-119.html
2019-12,2019-10-16T22:00:00+00:00,"sur l'amendement n° 294 rectifié, présenté par M. Philippe Dominati et plusieurs de ses collègues, tendant à insérer un article additionnel après l'article 31 du projet de loi relatif à l'engagement dans la vie locale et à la proximité de l'action publique (procédure accélérée)",61668,338,317,68,249,https://www.senat.fr/scrutin-public/2019/scr2019-12.html
2019-120,2020-06-08T22:00:00+00:00,"sur l'amendement n° 36 rectifié, présenté par Mme Marie-Pierre de la Gontrie et les membres du groupe socialiste et républicain, tendant à insérer un article additionnel après l'article 2 de la proposition de loi, adoptée par l'Assemblée nationale, visant à protéger les victimes de violences conjugales (procédure accélérée)",62703,326,326,113,213,https://www.senat.fr/scrutin-public/2019/scr2019-120.html
2019-121,2020-06-15T22:00:00+00:00,"sur l'ensemble de la proposition de loi, adoptée par l'Assemblée nationale, permettant d'offrir des chèques-vacances aux personnels des secteurs sanitaire et médico-social en reconnaissance de leur action durant l'épidémie de covid-19 (procédure accélérée)",,340,258,169,89,https://www.senat.fr/scrutin-public/2019/scr2019-121.html
2019-122,2020-06-16T22:00:00+00:00,"sur lamendement n° 1 rectifié bis, présenté par Mme Évelyne Renaud-Garabedian et plusieurs de ses collègues, à larticle 1er du projet de loi organique portant report des élections sénatoriales et des élections législatives partielles (procédure accélérée)",,338,337,75,262,https://www.senat.fr/scrutin-public/2019/scr2019-122.html
2019-123,2020-06-16T22:00:00+00:00,sur l'article 1er du projet de loi organique portant report des élections sénatoriales et des élections législatives partielles (procédure accélérée),,338,337,264,73,https://www.senat.fr/scrutin-public/2019/scr2019-123.html
2019-124,2020-06-16T22:00:00+00:00,sur lensemble du projet de loi organique portant report des élections sénatoriales et des élections législatives partielles (procédure accélérée),,338,335,262,73,https://www.senat.fr/scrutin-public/2019/scr2019-124.html
2019-125,2020-06-21T22:00:00+00:00,"sur les amendements identiques n° 13, présenté par M. Jean-Pierre Sueur et les membres du groupe socialiste et républicain, n° 15, présenté par Mme Éliane Assassi et les membres du groupe communiste républicain citoyen et écologiste, et n° 17, présenté par MM. Joël Labbé et Henri Cabanel, tendant à supprimer l'article 1er du projet de loi, adopté par l'Assemblée nationale, organisant la sortie de l'état d'urgence sanitaire (procédure accélérée)",,319,315,100,215,https://www.senat.fr/scrutin-public/2019/scr2019-125.html
2019-126,2020-06-24T22:00:00+00:00,sur l'article 9 de la proposition de loi portant création d'un fonds d'indemnisation des victimes du covid-19,64282,338,338,86,252,https://www.senat.fr/scrutin-public/2019/scr2019-126.html
2019-127,2020-06-30T22:00:00+00:00,"sur la motion n° 8, présentée par Mme Cathy Apourceau-Poly et les membres du groupe communiste républicain citoyen et écologiste, tendant à opposer l'exception d'irrecevabilité au projet de loi organique, adopté par l'Assemblée nationale, relatif à la dette sociale et à l'autonomie (procédure accélérée)",,337,337,86,251,https://www.senat.fr/scrutin-public/2019/scr2019-127.html
2019-128,2020-06-30T22:00:00+00:00,"sur la motion n° 2, présentée par M. Yves Daudigny et les membres du groupe socialiste et républicain, tendant à opposer la question préalable au projet de loi organique, adopté par l'Assemblée nationale, relatif à la dette sociale et à l'autonomie (procédure accélérée)",,337,337,86,251,https://www.senat.fr/scrutin-public/2019/scr2019-128.html
2019-129,2020-06-30T22:00:00+00:00,"sur les amendements identiques n° 4, présenté par Mme Cathy Apourceau-Poly et les membres du groupe communiste républicain citoyen et écologiste, et n° 9, présenté par le Gouvernement, tendant à supprimer l'article 1er bis du projet de loi organique, adopté par l'Assemblée nationale, relatif à la dette sociale et à l'autonomie (procédure accélérée)",,337,337,109,228,https://www.senat.fr/scrutin-public/2019/scr2019-129.html
2019-13,2019-10-16T22:00:00+00:00,"sur l'amendement n° 295 rectifié, présenté par M. Philippe Dominati et plusieurs de ses collègues, tendant à insérer un article additionnel après l'article 31 du projet de loi relatif à l'engagement dans la vie locale et à la proximité de l'action publique (procédure accélérée)",61668,326,321,3,318,https://www.senat.fr/scrutin-public/2019/scr2019-13.html
2019-130,2020-06-30T22:00:00+00:00,"sur l'ensemble du projet de loi organique, adopté par l'Assemblée nationale, relatif à la dette sociale et à l'autonomie (procédure accélérée)",,337,314,228,86,https://www.senat.fr/scrutin-public/2019/scr2019-130.html
2019-131,2020-06-30T22:00:00+00:00,"sur l'amendement n° 1 rectifié ter, présenté par M. Jean-Noël Cardoux et plusieurs de ses collègues, à l'article 4 du projet de loi, adopté par l'Assemblée nationale, relatif à la dette sociale et à l'autonomie (procédure accélérée)",,337,335,156,179,https://www.senat.fr/scrutin-public/2019/scr2019-131.html
2019-132,2020-06-30T22:00:00+00:00,"sur l'amendement n° 10, présenté par Mme Cathy Apourceau-Poly et les membres du groupe communiste républicain citoyen et écologiste, à l'article 4 du projet de loi, adopté par l'Assemblée nationale, relatif à la dette sociale et à l'autonomie (procédure accélérée)",,337,314,16,298,https://www.senat.fr/scrutin-public/2019/scr2019-132.html
2019-133,2020-07-07T22:00:00+00:00,"sur l'ensemble du projet de loi, adopté par l'Assemblée nationale, de règlement du budget et d'approbation des comptes de l'année 2019 (procédure accélérée)",,338,283,57,226,https://www.senat.fr/scrutin-public/2019/scr2019-133.html
2019-134,2020-07-16T22:00:00+00:00,"sur les amendements identiques n° 624 rectifié ter, présenté par M. Olivier Jacquin et plusieurs de ses collègues, et n° 907 rectifié bis, présenté par M. Pascal Savoldelli et les membres du groupe communiste républicain citoyen et écologiste, tendant à insérer un article additionnel après l'article 2 du projet de loi, adopté par l'Assemblée nationale, de finances rectificative pour 2020 (3)",,339,324,94,230,https://www.senat.fr/scrutin-public/2019/scr2019-134.html
2019-135,2020-07-16T22:00:00+00:00,"sur les amendements identiques n° 40, présenté par M. Claude Raynal et les membres du groupe socialiste et républicain, et n° 902, présenté par M. Pascal Savoldelli et les membres du groupe communiste républicain citoyen et écologiste, tendant à insérer un article additionnel après l'article 2 du projet de loi, adopté par l'Assemblée nationale, de finances rectificative pour 2020 (3)",,339,324,92,232,https://www.senat.fr/scrutin-public/2019/scr2019-135.html
2019-136,2020-07-16T22:00:00+00:00,"sur les amendements identiques n° 614 rectifié ter, présenté par M. Olivier Jacquin et plusieurs de ses collègues, n° 1004 rectifié, présenté par M. Ronan Dantec et plusieurs de ses collègues, et n° 1035 rectifié, présenté par M. Guillaume Gontard et Mme Esther Benbassa, tendant à insérer un article additionnel après l'article 2 du projet de loi, adopté par l'Assemblée nationale, de finances rectificative pour 2020 (3)",,340,340,92,248,https://www.senat.fr/scrutin-public/2019/scr2019-136.html
2019-137,2020-07-16T22:00:00+00:00,"sur les amendements identiques n° 529 rectifié, présenté par M. Joël Labbé et plusieurs de ses collègues, et n° 628 rectifié bis, présenté par M. Olivier Jacquin et plusieurs de ses collègues, tendant à insérer un article additionnel après l'article 2 du projet de loi, adopté par l'Assemblée nationale, de finances rectificative pour 2020 (3)",,339,322,93,229,https://www.senat.fr/scrutin-public/2019/scr2019-137.html
2019-138,2020-07-16T22:00:00+00:00,"sur l'amendement n° 874, présenté par M. Pascal Savoldelli et les membres du groupe communiste républicain citoyen et écologiste, tendant à insérer un article additionnel après l'article 2 quinquies du projet de loi, adopté par l'Assemblée nationale, de finances rectificative pour 2020 (3)",,340,279,116,163,https://www.senat.fr/scrutin-public/2019/scr2019-138.html
2019-139,2020-07-17T22:00:00+00:00,"sur les amendements identiques n° 62 rectifié, présenté par M. Claude Raynal et les membres du groupe socialiste et républicain, et n° 904 rectifié, présenté par M. Pascal Savoldelli et les membres du groupe communiste républicain citoyen et écologiste, tendant à insérer un article additionnel après l'article 4 quinquies du projet de loi, adopté par l'Assemblée nationale, de finances rectificative pour 2020 (3)",,339,338,92,246,https://www.senat.fr/scrutin-public/2019/scr2019-139.html
2019-14,2019-10-21T22:00:00+00:00,sur l'ensemble du projet de loi relatif à l'engagement dans la vie locale et à la proximité de l'action publique (procédure accélérée),61668,340,340,338,2,https://www.senat.fr/scrutin-public/2019/scr2019-14.html
2019-140,2020-07-18T22:00:00+00:00,"sur les amendements identiques n° 730 rectifié, présenté par M. Olivier Cadic, et n° 1044 rectifié bis, présenté par M. Bruno Retailleau et plusieurs de ses collègues, tendant à insérer un article additionnel après l'article 18 du projet de loi, adopté par l'Assemblée nationale, de finances rectificative pour 2020 (3)",,336,313,203,110,https://www.senat.fr/scrutin-public/2019/scr2019-140.html
2019-141,2020-07-18T22:00:00+00:00,"sur l'ensemble du projet de loi, adopté par l'Assemblée nationale, de finances rectificative pour 2020 (3)",,340,334,244,90,https://www.senat.fr/scrutin-public/2019/scr2019-141.html
2019-142,2020-07-21T22:00:00+00:00,"sur l'ensemble du projet de loi, adopté par l'Assemblée nationale en nouvelle lecture, de règlement du budget et d'approbation des comptes de l'année 2019",,339,286,57,229,https://www.senat.fr/scrutin-public/2019/scr2019-142.html
2019-143,2020-07-21T22:00:00+00:00,"sur la motion n° 1, présentée par M. Jean-Marie Vanlerenberghe au nom de la commission des affaires sociales, tendant à opposer la question préalable au projet de loi organique, adopté par l'Assemblée nationale en nouvelle lecture, relatif à la dette sociale et à l'autonomie",,339,238,193,45,https://www.senat.fr/scrutin-public/2019/scr2019-143.html
2019-144,2020-07-21T22:00:00+00:00,"sur la motion n° 1, présentée par M. Jean-Marie Vanlerenberghe au nom de la commission des affaires sociales, tendant à opposer la question préalable au projet de loi, adopté par l'Assemblée nationale en nouvelle lecture, relatif à la dette sociale et à l'autonomie",,339,325,280,45,https://www.senat.fr/scrutin-public/2019/scr2019-144.html
2019-145,2020-07-22T22:00:00+00:00,"sur l'ensemble du projet de loi organique prorogeant le mandat des membres du Conseil économique, social et environnemental (procédure accélérée)",,339,338,338,0,https://www.senat.fr/scrutin-public/2019/scr2019-145.html
2019-146,2020-07-22T22:00:00+00:00,sur l'ensemble du texte élaboré par la commission mixte paritaire sur le projet de loi de finances rectificative pour 2020 (3),,339,333,241,92,https://www.senat.fr/scrutin-public/2019/scr2019-146.html
2019-15,2019-10-23T22:00:00+00:00,sur l'ensemble de la proposition de loi organique visant à clarifier diverses dispositions du droit électoral,,340,340,340,0,https://www.senat.fr/scrutin-public/2019/scr2019-15.html
2019-16,2019-10-23T22:00:00+00:00,"sur l'amendement n° 4, présenté par Mme Catherine Troendlé au nom de la commission des lois, à l'article 1er de la proposition de loi, adoptée par lAssemblée nationale, visant à créer le statut de citoyen sauveteur, lutter contre larrêt  cardiaque et sensibiliser aux gestes qui sauvent",,340,229,229,0,https://www.senat.fr/scrutin-public/2019/scr2019-16.html
2019-17,2019-10-28T23:00:00+00:00,"sur l'amendement n° 10, présenté par M. Jacques-Bernard Magner et les membres du groupe socialiste et républicain, tendant à supprimer l'article 1er de la proposition de loi tendant à assurer la neutralité religieuse des personnes concourant au service public de l'éducation",61627,330,302,121,181,https://www.senat.fr/scrutin-public/2019/scr2019-17.html
2019-18,2019-10-28T23:00:00+00:00,sur l'article 1er de la proposition de loi tendant à assurer la neutralité religieuse des personnes concourant au service public de l'éducation,61627,322,285,165,120,https://www.senat.fr/scrutin-public/2019/scr2019-18.html
2019-19,2019-10-28T23:00:00+00:00,sur l'ensemble de la proposition de loi tendant à assurer la neutralité religieuse des personnes concourant au service public de l'éducation,61627,317,277,163,114,https://www.senat.fr/scrutin-public/2019/scr2019-19.html
2019-2,2019-10-07T22:00:00+00:00,"sur l'amendement n° 384 rectifié, présenté par M. Éric Kerrouche et les membres du groupe socialiste et républicain, à l'article 1er du projet de loi relatif à l'engagement dans la vie locale et à la proximité de l'action publique (procédure accélérée)",61668,341,314,93,221,https://www.senat.fr/scrutin-public/2019/scr2019-2.html
2019-20,2019-10-29T23:00:00+00:00,"sur l'ensemble de la proposition de résolution en application de l'article 34-1 de la Constitution, pour le renforcement des sanctions adoptées par le Conseil européen contre des responsables des violations des droits humains au Venezuela et pour soutenir les États signataires de l'enquête auprès de la Cour pénale internationale",,339,339,324,15,https://www.senat.fr/scrutin-public/2019/scr2019-20.html
2019-21,2019-11-05T23:00:00+00:00,"sur l'amendement n° 57 rectifié, présenté par Mme Marie-Pierre de la Gontrie et les membres du groupe socialiste et républicain, à l'article 2 de la proposition de loi, adoptée par l'Assemblée nationale après engagement de la procédure accélérée, visant à agir contre les violences au sein de la famille",61865,342,342,89,253,https://www.senat.fr/scrutin-public/2019/scr2019-21.html
2019-22,2019-11-05T23:00:00+00:00,"sur l'amendement n° 8 rectifié bis, présenté par Mme Laure Darcos et plusieurs de ses collègues, à l'article 2 de la proposition de loi, adoptée par l'Assemblée nationale après engagement de la procédure accélérée, visant à agir contre les violences au sein de la famille",61865,342,329,114,215,https://www.senat.fr/scrutin-public/2019/scr2019-22.html
2019-23,2019-11-05T23:00:00+00:00,"sur l'amendement n° 102 rectifié, présenté par Mme Josiane Costes et plusieurs de ses collègues, à l'article 2 de la proposition de loi, adoptée par l'Assemblée nationale après engagement de la procédure accélérée, visant à agir contre les violences au sein de la famille",61865,342,241,21,220,https://www.senat.fr/scrutin-public/2019/scr2019-23.html
2019-24,2019-11-05T23:00:00+00:00,"sur l'amendement n° 58 rectifié, présenté par Mme Marie-Pierre de la Gontrie et les membres du groupe socialiste et républicain, à l'article 2 de la proposition de loi, adoptée par l'Assemblée nationale après engagement de la procédure accélérée, visant à agir contre les violences au sein de la famille",61865,342,328,109,219,https://www.senat.fr/scrutin-public/2019/scr2019-24.html
2019-25,2019-11-05T23:00:00+00:00,"sur l'amendement n° 59 rectifié, présenté par Mme Catherine Conconne et les membres du groupe socialiste et républicain, à l'article 2 de la proposition de loi, adoptée par l'Assemblée nationale après engagement de la procédure accélérée, visant à agir contre les violences au sein de la famille",61865,342,329,110,219,https://www.senat.fr/scrutin-public/2019/scr2019-25.html
2019-26,2019-11-05T23:00:00+00:00,"sur l'amendement n° 60 rectifié, présenté par Mme Laurence Rossignol et les membres du groupe socialiste et républicain, à l'article 2 de la proposition de loi, adoptée par l'Assemblée nationale après engagement de la procédure accélérée, visant à agir contre les violences au sein de la famille",61865,343,330,116,214,https://www.senat.fr/scrutin-public/2019/scr2019-26.html
2019-27,2019-11-05T23:00:00+00:00,"sur l'amendement n° 85 rectifié bis, présenté par Mme Laurence Rossignol et plusieurs de ses collègues, à l'article 2 de la proposition de loi, adoptée par l'Assemblée nationale après engagement de la procédure accélérée, visant à agir contre les violences au sein de la famille",61865,342,342,129,213,https://www.senat.fr/scrutin-public/2019/scr2019-27.html
2019-28,2019-11-05T23:00:00+00:00,"sur l'article 2 de la proposition de loi, adoptée par l'Assemblée nationale après engagement de la procédure accélérée, visant à agir contre les violences au sein de la famille",61865,342,247,247,0,https://www.senat.fr/scrutin-public/2019/scr2019-28.html
2019-29,2019-11-11T23:00:00+00:00,"sur la motion n° 792, présentée par Mme Laurence Cohen et les membres du groupe communiste républicain citoyen et écologiste, tendant à opposer l'exception d'irrecevabilité au projet de loi de financement de la sécurité sociale, adopté par l'Assemblée nationale, pour 2020",,341,340,87,253,https://www.senat.fr/scrutin-public/2019/scr2019-29.html
2019-3,2019-10-07T22:00:00+00:00,"sur l'amendement n° 172 rectifié ter, présenté par M. Jean-Marie Mizzon et les membres du groupe Union Centriste, à l'article 1er du projet de loi relatif à l'engagement dans la vie locale et à la proximité de l'action publique (procédure accélérée)",61668,340,313,157,156,https://www.senat.fr/scrutin-public/2019/scr2019-3.html
2019-30,2019-11-11T23:00:00+00:00,"sur l'amendement n° 573, présenté par Mme Laurence Cohen et les membres du groupe communiste républicain citoyen et écologiste, à l'article 3 du projet de loi de financement de la sécurité sociale, adopté par l'Assemblée nationale, pour 2020",,328,328,87,241,https://www.senat.fr/scrutin-public/2019/scr2019-30.html
2019-31,2019-11-11T23:00:00+00:00,"sur l'article 3 du projet de loi de financement de la sécurité sociale, adopté par l'Assemblée nationale, pour 2020",,341,341,301,40,https://www.senat.fr/scrutin-public/2019/scr2019-31.html
2019-32,2019-11-11T23:00:00+00:00,"sur l'article 7 du projet de loi de financement de la sécurité sociale, adopté par l'Assemblée nationale, pour 2020",,341,246,230,16,https://www.senat.fr/scrutin-public/2019/scr2019-32.html
2019-33,2019-11-12T23:00:00+00:00,"sur l'amendement n° 579, présenté par Mme Laurence Cohen et les membres du groupe communiste républicain citoyen et écologiste, à l'article 8 du projet de loi de financement de la sécurité sociale, adopté par l'Assemblée nationale, pour 2020",,342,342,87,255,https://www.senat.fr/scrutin-public/2019/scr2019-33.html
2019-34,2019-11-12T23:00:00+00:00,"sur les amendements identiques n° 27 rectifié bis, présenté par M. Daniel Laurent et plusieurs de ses collègues, n° 277 rectifié bis, présenté par Mme Nathalie Delattre et plusieurs de ses collègues, n° 351, présenté par Mme Vivette Lopez, n° 384 rectifié ter, présenté par M. Claude Bérit-Débat et plusieurs de ses collègues, et n° 391 rectifié, présenté par M. Franck Menonville et plusieurs de ses collègues, tendant à supprimer l'article 9 ter du projet de loi de financement de la sécurité sociale, adopté par l'Assemblée nationale, pour 2020",,327,311,127,184,https://www.senat.fr/scrutin-public/2019/scr2019-34.html
2019-35,2019-11-13T23:00:00+00:00,"sur l'article 9 ter du projet de loi de financement de la sécurité sociale, adopté par l'Assemblée nationale, pour 2020",,330,316,245,71,https://www.senat.fr/scrutin-public/2019/scr2019-35.html
2019-36,2019-11-13T23:00:00+00:00,"sur la troisième partie du projet de loi de financement de la sécurité sociale, adopté par l'Assemblée nationale, pour 2020",,305,281,0,281,https://www.senat.fr/scrutin-public/2019/scr2019-36.html
2019-37,2019-11-13T23:00:00+00:00,"sur l'ensemble du projet de loi de financement de la sécurité sociale, adopté par l'Assemblée nationale, pour 2020",,341,281,0,281,https://www.senat.fr/scrutin-public/2019/scr2019-37.html
2019-38,2019-11-17T23:00:00+00:00,"sur l'ensemble du projet de loi de finances rectificative, adopté par l'Assemblée nationale, pour 2019",,342,248,159,89,https://www.senat.fr/scrutin-public/2019/scr2019-38.html
2019-39,2019-11-19T23:00:00+00:00,sur l'article unique constituant l'ensemble de la proposition de loi tendant à la création de délégations parlementaires aux droits des enfants,84202,342,339,90,249,https://www.senat.fr/scrutin-public/2019/scr2019-39.html
2019-4,2019-10-08T22:00:00+00:00,"sur l'amendement n° 834, présenté par le Gouvernement, tendant à supprimer l'article 1er ter du projet de loi relatif à l'engagement dans la vie locale et à la proximité de l'action publique (procédure accélérée)",61668,303,300,101,199,https://www.senat.fr/scrutin-public/2019/scr2019-4.html
2019-40,2019-11-20T23:00:00+00:00,"sur la motion n° I-639, présentée par M. Pascal Savoldelli et les membres du groupe communiste républicain citoyen et écologiste, tendant à opposer la question préalable au projet de loi de finances, adopté par l'Assemblée nationale, pour 2020",,341,340,16,324,https://www.senat.fr/scrutin-public/2019/scr2019-40.html
2019-41,2019-11-22T23:00:00+00:00,"sur l'amendement n° I-1018, présenté par M. Éric Bocquet et les membres du groupe communiste républicain citoyen et écologiste, tendant à insérer un article additionnel après l'article 2 quinquies du projet de loi de finances, adopté par l'Assemblée nationale, pour 2020",,327,306,88,218,https://www.senat.fr/scrutin-public/2019/scr2019-41.html
2019-42,2019-11-22T23:00:00+00:00,"sur les amendements identiques n° I-69, présenté par M. Albéric de Montgolfier au nom de la commission des finances, et n° I-510, présenté par M. Claude Raynal et les membres du groupe socialiste et républicain, à l'article 5 du projet de loi de finances, adopté par l'Assemblée nationale, pour 2020",,329,313,238,75,https://www.senat.fr/scrutin-public/2019/scr2019-42.html
2019-43,2019-11-24T23:00:00+00:00,"sur l'amendement n° I-1020 rectifié, présenté par M. Éric Bocquet et les membres du groupe communiste républicain citoyen et écologiste, tendant à insérer un article additionnel après l'article 13 bis du projet de loi de finances, adopté par l'Assemblée nationale, pour 2020",,341,341,89,252,https://www.senat.fr/scrutin-public/2019/scr2019-43.html
2019-44,2019-11-25T23:00:00+00:00,"sur l'ensemble de la première partie du projet de loi de finances, adopté par l'Assemblée nationale, pour 2020",,344,214,195,19,https://www.senat.fr/scrutin-public/2019/scr2019-44.html
2019-45,2019-11-25T23:00:00+00:00,sur l'ensemble du texte élaboré par la commission mixte paritaire sur le projet de loi de finances rectificative pour 2019,,340,338,251,87,https://www.senat.fr/scrutin-public/2019/scr2019-45.html
2019-46,2019-11-27T23:00:00+00:00,"sur les crédits de la mission ""Sport, jeunesse et vie associative"" figurant à l'état B du projet de loi de finances, adopté par l'Assemblée nationale, pour 2020",,341,40,24,16,https://www.senat.fr/scrutin-public/2019/scr2019-46.html
2019-47,2019-11-28T23:00:00+00:00,"sur les crédits de la mission ""Aide publique au développement"" figurant à l'état B du projet de loi de finances, adopté par l'Assemblée nationale, pour 2020",,341,201,183,18,https://www.senat.fr/scrutin-public/2019/scr2019-47.html
2019-48,2019-11-28T23:00:00+00:00,"sur l'amendement n° II-36, présenté par M. Alain Joyandet au nom de la commission des finances, à l'article 38 (crédits de la mission Santé) (État B) du projet de loi de finances, adopté par l'Assemblée nationale, pour 2020",,316,295,147,148,https://www.senat.fr/scrutin-public/2019/scr2019-48.html
2019-49,2019-11-28T23:00:00+00:00,"sur l'amendement II-37, présenté par M. Alain Joyandet au nom de la commission des finances, à l'article 78 duodecies du projet de loi de finances, adopté par l'Assemblée nationale, pour 2020",,317,288,146,142,https://www.senat.fr/scrutin-public/2019/scr2019-49.html
2019-5,2019-10-14T22:00:00+00:00,"sur l'amendement n° 743 rectifié, présenté par M. Daniel Chasseing et plusieurs de ses collègues, tendant à insérer un article additionnel après l'article 11 du projet de loi relatif à l'engagement dans la vie locale et à la proximité de l'action publique (procédure accélérée)",61668,343,334,112,222,https://www.senat.fr/scrutin-public/2019/scr2019-5.html
2019-50,2019-11-29T23:00:00+00:00,"sur la motion n° 237, présentée par Mme Laurence Cohen et les membres du groupe communiste républicain citoyen et écologiste, tendant à opposer l'exception d'irrecevabilité au projet de loi de financement de la sécurité sociale, adopté par l'Assemblée nationale en nouvelle lecture, pour 2020",,340,269,16,253,https://www.senat.fr/scrutin-public/2019/scr2019-50.html
2019-51,2019-11-29T23:00:00+00:00,"sur la troisième partie du projet de loi de financement de la sécurité sociale, adopté par l'Assemblée nationale en nouvelle lecture, pour 2020",,340,221,205,16,https://www.senat.fr/scrutin-public/2019/scr2019-51.html
2019-52,2019-11-29T23:00:00+00:00,"sur les amendements identiques n° 40 rectifié ter, présenté par M. Philippe Mouiller et plusieurs de ses collègues, n° 154, présenté par M. Yves Daudigny et les membres du groupe socialiste et républicain, et n° 227, présenté par Mme Laurence Cohen et les membres du groupe communiste républicain citoyen et écologiste, tendant à supprimer l'article 59 du projet de loi de financement de la sécurité sociale, adopté par l'Assemblée nationale en nouvelle lecture, pour 2020",,340,340,281,59,https://www.senat.fr/scrutin-public/2019/scr2019-52.html
2019-53,2019-11-29T23:00:00+00:00,"sur l'ensemble du projet de loi de financement de la sécurité sociale, adopté par l'Assemblée nationale en nouvelle lecture,  pour 2020",,340,306,193,113,https://www.senat.fr/scrutin-public/2019/scr2019-53.html
2019-54,2019-12-03T23:00:00+00:00,"sur l'amendement II-323 rectifié, présenté par M. Loïc Hervé au nom de la commission des lois, à l'article 78 du projet de loi de finances, adopté par l'Assemblée nationale, pour 2020",,324,297,222,75,https://www.senat.fr/scrutin-public/2019/scr2019-54.html
2019-55,2019-12-04T23:00:00+00:00,"sur les crédits de la mission ""Médias, livre et industries culturelles"" figurant à l'état B du projet de loi de finances, adopté par l'Assemblée nationale, pour 2020",,341,341,254,87,https://www.senat.fr/scrutin-public/2019/scr2019-55.html
2019-56,2019-12-04T23:00:00+00:00,"sur les crédits de la mission ""Justice"" figurant à l'état B du projet de loi de finances, adopté par l'Assemblée nationale, pour 2020",,341,333,42,291,https://www.senat.fr/scrutin-public/2019/scr2019-56.html
2019-57,2019-12-05T23:00:00+00:00,"sur les amendements identiques n° II-912 rectifié ter, présenté par Mme Brigitte Micouleau et plusieurs de ses collègues, et n° II-967, présenté par M. Claude Raynal et les membres du groupe socialiste et républicain, tendant à insérer un article additionnel après l'article 48 du projet de loi de finances, adopté par l'Assemblée nationale, pour 2020",,295,290,108,182,https://www.senat.fr/scrutin-public/2019/scr2019-57.html
2019-58,2019-12-08T23:00:00+00:00,"sur l'amendement II-1083 rectifié bis, présenté par M. Loïc Hervé et plusieurs de ses collègues, tendant à supprimer l'article 57 du projet de loi de finances, adopté par l'Assemblée nationale, pour 2020",,291,291,82,209,https://www.senat.fr/scrutin-public/2019/scr2019-58.html
2019-6,2019-10-15T22:00:00+00:00,"sur l'amendement n° 731 rectifié, présenté par Mme Marie-Pierre de la Gontrie et les membres du groupe socialiste et républicain, tendant à insérer un article additionnel après l'article 15 du projet de loi relatif à l'engagement dans la vie locale et à la proximité de l'action publique (procédure accélérée)",61668,339,300,72,228,https://www.senat.fr/scrutin-public/2019/scr2019-6.html
2019-60,2019-12-11T23:00:00+00:00,"sur l'ensemble de la proposition de résolution, en application de l'article 34-1 de la Constitution, sur la résilience alimentaire des territoires et la sécurité nationale",,322,298,141,157,https://www.senat.fr/scrutin-public/2019/scr2019-60.html
2019-61,2019-12-16T23:00:00+00:00,sur l'article unique constituant l'ensemble du projet de loi organique modifiant la loi organique n° 2010-837 du 23 juillet 2010 relative à l'application du cinquième alinéa de l'article 13 de la Constitution,73549,342,318,302,16,https://www.senat.fr/scrutin-public/2019/scr2019-61.html
2019-62,2019-12-17T23:00:00+00:00,"sur la motion n° I-1, présentée par M. Albéric de Montgolfier au nom de la commission des finances, tendant à opposer la question préalable au projet de loi de finances, adopté par l'Assemblée nationale en nouvelle lecture, pour 2020",,340,253,187,66,https://www.senat.fr/scrutin-public/2019/scr2019-62.html
2019-63,2020-01-07T23:00:00+00:00,"sur l'ensemble de la proposition de résolution, en application de l'article 34-1 de la Constitution, pour dénoncer et agir contre les violences faites aux femmes en situation de handicap",,341,341,341,0,https://www.senat.fr/scrutin-public/2019/scr2019-63.html
2019-64,2020-01-13T23:00:00+00:00,"sur l'ensemble de la proposition de loi modifiant la loi n° 2018-938 du 30 octobre 2018 pour l'équilibre des relations commerciales dans le secteur agricole et alimentaire et une alimentation saine, durable et accessible à tous afin de préserver l'activité des entreprises alimentaires françaises",,342,312,312,0,https://www.senat.fr/scrutin-public/2019/scr2019-64.html
2019-65,2020-01-14T23:00:00+00:00,sur l'article unique constituant l'ensemble de la proposition de loi visant à rétablir les droits sociaux des travailleurs numériques,62622,340,340,70,270,https://www.senat.fr/scrutin-public/2019/scr2019-65.html
2019-66,2020-01-20T23:00:00+00:00,"sur les amendements identiques n° 4, présenté par M. Michel Amiel, n° 42 rectifié quinquies, présenté par Mme Anne Chain-Larché et plusieurs de ses collègues, n° 48 rectifié bis, présenté par M. Jean-Marie Mizzon et plusieurs de ses collègues, n° 49, présenté par M. Pierre-Yves Collombat, n° 53 rectifié bis, présenté par M. André Reichardt et plusieurs de ses collègues, n° 171, présenté par M. Sébastien Meurant, et n° 188 rectifié, présenté par M. Loïc Hervé et plusieurs de ses collègues, tendant à supprimer l'article 1er du projet de loi, adopté par l'Assemblée nationale, relatif à la bioéthique",61743,325,288,126,162,https://www.senat.fr/scrutin-public/2019/scr2019-66.html
2019-67,2020-01-20T23:00:00+00:00,"sur l'amendement n° 41 rectifié ter, présenté par M. Guillaume Chevrollier et plusieurs de ses collègues, à l'article 1er du projet de loi, adopté par l'Assemblée nationale, relatif à la bioéthique",61743,287,258,102,156,https://www.senat.fr/scrutin-public/2019/scr2019-67.html
2019-68,2020-01-21T23:00:00+00:00,"sur les amendements identiques n° 115 rectifié, présenté par Mme Véronique Guillotin et plusieurs de ses collègues, n° 228 rectifié, présenté par Mme Laurence Rossignol et plusieurs de ses collègues, n° 262 rectifié, présenté par M. Thani Mohamed Soilihi et les membres du groupe La République En Marche, et n° 295, présenté par le Gouvernement, tendant à supprimer l'article 1er du projet de loi, adopté par l'Assemblée nationale, relatif à la bioéthique",61743,331,318,142,176,https://www.senat.fr/scrutin-public/2019/scr2019-68.html
2019-69,2020-01-21T23:00:00+00:00,"sur l'article 1er du projet de loi, adopté par l'Assemblée nationale, relatif à la bioéthique",61743,321,276,160,116,https://www.senat.fr/scrutin-public/2019/scr2019-69.html
2019-7,2019-10-16T22:00:00+00:00,"sur les amendements identiques n° 132 rectifié bis, présenté par M. Patrice Joly et plusieurs de ses collègues, n° 208 rectifié ter, présenté par M. Jean-Marie Mizzon et plusieurs de ses collègues, et n° 662, présenté par Mme Angèle Préville, tendant à insérer un article additionnel après l'article 19 du projet de loi relatif à l'engagement dans la vie locale et à la proximité de l'action publique (procédure accélérée)",61668,340,299,84,215,https://www.senat.fr/scrutin-public/2019/scr2019-7.html
2019-70,2020-01-22T23:00:00+00:00,"sur les amendements identiques n° 126 rectifié ter, présenté par M. Dominique de Legge et plusieurs de ses collègues, et n° 239 rectifié, présenté par M. Loïc Hervé et plusieurs de ses collègues, tendant à supprimer l'article 2 du projet de loi, adopté par l'Assemblée nationale, relatif à la bioéthique",61743,313,287,109,178,https://www.senat.fr/scrutin-public/2019/scr2019-70.html
2019-71,2020-01-22T23:00:00+00:00,"sur l'article 2 du projet de loi, adopté par l'Assemblée nationale, relatif à la bioéthique",61743,313,238,119,119,https://www.senat.fr/scrutin-public/2019/scr2019-71.html
2019-72,2020-01-22T23:00:00+00:00,"sur l'amendement n° 67 rectifié ter, présenté par Mme Sophie Primas et plusieurs de ses collègues, à l'article 4 du projet de loi, adopté par l'Assemblée nationale, relatif à la bioéthique",61743,333,303,174,129,https://www.senat.fr/scrutin-public/2019/scr2019-72.html
2019-73,2020-01-22T23:00:00+00:00,"sur l'amendement n° 8 rectifié, présenté par M. Olivier Cadic et plusieurs de ses collègues, à l'article 4 bis du projet de loi, adopté par l'Assemblée nationale, relatif à la bioéthique",61743,314,307,94,213,https://www.senat.fr/scrutin-public/2019/scr2019-73.html
2019-74,2020-01-22T23:00:00+00:00,"sur l'amendement n° 104, présenté par Mme Esther Benbassa, à l'article 4 bis du projet de loi, adopté par l'Assemblée nationale, relatif à la bioéthique",61743,317,301,103,198,https://www.senat.fr/scrutin-public/2019/scr2019-74.html
2019-75,2020-01-22T23:00:00+00:00,"sur l'amendement n° 216 rectifié quater, présenté par Mme Marie-Pierre de la Gontrie et plusieurs de ses collègues, à l'article 4 bis du projet de loi, adopté par l'Assemblée nationale, relatif à la bioéthique",61743,318,315,88,227,https://www.senat.fr/scrutin-public/2019/scr2019-75.html
2019-76,2020-01-22T23:00:00+00:00,"sur l'amendement n° 301, présenté par le Gouvernement, à l'article 4 bis du projet de loi, adopté par l'Assemblée nationale, relatif à la bioéthique",61743,318,318,63,255,https://www.senat.fr/scrutin-public/2019/scr2019-76.html
2019-77,2020-01-22T23:00:00+00:00,"sur les amendements identiques n° 117 rectifié, présenté par Mme Véronique Guillotin et plusieurs de ses collègues, et n° 160 rectifié ter, présenté par M. Richard Yung et plusieurs de ses collègues, à l'article 4 bis du projet de loi, adopté par l'Assemblée nationale, relatif à la bioéthique",61743,327,305,132,173,https://www.senat.fr/scrutin-public/2019/scr2019-77.html
2019-78,2020-01-22T23:00:00+00:00,"sur l'amendement n° 333, présenté par Mme Muriel Jourda au nom de la commission spéciale sur la bioéthique, à l'article 4 bis du projet de loi, adopté par l'Assemblée nationale, relatif à la bioéthique",61743,240,229,194,35,https://www.senat.fr/scrutin-public/2019/scr2019-78.html
2019-79,2020-01-22T23:00:00+00:00,"sur l'article 4 bis du projet de loi, adopté par l'Assemblée nationale, relatif à la bioéthique",61743,327,309,179,130,https://www.senat.fr/scrutin-public/2019/scr2019-79.html
2019-8,2019-10-16T22:00:00+00:00,"sur l'amendement n° 985, présenté par le Gouvernement, tendant à insérer un article additionnel après l'article 28 quater du projet de loi relatif à l'engagement dans la vie locale et à la proximité de l'action publique (procédure accélérée)",61668,341,340,340,0,https://www.senat.fr/scrutin-public/2019/scr2019-8.html
2019-80,2020-01-27T23:00:00+00:00,"sur les amendements identiques n° 204 rectifié bis, présenté par Mme Eliane Assassi et plusieurs de ses collègues, et n° 288, présenté par le Gouvernement, tendant à supprimer l'article 10 bis du projet de loi, adopté par l'Assemblée nationale, relatif à la bioéthique",61743,329,326,232,94,https://www.senat.fr/scrutin-public/2019/scr2019-80.html
2019-81,2020-01-27T23:00:00+00:00,"sur l'amendement n° 291, présenté par le Gouvernement, tendant à supprimer l'article 10 ter du projet de loi, adopté par l'Assemblée nationale, relatif à la bioéthique",61743,330,322,224,98,https://www.senat.fr/scrutin-public/2019/scr2019-81.html
2019-82,2020-01-27T23:00:00+00:00,"sur l'amendement n° 214 rectifié, présenté par Mme Éliane Assassi et plusieurs de ses collègues, tendant à supprimer l'article 17 du projet de loi, adopté par l'Assemblée nationale, relatif à la bioéthique",61743,303,291,170,121,https://www.senat.fr/scrutin-public/2019/scr2019-82.html
2019-83,2020-01-27T23:00:00+00:00,"sur les amendements identiques n° 101 rectifié ter, présenté par Mme Chantal Deseyne et plusieurs de ses collègues, n° 177, présenté par M. Sébastien Meurant, n° 248 rectifié bis, présenté par M. Emmanuel Capus et plusieurs de ses collègues, et n° 300, présenté par le Gouvernement, à l'article 14 du projet de loi, adopté par l'Assemblée nationale, relatif à la bioéthique",61743,309,273,134,139,https://www.senat.fr/scrutin-public/2019/scr2019-83.html
2019-84,2020-01-27T23:00:00+00:00,"sur l'article 14 du projet de loi, adopté par l'Assemblée nationale, relatif à la bioéthique",61743,316,281,177,104,https://www.senat.fr/scrutin-public/2019/scr2019-84.html
2019-85,2020-01-27T23:00:00+00:00,"sur l'amendement n° 296, présenté par le Gouvernement, à l'article 15 du projet de loi, adopté par l'Assemblée nationale, relatif à la bioéthique",61743,297,297,24,273,https://www.senat.fr/scrutin-public/2019/scr2019-85.html
2019-86,2020-01-27T23:00:00+00:00,"sur les amendements identiques n° 68 rectifié, présenté par M. Jean-Marie Mizzon et plusieurs de ses collègues, n° 100 rectifié ter, présenté par M. Bruno Retailleau et plusieurs de ses collègues, et n° 290, présenté par le Gouvernement, tendant à supprimer l'article 19 ter du projet de loi, adopté par l'Assemblée nationale, relatif à la bioéthique",61743,323,304,181,123,https://www.senat.fr/scrutin-public/2019/scr2019-86.html
2019-87,2020-01-28T23:00:00+00:00,"sur l'amendement n° 91 rectifié ter, présenté par M. Guillaume Chevrollier et plusieurs de ses collègues, à l'article 20 du projet de loi, adopté par l'Assemblée nationale, relatif à la bioéthique",61743,321,283,108,175,https://www.senat.fr/scrutin-public/2019/scr2019-87.html
2019-88,2020-01-28T23:00:00+00:00,"sur l'amendement n° 92 rectifié ter, présenté par M. Guillaume Chevrollier et plusieurs de ses collègues, à l'article 21 du projet de loi, adopté par l'Assemblée nationale, relatif à la bioéthique",61743,319,278,87,191,https://www.senat.fr/scrutin-public/2019/scr2019-88.html
2019-89,2020-02-03T23:00:00+00:00,"sur l'ensemble du projet de loi, adopté par l'Assemblée nationale, relatif à la bioéthique",61743,341,296,153,143,https://www.senat.fr/scrutin-public/2019/scr2019-89.html
2019-9,2019-10-16T22:00:00+00:00,"sur l'amendement n° 512 rectifié bis, présenté par M. Éric Kerrouche et les membres du groupe socialiste et républicain, à l'article 28 du projet de loi relatif à l'engagement dans la vie locale et à la proximité de l'action publique (procédure accélérée)",61668,340,338,88,250,https://www.senat.fr/scrutin-public/2019/scr2019-9.html
2019-90,2020-02-04T23:00:00+00:00,"sur l'ensemble de la proposition de résolution, en application de l'article 34-1 de la Constitution, relative aux enfants franco-japonais privés de tout lien avec leur parent français à la suite d'un enlèvement parental",62166,340,340,340,0,https://www.senat.fr/scrutin-public/2019/scr2019-90.html
2019-91,2020-02-18T23:00:00+00:00,sur l'ensemble de la proposition de loi visant à garantir le libre choix du consommateur dans le cyberespace,62203,342,342,342,0,https://www.senat.fr/scrutin-public/2019/scr2019-91.html
2019-92,2020-02-25T23:00:00+00:00,sur l'ensemble du texte élaboré par la commission mixte paritaire sur le projet de loi organique modifiant la loi organique n° 2010-837 du 23 juillet 2010 relative à l'application du cinquième alinéa de l'article 13 de la Constitution,73549,340,340,324,16,https://www.senat.fr/scrutin-public/2019/scr2019-92.html
2019-93,2020-03-02T23:00:00+00:00,sur le projet de loi relatif au Parquet européen et à la justice pénale spécialisée (procédure accélérée),,340,321,318,3,https://www.senat.fr/scrutin-public/2019/scr2019-93.html
2019-94,2020-03-02T23:00:00+00:00,"sur l'amendement n° 108 rectifié, présenté par Mme Viviane Artigalas et les membres du groupe socialiste et républicain, à l'article 33 du projet de loi d'accélération et de simplification de l'action publique (procédure accélérée)",,324,320,106,214,https://www.senat.fr/scrutin-public/2019/scr2019-94.html
2019-95,2020-03-18T23:00:00+00:00,sur l'ensemble du projet de loi d'urgence pour faire face à l'épidémie de covid-19 (procédure accélérée),,344,254,252,2,https://www.senat.fr/scrutin-public/2019/scr2019-95.html
2019-96,2020-03-18T23:00:00+00:00,sur l'article unique constituant l'ensemble du projet de loi organique d'urgence pour faire face à l'épidémie de covid-19 (procédure accélérée),,326,240,238,2,https://www.senat.fr/scrutin-public/2019/scr2019-96.html
2019-97,2020-03-19T23:00:00+00:00,"sur l'ensemble du projet de loi de finances rectificative, adopté par l'Assemblée nationale, pour 2020",,343,327,327,0,https://www.senat.fr/scrutin-public/2019/scr2019-97.html
2019-98,2020-04-21T22:00:00+00:00,"sur l'ensemble du projet de loi de finances rectificative, adopté par l'Assemblée nationale, pour 2020 (2)",,342,336,320,16,https://www.senat.fr/scrutin-public/2019/scr2019-98.html
2019-99,2020-04-22T22:00:00+00:00,sur lensemble du texte élaboré par la commission mixte paritaire sur le projet de loi de finances rectificative pour 2020 (2),,344,332,317,15,https://www.senat.fr/scrutin-public/2019/scr2019-99.html
2020-1,2020-10-14T22:00:00+00:00,"sur l'ensemble du projet de loi organique, adopté par l'Assemblée nationale après engagement de la procédure accélérée, relatif au Conseil économique, social et environnemental",65064,343,293,292,1,https://www.senat.fr/scrutin-public/2020/scr2020-1.html
2020-101,2021-04-05T22:00:00+00:00,"sur l'amendement n°120 rectifié, présenté par M. Olivier Rietmann et plusieurs de ses collègues, tendant à rétablir l'article 21 du projet de loi, adopté par l'Assemblée nationale après engagement de la procédure accélérée, confortant le respect des principes de la République",,345,339,114,225,https://www.senat.fr/scrutin-public/2020/scr2020-101.html
2020-102,2021-04-05T22:00:00+00:00,"sur l'amendement n° 235 rectifié, présenté par M. Max Brisson et plusieurs de ses collègues, tendant à insérer un article additionnel après l'article 24 septies du projet de loi, adopté par l'Assemblée nationale après engagement de la procédure accélérée, confortant le respect des principes de la République",,333,322,229,93,https://www.senat.fr/scrutin-public/2020/scr2020-102.html
2020-103,2021-04-06T22:00:00+00:00,"sur l'ensemble du texte élaboré par la commission mixte paritaire, modifié par les amendements proposés et acceptés par le Gouvernement, sur la proposition de loi pour une sécurité globale préservant les libertés",,346,339,241,98,https://www.senat.fr/scrutin-public/2020/scr2020-103.html
2020-104,2021-04-06T22:00:00+00:00,"sur l'amendement n° 197 rectifié quinquies, présenté par Mme Jacky Deromedi et plusieurs de ses collègues, tendant à insérer un article additionnel après l'article 24 decies du projet de loi, adopté par l'Assemblée nationale après engagement de la procédure accélérée, confortant le respect des principes de la République",,343,335,210,125,https://www.senat.fr/scrutin-public/2020/scr2020-104.html
2020-105,2021-04-06T22:00:00+00:00,"sur l'amendement n° 237 rectifié bis, présenté par M. Michel Savin et plusieurs de ses collègues, à l'article 25 du projet de loi, adopté par l'Assemblée nationale après engagement de la procédure accélérée, confortant le respect des principes de la République",,329,320,183,137,https://www.senat.fr/scrutin-public/2020/scr2020-105.html
2020-106,2021-04-07T22:00:00+00:00,sur l'ensemble du projet de loi ratifiant les ordonnances n° 2021-45 du 20 janvier 2021 et n° 2021-71 du 27 janvier 2021 portant réforme de la formation des élus locaux (procédure accélérée),67226,345,330,330,0,https://www.senat.fr/scrutin-public/2020/scr2020-106.html
2020-107,2021-04-11T22:00:00+00:00,"sur l'amendement n° 232 rectifié quater, présenté par M. Stéphane Artano et plusieurs de ses collègues, à l'article 47 du projet de loi, adopté par l'Assemblée nationale après engagement de la procédure accélérée, confortant le respect des principes de la République",,345,270,33,237,https://www.senat.fr/scrutin-public/2020/scr2020-107.html
2020-108,2021-04-11T22:00:00+00:00,"sur l'amendement n° 514 rectifié bis, présenté par Mme Éliane Assassi et les membres du groupe communiste républicain citoyen et écologiste, tendant à insérer un article additionnel après l'article 30 sur le projet de loi, adopté par l'Assemblée nationale après engagement de la procédure accélérée, confortant le respect des principes de la République",,344,265,24,241,https://www.senat.fr/scrutin-public/2020/scr2020-108.html
2020-109,2021-04-11T22:00:00+00:00,"sur le sous-amendement n° 692, présenté par M. François-Noël Buffet, à l'amendement n° 691, présenté par le Gouvernement, tendant à insérer un article additionnel après l'article 55 (supprimé) du projet de loi, adopté par l'Assemblée nationale après engagement de la procédure accélérée, confortant le respect des principes de la République",,344,279,243,36,https://www.senat.fr/scrutin-public/2020/scr2020-109.html
2020-11,2020-10-29T23:00:00+00:00,"sur l'amendement n° 1 rectifié bis, présenté par M. Rachid Temal et les membres du groupes Socialiste, Écologiste et Républicain, tendant à insérer un article additionnel après l'article 4 du projet de loi, adopté par l'Assemblée nationale après engagement de la procédure accélérée, autorisant la prorogation de l'état d'urgence sanitaire et portant diverses mesures de gestion de la crise sanitaire",65985,342,336,93,243,https://www.senat.fr/scrutin-public/2020/scr2020-11.html
2020-110,2021-04-11T22:00:00+00:00,"sur l'amendement n° 691 rectifié, présenté par le Gouvernement, tendant à insérer un article additionnel après l'article 55 (supprimé) du projet de loi, adopté par l'Assemblée nationale après engagement de la procédure accélérée, confortant le respect des principes de la République",,344,271,243,28,https://www.senat.fr/scrutin-public/2020/scr2020-110.html
2020-111,2021-04-11T22:00:00+00:00,"sur l'amendement n° 285 rectifié bis, présenté par Mme Valérie Boyer et plusieurs de ses collègues, tendant à modifier l'intitulé du projet de loi, adopté par l'Assemblée nationale après engagement de la procédure accélérée, confortant le respect des principes de la République",,342,318,203,115,https://www.senat.fr/scrutin-public/2020/scr2020-111.html
2020-112,2021-04-11T22:00:00+00:00,"sur l'ensemble du projet de loi, adopté par l'Assemblée nationale après engagement de la procédure accélérée, confortant le respect des principes de la République et de lutte contre le séparatisme",,344,317,208,109,https://www.senat.fr/scrutin-public/2020/scr2020-112.html
2020-114,2021-04-14T22:00:00+00:00,sur larticle 1er de la proposition de loi visant à orienter l'épargne des Français vers des fonds souverains régionaux,67267,343,198,28,170,https://www.senat.fr/scrutin-public/2020/scr2020-114.html
2020-115,2021-04-14T22:00:00+00:00,"sur lensemble de la proposition de résolution, en application de l'article 34-1 de la Constitution, invitant le Gouvernement à envisager la poursuite de la procédure de ratification du CETA",,344,309,309,0,https://www.senat.fr/scrutin-public/2020/scr2020-115.html
2020-116,2021-05-05T22:00:00+00:00,"sur l'ensemble de la proposition de résolution, en application de l'article 34-1 de la Constitution, en faveur de l'association de Taïwan aux travaux de plusieurs organisations internationales",,323,304,304,0,https://www.senat.fr/scrutin-public/2020/scr2020-116.html
2020-117,2021-05-09T22:00:00+00:00,"sur les amendements identiques n° 2, présenté par M. François-Noël Buffet au nom de la commission des lois, n° 3, présenté par M. Guillaume Chevrollier au nom de la commission de l'aménagement du territoire et du développement durable, et n° 5 rectifié, présenté par M. Bruno Retailleau et plusieurs de ses collègues, à l'article unique du projet de loi constitutionnelle, adopté par l'Assemblée nationale, complétant l'article 1er de la Constitution et relatif à la préservation de l'environnement",66985,342,339,216,123,https://www.senat.fr/scrutin-public/2020/scr2020-117.html
2020-118,2021-05-09T22:00:00+00:00,"sur l'ensemble du projet de loi constitutionnelle, adopté par l'Assemblée nationale, complétant l'article 1er de la Constitution et relatif à la préservation de l'environnement",66985,344,336,212,124,https://www.senat.fr/scrutin-public/2020/scr2020-118.html
2020-119,2021-05-16T22:00:00+00:00,"sur l'ensemble du projet de loi, adopté par l'Assemblée nationale après engagement de la procédure accélérée, de programmation relatif au développement solidaire et à la lutte contre les inégalités mondiales",66727,344,329,327,2,https://www.senat.fr/scrutin-public/2020/scr2020-119.html
2020-12,2020-10-29T23:00:00+00:00,"sur l'ensemble du projet de loi de programmation, adopté par l'Assemblée nationale après engagement de la procédure accélérée, de la recherche pour les années 2021 à 2030 et portant diverses dispositions relatives à la recherche et à l'enseignement supérieur",65185,341,341,249,92,https://www.senat.fr/scrutin-public/2020/scr2020-12.html
2020-120,2021-05-17T22:00:00+00:00,"sur les amendements identiques n° 15 rectifié, présenté par M. Loïc Hervé et plusieurs de ses collègues, n° 16 rectifié septies, présenté par Mme Sylviane Noël et plusieurs de ses collègues, et n° 67, présenté par Mme Éliane Assassi et les membres du groupe communiste républicain citoyen et écologiste, tendant à supprimer l'article 1er du projet de loi, adopté par l'Assemblée nationale après engagement de la procédure accélérée, relatif à la gestion de la sortie de crise sanitaire",67544,344,265,43,222,https://www.senat.fr/scrutin-public/2020/scr2020-120.html
2020-121,2021-05-17T22:00:00+00:00,"sur l'article 1er du projet de loi, adopté par l'Assemblée nationale après engagement de la procédure accélérée, relatif à la gestion de la sortie de crise sanitaire",67544,344,330,221,109,https://www.senat.fr/scrutin-public/2020/scr2020-121.html
2020-122,2021-05-17T22:00:00+00:00,"sur l'amendement n° 80, présenté par le Gouvernement, à l'article 6 du projet de loi, adopté par l'Assemblée nationale après engagement de la procédure accélérée, relatif à la gestion de la sortie de crise sanitaire",67544,344,343,0,343,https://www.senat.fr/scrutin-public/2020/scr2020-122.html
2020-123,2021-05-17T22:00:00+00:00,"sur l'ensemble du projet de loi, adopté par l'Assemblée nationale après engagement de la procédure accélérée, relatif à la gestion de la sortie de crise sanitaire",67544,343,323,221,102,https://www.senat.fr/scrutin-public/2020/scr2020-123.html
2020-124,2021-05-19T22:00:00+00:00,sur l'article unique constituant l'ensemble du projet de loi organique modifiant la loi organique n° 2010-837 du 23 juillet 2010 relative à l'application du cinquième alinéa de l'article 13 de la Constitution (procédure accélérée),73549,344,344,344,0,https://www.senat.fr/scrutin-public/2020/scr2020-124.html
2020-125,2021-05-25T22:00:00+00:00,sur l'article 1er de la proposition de loi d'urgence visant à apporter une réponse solidaire et juste face à la crise,67483,343,343,92,251,https://www.senat.fr/scrutin-public/2020/scr2020-125.html
2020-126,2021-05-25T22:00:00+00:00,"sur l'article 4 constituant l'ensemble de la proposition de loi pour un élevage éthique, juste socialement et soucieux du bien-être animal",,343,252,33,219,https://www.senat.fr/scrutin-public/2020/scr2020-126.html
2020-127,2021-05-26T22:00:00+00:00,sur l'article 1er de la proposition de loi visant à lutter contre l'indépendance fictive en permettant des requalifications en salarié par action de groupe et en contrôlant la place de l'algorithme dans les relations contractuelles,67290,330,312,86,226,https://www.senat.fr/scrutin-public/2020/scr2020-127.html
2020-128,2021-05-26T22:00:00+00:00,sur l'article 2 de la proposition de loi visant à lutter contre l'indépendance fictive en permettant des requalifications en salarié par action de groupe et en contrôlant la place de l'algorithme dans les relations contractuelles,67290,330,327,101,226,https://www.senat.fr/scrutin-public/2020/scr2020-128.html
2020-129,2021-05-26T22:00:00+00:00,sur l'article 3 constituant l'ensemble de la proposition de loi visant à lutter contre l'indépendance fictive en permettant des requalifications en salarié par action de groupe et en contrôlant la place de l'algorithme dans les relations contractuelles,67290,343,340,101,239,https://www.senat.fr/scrutin-public/2020/scr2020-129.html
2020-130,2021-06-08T22:00:00+00:00,sur l'article unique constituant l'ensemble de la proposition de loi relative à la protection sociale globale,67293,344,330,92,238,https://www.senat.fr/scrutin-public/2020/scr2020-130.html
2020-131,2021-06-13T22:00:00+00:00,"sur les amendements identiques n° 126, présenté par M. Ronan Dantec et les membres du groupe Écologiste - Solidarité et Territoires, n° 128 rectifié ter, présenté par M. Jean-François Longeot et les membres du groupe Union Centriste, n° 141, présenté par Mme Marie-Claude Varaillas et les membres du groupe communiste républicain citoyen et écologiste, n° 235, présenté par M. Didier Mandelli, n° 673 rectifié, présenté par M. Jean-Pierre Corbisez et plusieurs de ses collègues, et n° 1684, présenté par M. Joël Bigot et les membres du groupe Socialiste, Écologiste et Républicain, tendant à insérer un article additionnel avant le titre Ier A du projet de loi, adopté par l'Assemblée nationale après engagement de la procédure accélérée, portant lutte contre le dérèglement climatique et renforcement de la résilience face à ses effets",67183,343,341,341,0,https://www.senat.fr/scrutin-public/2020/scr2020-131.html
2020-132,2021-06-13T22:00:00+00:00,"sur lamendement n° 770 rectifié, présenté par Mme Sophie Taillé-Polian et les membres du groupe Écologiste  Solidarité et Territoires, tendant à insérer un article additionnel après larticle 1er A du projet de loi, adopté par lAssemblée nationale après engagement de la procédure accélérée, portant lutte contre le dérèglement climatique et renforcement de la résilience face à ses effets",67183,343,343,92,251,https://www.senat.fr/scrutin-public/2020/scr2020-132.html
2020-133,2021-06-13T22:00:00+00:00,"sur lamendement n° 772 rectifié, présenté par Mme Sophie Taillé-Polian et les membres du groupe Écologiste  Solidarité et Territoires, tendant à insérer un article additionnel après larticle 1er A du projet de loi, adopté par lAssemblée nationale après engagement de la procédure accélérée, portant lutte contre le dérèglement climatique et renforcement de la résilience face à ses effets",67183,343,328,92,236,https://www.senat.fr/scrutin-public/2020/scr2020-133.html
2020-134,2021-06-16T22:00:00+00:00,"sur les amendements identiques n° 109 rectifié, présenté par M. Jean-Marie Mizzon et plusieurs de ses collègues, n° 162, présenté par M. Fabien Gay et les membres du groupe communiste républicain citoyen et écologiste, n° 418, présenté par Mme Raymonde Poncet Monge et les membres du groupe Écologiste - Solidarité et Territoires, n° 623 rectifié, présenté par M. Jean-Pierre Corbisez et plusieurs de ses collègues, et n° 1604 rectifié, présenté par M. Jean-Jacques Michau et les membres du groupe Socialiste, Écologiste et Républicain, tendant à supprimer l'article 21 du projet de loi, adopté par l'Assemblée nationale après engagement de la procédure accélérée, portant lutte contre le dérèglement climatique et renforcement de la résilience face à ses effets",67183,343,343,126,217,https://www.senat.fr/scrutin-public/2020/scr2020-134.html
2020-136,2021-06-23T22:00:00+00:00,"sur la motion n° 1, présentée par Mmes Muriel Jourda et Corinne Imbert et M. Olivier Henno au nom de la commission spéciale sur la bioéthique, tendant à opposer la question préalable au projet de loi, adopté par lAssemblée nationale en nouvelle lecture, relatif à la bioéthique",61743,343,252,191,61,https://www.senat.fr/scrutin-public/2020/scr2020-136.html
2020-137,2021-06-23T22:00:00+00:00,"sur l'amendement n° 760, présenté par M. Jacques Fernique et les membres du groupe Écologiste - Solidarité et Territoires, à l'article 32 du projet de loi, adopté par l'Assemblée nationale après engagement de la procédure accélérée, portant lutte contre le dérèglement climatique et renforcement de la résilience face à ses effets",67183,343,328,77,251,https://www.senat.fr/scrutin-public/2020/scr2020-137.html
2020-138,2021-06-23T22:00:00+00:00,"sur l'amendement n° 1859 rectifié nonies, présenté par M. Olivier Jacquin et plusieurs de ses collègues, tendant à insérer un article additionnel après l'article 32 du projet de loi, adopté par l'Assemblée nationale après engagement de la procédure accélérée, portant lutte contre le dérèglement climatique et renforcement de la résilience face à ses effets",67183,342,327,78,249,https://www.senat.fr/scrutin-public/2020/scr2020-138.html
2020-139,2021-06-23T22:00:00+00:00,"sur les amendements identiques n° 182, présenté par M. Fabien Gay et les membres du groupe communiste républicain citoyen et écologiste, et n° 1585, présenté par Mme Viviane Artigalas et les membres du groupe Socialiste, Écologiste et Républicain, à l'article 41 du projet de loi, adopté par l'Assemblée nationale après engagement de la procédure accélérée, portant lutte contre le dérèglement climatique et renforcement de la résilience face à ses effets",67183,329,329,90,239,https://www.senat.fr/scrutin-public/2020/scr2020-139.html
2020-14,2020-11-02T23:00:00+00:00,sur l'ensemble du projet de loi organique relatif à la simplification des expérimentations mises en uvre sur le fondement du quatrième alinéa de l'article 72 de la Constitution (procédure accélérée),,343,342,327,15,https://www.senat.fr/scrutin-public/2020/scr2020-14.html
2020-140,2021-06-23T22:00:00+00:00,"sur les amendements identiques n° 1131, présenté par M. Daniel Salmon et les membres du groupe Écologiste - Solidarité et Territoires et n° 1583, présenté par Mme Viviane Artigalas et les membres du groupe Socialiste, Écologiste et Républicain, à l'article 41 du projet de loi, adopté par l'Assemblée nationale après engagement de la procédure accélérée, portant lutte contre le dérèglement climatique et renforcement de la résilience face à ses effets",67183,329,329,127,202,https://www.senat.fr/scrutin-public/2020/scr2020-140.html
2020-141,2021-06-23T22:00:00+00:00,"sur l'amendement n° 1124, présenté par M. Daniel Salmon et les membres du groupe Écologiste - Solidarité et Territoires, à l'article 42 du projet de loi, adopté par l'Assemblée nationale après engagement de la procédure accélérée, portant lutte contre le dérèglement climatique et renforcement de la résilience face à ses effets",67183,329,329,127,202,https://www.senat.fr/scrutin-public/2020/scr2020-141.html
2020-142,2021-06-23T22:00:00+00:00,"sur les amendements identiques n° 186, présenté par M. Fabien Gay et les membres du groupe communiste républicain citoyen et écologiste, n° 1130, présenté par M. Daniel Salmon et les membres du groupe Écologiste - Solidarité et Territoires, et n° 1588, présenté par Mme Viviane Artigalas et les membres du groupe Socialiste, Écologiste et Républicain, tendant à supprimer l'article 42 bis AD du projet de loi, adopté par l'Assemblée nationale après engagement de la procédure accélérée, portant lutte contre le dérèglement climatique et renforcement de la résilience face à ses effets",67183,329,329,127,202,https://www.senat.fr/scrutin-public/2020/scr2020-142.html
2020-143,2021-06-24T22:00:00+00:00,"sur lamendement n° 2195, présenté par le Gouvernement, tendant à insérer un article additionnel après larticle 58 du projet de loi, adopté par lAssemblée nationale après engagement de la procédure accélérée, portant lutte contre le dérèglement climatique et renforcement de la résilience face à ses effets",67183,329,306,0,306,https://www.senat.fr/scrutin-public/2020/scr2020-143.html
2020-144,2021-06-24T22:00:00+00:00,"sur l'amendement n° 2180, présenté par le Gouvernement, à l'article 67 du projet de loi, adopté par l'Assemblée nationale après engagement de la procédure accélérée, portant lutte contre le dérèglement climatique et renforcement de la résilience face à ses effets",67183,329,315,23,292,https://www.senat.fr/scrutin-public/2020/scr2020-144.html
2020-145,2021-06-24T22:00:00+00:00,"sur l'amendement n° 2181, présenté par le Gouvernement, à l'article 68 du projet de loi, adopté par l'Assemblée nationale après engagement de la procédure accélérée, portant lutte contre le dérèglement climatique et renforcement de la résilience face à ses effets",67183,329,280,0,280,https://www.senat.fr/scrutin-public/2020/scr2020-145.html
2020-146,2021-06-27T22:00:00+00:00,"sur les amendements identiques n° 198, présenté par Mme Marie-Claude Varaillas et les membres du groupe communiste républicain citoyen et écologiste, et n° 917, présenté par M. Daniel Salmon et les membres du groupe Écologiste - Solidarité et Territoires, de rédaction globale de l'article 52 du projet de loi, adopté par l'Assemblée nationale après engagement de la procédure accélérée, portant lutte contre le dérèglement climatique et renforcement de la résilience face à ses effets",67183,343,343,92,251,https://www.senat.fr/scrutin-public/2020/scr2020-146.html
2020-147,2021-06-27T22:00:00+00:00,"sur l'amendement n° A-1, présenté en seconde délibération par le Gouvernement, à l'article 68 du projet de loi, adopté par l'Assemblée nationale après engagement de la procédure accélérée, portant lutte contre le dérèglement climatique et renforcement de la résilience face à ses effets",67183,343,310,237,73,https://www.senat.fr/scrutin-public/2020/scr2020-147.html
2020-148,2021-06-28T22:00:00+00:00,sur l'ensemble du projet de loi portant lutte contre le dérèglement climatique et renforcement de la résilience face à ses effets,67183,347,293,193,100,https://www.senat.fr/scrutin-public/2020/scr2020-148.html
2020-149,2021-06-28T22:00:00+00:00,"sur l'amendement n° 106, présenté par Mme Agnès Canayer et M. Marc-Philippe Daubresse au nom de la commission des lois, à l'article 19 du projet de loi, adopté par l'Assemblée nationale après engagement de la procédure accélérée, relatif à la prévention d'actes de terrorisme et au renseignement",67542,344,344,226,118,https://www.senat.fr/scrutin-public/2020/scr2020-149.html
2020-15,2020-11-03T23:00:00+00:00,sur l'ensemble du texte élaboré par la commission mixte paritaire sur le projet de loi relatif aux conditions de mise sur le marché de certains produits phytopharmaceutiques en cas de danger sanitaire pour les betteraves sucrières,65465,341,313,183,130,https://www.senat.fr/scrutin-public/2020/scr2020-15.html
2020-150,2021-06-28T22:00:00+00:00,"sur les amendements identiques n° 3 rectifié, présenté par Mme Nathalie Delattre et plusieurs de ses collègues, et n° 95 rectifié bis, présenté par Mme Catherine Morin-Desailly et plusieurs de ses collègues, à larticle 19 du projet de loi, adopté par lAssemblée nationale après engagement de la procédure accélérée, relatif à la prévention dactes de terrorisme et au renseignement",67542,344,344,58,286,https://www.senat.fr/scrutin-public/2020/scr2020-150.html
2020-151,2021-06-28T22:00:00+00:00,"sur lamendement n° 63 rectifié, présenté par M. Jean-Pierre Sueur et les membres du groupe Socialiste, Écologiste et Républicain, à larticle 19 du projet de loi, adopté par lAssemblée nationale après engagement de la procédure accélérée, relatif à la prévention dactes de terrorisme et au renseignement",67542,344,344,118,226,https://www.senat.fr/scrutin-public/2020/scr2020-151.html
2020-152,2021-06-28T22:00:00+00:00,"sur les amendements identiques n° 4 rectifié, présenté par Mme Nathalie Delattre et plusieurs de ses collègues, et n° 96 rectifié bis, présenté par Mme Catherine Morin-Desailly et plusieurs de ses collègues, à larticle 19 du projet de loi, adopté par lAssemblée nationale après engagement de la procédure accélérée, relatif à la prévention dactes de terrorisme et au renseignement",67542,344,344,117,227,https://www.senat.fr/scrutin-public/2020/scr2020-152.html
2020-153,2021-06-28T22:00:00+00:00,"sur larticle 19 du projet de loi, adopté par lAssemblée nationale après engagement de la procédure accélérée, relatif à la prévention dactes de terrorisme et au renseignement",67542,344,344,227,117,https://www.senat.fr/scrutin-public/2020/scr2020-153.html
2020-154,2021-06-28T22:00:00+00:00,"sur lensemble du projet de loi, adopté par lAssemblée nationale après engagement de la procédure accélérée, relatif à la prévention dactes de terrorisme et au renseignement",67542,344,278,251,27,https://www.senat.fr/scrutin-public/2020/scr2020-154.html
2020-155,2021-06-30T22:00:00+00:00,"sur l'ensemble du projet de loi, adopté par l'Assemblée nationale, de finances rectificative pour 2021",,344,275,247,28,https://www.senat.fr/scrutin-public/2020/scr2020-155.html
2020-156,2021-07-04T22:00:00+00:00,"sur l'ensemble du projet de loi constitutionnelle, adopté par l'Assemblée nationale en deuxième lecture, complétant l'article 1er de la Constitution et relatif à la préservation de l'environnement",66985,342,337,210,127,https://www.senat.fr/scrutin-public/2020/scr2020-156.html
2020-157,2021-07-11T22:00:00+00:00,sur l'ensemble du texte élaboré par la commission mixte paritaire sur le projet de loi de finances rectificative pour 2021,,343,338,245,93,https://www.senat.fr/scrutin-public/2020/scr2020-157.html
2020-158,2021-07-14T22:00:00+00:00,"sur l'article 8 constituant l'ensemble du projet de loi, adopté par l'Assemblée nationale après engagement de la procédure accélérée, de règlement du budget et d'approbation des comptes de l'année 2020",,345,144,50,94,https://www.senat.fr/scrutin-public/2020/scr2020-158.html
2020-159,2021-07-19T22:00:00+00:00,"sur la motion n° 1, présentée par Mmes Jacqueline Eustache-Brinio et Dominique Vérien au nom de la commission des lois, tendant à opposer la question préalable au projet de loi, adopté par lAssemblée nationale en nouvelle lecture, confortant le respect des principes de la République",,330,320,205,115,https://www.senat.fr/scrutin-public/2020/scr2020-159.html
2020-16,2020-11-03T23:00:00+00:00,"sur l'ensemble du projet de loi, adopté par l'Assemblée nationale après engagement de la procédure accélérée, relatif au retour de biens culturels à la République du Bénin et à la République du Sénégal",,343,343,343,0,https://www.senat.fr/scrutin-public/2020/scr2020-16.html
2020-160,2021-07-19T22:00:00+00:00,"sur l'amendement n° A-1, présenté en seconde délibération par Mme Françoise Gatel et M. Mathieu Darnaud au nom de la commission des lois, à l'article 7 du projet de loi, modifié par lettre rectificative, relatif à la différenciation, la décentralisation, la déconcentration et portant diverses mesures de simplification de l'action publique locale (procédure accélérée)",67606,343,340,230,110,https://www.senat.fr/scrutin-public/2020/scr2020-160.html
2020-161,2021-07-20T22:00:00+00:00,"sur l'ensemble du projet de loi, modifié par lettre rectificative, relatif à la différenciation, la décentralisation, la déconcentration et portant diverses mesures de simplification de l'action publique locale (procédure accélérée)",67606,345,334,242,92,https://www.senat.fr/scrutin-public/2020/scr2020-161.html
2020-162,2021-07-20T22:00:00+00:00,"sur l'article 8 constituant l'ensemble du projet de loi, adopté par l'Assemblée nationale en nouvelle lecture, de règlement du budget et d'approbation des comptes de l'année 2020",,344,143,49,94,https://www.senat.fr/scrutin-public/2020/scr2020-162.html
2020-163,2021-07-20T22:00:00+00:00,"sur l'ensemble du projet de loi, adopté par l'Assemblée nationale en nouvelle lecture, relatif à la prévention d'actes de terrorisme et au renseignement",67542,344,278,252,26,https://www.senat.fr/scrutin-public/2020/scr2020-163.html
2020-164,2021-07-23T22:00:00+00:00,"sur les amendements identiques n° 13 rectifié bis, présenté par Mme Monique Lubin et plusieurs de ses collègues, n° 56, présenté par M. Guillaume Gontard et plusieurs de ses collègues, n° 110, présenté par M. Stéphane Ravier, n° 133, présenté par M. Loïc Hervé et plusieurs de ses collègues, n° 168, présenté par Mme Victoire Jasmin, et n° 184, présenté par Mme Éliane Assassi et les membres du groupe communiste républicain citoyen et écologiste, tendant à supprimer l'article 1er du projet de loi, adopté par l'Assemblée nationale après engagement de la procédure accélérée, rétablissant et complétant létat durgence sanitaire",,344,338,123,215,https://www.senat.fr/scrutin-public/2020/scr2020-164.html
2020-165,2021-07-23T22:00:00+00:00,"sur l'amendement n° 39, présenté par M. Pierre-Antoine Levi et plusieurs de ses collègues, à l'article 1er du projet de loi, adopté par l'Assemblée nationale après engagement de la procédure accélérée, rétablissant et complétant l'état d'urgence sanitaire",,343,337,60,277,https://www.senat.fr/scrutin-public/2020/scr2020-165.html
2020-166,2021-07-23T22:00:00+00:00,"sur l'article 1er du projet de loi, adopté par l'Assemblée nationale après engagement de la procédure accélérée, rétablissant et complétant l'état d'urgence sanitaire",,344,307,178,129,https://www.senat.fr/scrutin-public/2020/scr2020-166.html
2020-167,2021-07-23T22:00:00+00:00,"sur l'amendement n° 23, présenté par M. Fabien Genet et plusieurs de ses collègues, à l'article 5 du projet de loi, adopté par l'Assemblée nationale après engagement de la procédure accélérée, rétablissant et complétant létat durgence sanitaire",,343,338,78,260,https://www.senat.fr/scrutin-public/2020/scr2020-167.html
2020-168,2021-07-23T22:00:00+00:00,"sur l'amendement n° 29 rectifié ter, présenté par Mme Monique Lubin et plusieurs de ses collègues, tendant à insérer un article additionnel après l'article 5 du projet de loi, adopté par l'Assemblée nationale après engagement de la procédure accélérée, rétablissant et complétant létat durgence sanitaire",,343,338,76,262,https://www.senat.fr/scrutin-public/2020/scr2020-168.html
2020-169,2021-07-23T22:00:00+00:00,"sur l'ensemble du projet de loi, adopté par l'Assemblée nationale après engagement de la procédure accélérée, rétablissant et complétant l'état d'urgence sanitaire",,342,322,199,123,https://www.senat.fr/scrutin-public/2020/scr2020-169.html
2020-17,2020-11-08T23:00:00+00:00,"sur la motion n° 1057, présentée par Mme Laurence Cohen et les membres du groupe communiste républicain citoyen et écologiste, tendant à opposer la question préalable au projet de loi de financement de la sécurité sociale, adopté par l'Assemblée nationale, pour 2021",,343,267,15,252,https://www.senat.fr/scrutin-public/2020/scr2020-17.html
2020-170,2021-07-24T22:00:00+00:00,"sur l'ensemble du texte élaboré par la commission mixte paritaire, modifié par l'amendement proposé par le Gouvernement, sur le projet de loi relatif à la gestion de la crise sanitaire",68024,341,324,195,129,https://www.senat.fr/scrutin-public/2020/scr2020-170.html
2020-171,2021-09-20T22:00:00+00:00,sur l'ensemble du texte élaboré par la commission mixte paritaire sur le projet de loi organique modifiant la loi organique n° 2010-837 du 23 juillet 2010 relative à l'application du cinquième alinéa de l'article 13 de la Constitution,73549,343,332,331,1,https://www.senat.fr/scrutin-public/2020/scr2020-171.html
2020-172,2021-09-26T22:00:00+00:00,"sur larticle 1er de la proposition de loi organique, adoptée par lAssemblée nationale après engagement de la procédure accélérée, relative à la modernisation de la gestion des finances publiques",67590,343,278,252,26,https://www.senat.fr/scrutin-public/2020/scr2020-172.html
2020-173,2021-09-26T22:00:00+00:00,"sur lamendement n° 37, présenté par M. Pascal Savoldelli et les membres du groupe communiste républicain citoyen et écologiste, tendant à insérer un article additionnel après larticle 1er de la proposition de loi organique, adoptée par lAssemblée nationale après engagement de la procédure accélérée, relative à la modernisation de la gestion des finances publiques",67590,343,267,15,252,https://www.senat.fr/scrutin-public/2020/scr2020-173.html
2020-174,2021-09-26T22:00:00+00:00,"sur lensemble de la proposition de loi organique, adoptée par lAssemblée nationale après engagement de la procédure accélérée, relative à la modernisation de la gestion des finances publiques",67590,343,278,252,26,https://www.senat.fr/scrutin-public/2020/scr2020-174.html
2020-175,2021-09-27T22:00:00+00:00,"sur les amendements identiques n° 16 rectifié, présenté par Mme Raymonde Poncet Monge et plusieurs de ses collègues, n° 25, présenté par Mme Laurence Cohen et les membres du groupe communiste républicain citoyen et écologiste, n° 37, présenté par M. Bernard Jomier et les membres du groupe Socialiste, Écologiste et Républicain, et n° 50, présenté par le Gouvernement, à l'article 2 de la proposition de loi organique, adoptée par l'Assemblée nationale après engagement de la procédure accélérée, relative aux lois de financement de la sécurité sociale",,342,342,127,215,https://www.senat.fr/scrutin-public/2020/scr2020-175.html
2020-176,2021-09-27T22:00:00+00:00,"sur l'ensemble de la proposition de loi organique, adoptée par l'Assemblée nationale après engagement de la procédure accélérée, relative aux lois de financement de la sécurité sociale",,341,340,250,90,https://www.senat.fr/scrutin-public/2020/scr2020-176.html
2020-177,2021-09-27T22:00:00+00:00,"sur les amendements identiques n° 107 rectifié quater, présenté par M. Jean-Baptiste Blanc et plusieurs de ses collègues, n° 149, présenté par M. Paul Toussaint Parigi et plusieurs de ses collègues, et n° 189 rectifié quater, présenté par M. François Bonhomme et plusieurs de ses collègues, à l'article 3 du projet de loi, adopté par l'Assemblée nationale après engagement de la procédure accélérée, pour la confiance dans l'institution judiciaire",,341,220,59,161,https://www.senat.fr/scrutin-public/2020/scr2020-177.html
2020-178,2021-09-28T22:00:00+00:00,"sur l'ensemble du projet de loi organique, adopté par l'Assemblée nationale après engagement de la procédure accélérée, pour la confiance dans l'institution judiciaire",,341,341,250,91,https://www.senat.fr/scrutin-public/2020/scr2020-178.html
2020-179,2021-09-29T22:00:00+00:00,"sur l'amendement n° 86 rectifié bis, présenté par M. Arnaud Bazin et plusieurs de ses collègues, à l'article 2 de la proposition de loi, adoptée par l'Assemblée nationale après engagement de la procédure accélérée, visant à renforcer la lutte contre la maltraitance animale",,340,340,96,244,https://www.senat.fr/scrutin-public/2020/scr2020-179.html
2020-18,2020-11-11T23:00:00+00:00,"sur l'article 16 du projet de loi de financement de la sécurité sociale, adopté par l'Assemblée nationale, pour 2021",,344,332,317,15,https://www.senat.fr/scrutin-public/2020/scr2020-18.html
2020-180,2021-09-29T22:00:00+00:00,"sur l'amendement n° 96 rectifié, présenté par M. Arnaud Bazin et plusieurs de ses collègues, à l'article 4 de la proposition de loi, adoptée par l'Assemblée nationale après engagement de la procédure accélérée, visant à renforcer la lutte contre la maltraitance animale",,342,342,34,308,https://www.senat.fr/scrutin-public/2020/scr2020-180.html
2020-181,2021-09-29T22:00:00+00:00,"sur l'amendement n° 98 rectifié bis, présenté par M. Arnaud Bazin et plusieurs de ses collègues, à l'article 4 quater de la proposition de loi, adoptée par l'Assemblée nationale après engagement de la procédure accélérée, visant à renforcer la lutte contre la maltraitance animale",,341,341,97,244,https://www.senat.fr/scrutin-public/2020/scr2020-181.html
2020-182,2021-09-29T22:00:00+00:00,"sur l'amendement n° 145 rectifié, présenté par Mme Nadine Bellurot et plusieurs de ses collègues, à l'article 4 quinquies de la proposition de loi, adoptée par l'Assemblée nationale après engagement de la procédure accélérée, visant à renforcer la lutte contre la maltraitance animale",,341,340,3,337,https://www.senat.fr/scrutin-public/2020/scr2020-182.html
2020-183,2021-09-29T22:00:00+00:00,"sur l'amendement n° 169, présenté par M. Bernard Buis et les membres du groupe Rassemblement des démocrates, progressistes et indépendants, à l'article 4 quinquies de la proposition de loi, adoptée par l'Assemblée nationale après engagement de la procédure accélérée, visant à renforcer la lutte contre la maltraitance animale",,343,252,23,229,https://www.senat.fr/scrutin-public/2020/scr2020-183.html
2020-184,2021-09-29T22:00:00+00:00,"sur l'amendement n° 205 rectifié bis, présenté par Mme Anne Chain-Larché au nom de la commission des affaires économiques, à l'article 4 sexies de la proposition de loi, adoptée par l'Assemblée nationale après engagement de la procédure accélérée, visant à renforcer la lutte contre la maltraitance animale",,343,237,199,38,https://www.senat.fr/scrutin-public/2020/scr2020-184.html
2020-185,2021-09-29T22:00:00+00:00,"sur l'amendement n° 79 rectifié, présenté par M. Daniel Salmon et plusieurs de ses collègues, à larticle 8 de la proposition de loi, adoptée par l'Assemblée nationale après engagement de la procédure accélérée, visant à renforcer la lutte contre la maltraitance animale",,280,265,19,246,https://www.senat.fr/scrutin-public/2020/scr2020-185.html
2020-186,2021-09-29T22:00:00+00:00,"sur l'amendement n° 19, présenté par M. Fabien Gay et les membres du groupe communiste républicain citoyen et écologiste, à l'article 12 de la proposition de loi, adoptée par l'Assemblée nationale après engagement de la procédure accélérée, visant à renforcer la lutte contre la maltraitance animale",,342,260,31,229,https://www.senat.fr/scrutin-public/2020/scr2020-186.html
2020-187,2021-09-29T22:00:00+00:00,"sur l'amendement n° 126 rectifié bis, présenté par M. Arnaud Bazin et plusieurs de ses collègues, à l'article 12 de la proposition de loi, adoptée par l'Assemblée nationale après engagement de la procédure accélérée, visant à renforcer la lutte contre la maltraitance animale",,342,342,30,312,https://www.senat.fr/scrutin-public/2020/scr2020-187.html
2020-188,2021-09-29T22:00:00+00:00,"sur l'amendement n° 70, présenté par M. Daniel Salmon et plusieurs de ses collègues, à l'article 12 de la proposition de loi, adoptée par l'Assemblée nationale après engagement de la procédure accélérée, visant à renforcer la lutte contre la maltraitance animale",,342,261,16,245,https://www.senat.fr/scrutin-public/2020/scr2020-188.html
2020-189,2021-09-29T22:00:00+00:00,"sur l'amendement n° 176,  présenté par M. Bernard Buis, à l'article 12 de la proposition de loi, adoptée par l'Assemblée nationale après engagement de la procédure accélérée, visant à renforcer la lutte contre la maltraitance animale",,342,263,50,213,https://www.senat.fr/scrutin-public/2020/scr2020-189.html
2020-19,2020-11-12T23:00:00+00:00,"sur la troisième partie du projet de loi de financement de la sécurité sociale, adopté par l'Assemblée nationale, pour 2021",,343,340,247,93,https://www.senat.fr/scrutin-public/2020/scr2020-19.html
2020-190,2021-09-29T22:00:00+00:00,"sur l'amendement n° 127 rectifié bis, présenté par M. Arnaud Bazin et plusieurs de ses collègues, à l'article 12 de la proposition de loi, adoptée par l'Assemblée nationale après engagement de la procédure accélérée, visant à renforcer la lutte contre la maltraitance animale",,342,245,16,229,https://www.senat.fr/scrutin-public/2020/scr2020-190.html
2020-2,2020-10-18T22:00:00+00:00,sur l'ensemble de la proposition de loi constitutionnelle visant à garantir la prééminence des lois de la République,75920,252,229,229,0,https://www.senat.fr/scrutin-public/2020/scr2020-2.html
2020-20,2020-11-12T23:00:00+00:00,"sur l'amendement n° 1056, présenté par Mme Laurence Cohen et les membres du groupe communiste républicain citoyen et écologiste, à l'article 33 ter du projet de loi de financement de la sécurité sociale, adopté par l'Assemblée nationale, pour 2021",,343,327,93,234,https://www.senat.fr/scrutin-public/2020/scr2020-20.html
2020-21,2020-11-12T23:00:00+00:00,"sur l'amendement n° 449 rectifié quinquies, présenté par Mme Chantal Deseyne et plusieurs de ses collègues, à l'article 35 du projet de loi de financement de la sécurité sociale, adopté par l'Assemblée nationale, pour 2021",,342,333,130,203,https://www.senat.fr/scrutin-public/2020/scr2020-21.html
2020-22,2020-11-12T23:00:00+00:00,"sur l'article 35 du projet de loi de financement de la sécurité sociale, adopté par l'Assemblée nationale, pour 2021",,344,343,341,2,https://www.senat.fr/scrutin-public/2020/scr2020-22.html
2020-23,2020-11-13T23:00:00+00:00,"sur l'amendement n° 201, présenté par M. René-Paul Savary au nom de la commission des affaires sociales, tendant à insérer un article additionnel après l'article 47 quater du projet de loi de financement de la sécurité sociale, adopté par l'Assemblée nationale, pour 2021",,331,318,200,118,https://www.senat.fr/scrutin-public/2020/scr2020-23.html
2020-24,2020-11-15T23:00:00+00:00,"sur l'amendement n° 26 rectifié bis, présenté par Mme Sylvie Vermeillet et plusieurs de ses collègues, tendant à insérer un article additionnel après l'article 1er du projet de loi de finances rectificative, adopté par l'Assemblée nationale, pour 2020 (4)",,344,344,321,23,https://www.senat.fr/scrutin-public/2020/scr2020-24.html
2020-25,2020-11-15T23:00:00+00:00,"sur l'ensemble du projet de loi de finances rectificative, adopté par l'Assemblée nationale, pour 2020 (4)",,344,344,251,93,https://www.senat.fr/scrutin-public/2020/scr2020-25.html
2020-26,2020-11-16T23:00:00+00:00,"sur l'ensemble du projet de loi de financement de la sécurité sociale, adopté par l'Assemblée nationale, pour 2021",,346,296,190,106,https://www.senat.fr/scrutin-public/2020/scr2020-26.html
2020-27,2020-11-18T23:00:00+00:00,"sur la motion n° I-1069, présentée par M. Éric Bocquet et les membres du groupe communiste républicain citoyen et écologiste, tendant à opposer la question préalable au projet de loi de finances, adopté par l'Assemblée nationale, pour 2021",,344,267,15,252,https://www.senat.fr/scrutin-public/2020/scr2020-27.html
2020-28,2020-11-19T23:00:00+00:00,sur l'ensemble du texte élaboré par la commission mixte paritaire sur le projet de loi de programmation de la recherche pour les années 2021 à 2030 et portant diverses dispositions relatives à la recherche et à l'enseignement supérieur,65185,341,338,243,95,https://www.senat.fr/scrutin-public/2020/scr2020-28.html
2020-29,2020-11-19T23:00:00+00:00,"sur les amendements identiques n° I-202, présenté par M. Rémi Féraud et les membres du groupe Socialiste, Écologiste et Républicain, n° I-652, présenté par M. Pascal Savoldelli et les membres du groupe communiste républicain citoyen et écologiste, et n° I-890, présenté par Mme Sophie Taillé-Polian et plusieurs de ses collègues, tendant à supprimer l'article 3 du projet de loi de finances, adopté par l'Assemblée nationale, pour 2021",,343,343,95,248,https://www.senat.fr/scrutin-public/2020/scr2020-29.html
2020-3,2020-10-19T22:00:00+00:00,"sur l'amendement n° 16, présenté par M. Éric Kerrouche et les membres du groupe Socialiste, Écologiste et Républicain, tendant à insérer un article additionnel après l'article 4 de la proposition de loi constitutionnelle pour le plein exercice des libertés locales",,341,340,77,263,https://www.senat.fr/scrutin-public/2020/scr2020-3.html
2020-30,2020-11-20T23:00:00+00:00,"sur le sous-amendement n° I-1254, présenté par M. Vincent Delahaye et plusieurs de ses collègues, à l'amendement n° I-58 rectifié, présenté par M. Jean-François Husson au nom de la commission des finances, tendant à insérer un article additionnel après l'article 4 du projet de loi de finances, adopté par l'Assemblée nationale, pour 2021",,344,344,174,170,https://www.senat.fr/scrutin-public/2020/scr2020-30.html
2020-31,2020-11-20T23:00:00+00:00,"sur l'amendement n° I-58 rectifié, présenté par M. Jean-François Husson au nom de la commission des finances, tendant à insérer un article additionnel après l'article 4 du projet de loi de finances, adopté par l'Assemblée nationale, pour 2021",,344,344,174,170,https://www.senat.fr/scrutin-public/2020/scr2020-31.html
2020-32,2020-11-22T23:00:00+00:00,"sur les amendements identiques  n° I-244, présenté par M. Rémi Féraud et les membres du groupe Socialiste, Écologiste et Républicain, n° I-531, présenté par M. Bernard Delcros et les membres du groupe Union Centriste, n° I-658, présenté par M. Pascal Savoldelli et les membres du groupe communiste républicain citoyen et écologiste, n° I-723 rectifié bis, présenté par Mme Patricia Schillinger et plusieurs de ses collègues, et n° I-917 rectifié, présenté par M. Daniel Salmon et plusieurs de ses collègues, tendant à supprimer l'article 13 du projet de loi de finances, adopté par l'Assemblée nationale, pour 2021",,343,330,176,154,https://www.senat.fr/scrutin-public/2020/scr2020-32.html
2020-33,2020-11-23T23:00:00+00:00,sur l'ensemble du texte élaboré par la commission mixte paritaire sur le projet de loi de finances rectificative pour 2020 (4),,343,342,249,93,https://www.senat.fr/scrutin-public/2020/scr2020-33.html
2020-34,2020-11-24T23:00:00+00:00,"sur l'ensemble de la proposition de résolution, en application de l'article 34-1 de la Constitution, portant sur la nécessité de reconnaître la République du Haut-Karabagh",66362,336,306,305,1,https://www.senat.fr/scrutin-public/2020/scr2020-34.html
2020-35,2020-11-24T23:00:00+00:00,"sur l'ensemble de la première partie du projet de loi de finances, adopté par l'Assemblée nationale, pour 2021",,343,273,243,30,https://www.senat.fr/scrutin-public/2020/scr2020-35.html
2020-36,2020-11-25T23:00:00+00:00,"sur la motion n° 1, présentée par M. Jean-Marie Vanlerenberghe au nom de la commission des affaires sociales, tendant à opposer la question préalable au projet de loi de financement de la sécurité sociale, adopté par l'Assemblée nationale en nouvelle lecture, pour 2021",,343,237,199,38,https://www.senat.fr/scrutin-public/2020/scr2020-36.html
2020-38,2020-11-29T23:00:00+00:00,"sur les crédits de la mission « Recherche et enseignement supérieur », figurant à l'état B du projet de loi de finances, adopté par l'Assemblée nationale, pour 2021",,344,344,252,92,https://www.senat.fr/scrutin-public/2020/scr2020-38.html
2020-39,2020-11-29T23:00:00+00:00,"sur les amendements identiques n° II-15 rectifié, présenté par M. Christian Klinger au nom de la commission des finances, et n° II-53, présenté par Mme Annie Delmont-Koropoulis au nom de la commission des affaires sociales, tendant à insérer un article additionnel après l'article 65 du projet de loi de finances, adopté par l'Assemblée nationale, pour 2021",,343,340,215,125,https://www.senat.fr/scrutin-public/2020/scr2020-39.html
2020-4,2020-10-19T22:00:00+00:00,sur l'ensemble de la proposition de loi constitutionnelle pour le plein exercice des libertés locales,,341,264,216,48,https://www.senat.fr/scrutin-public/2020/scr2020-4.html
2020-40,2020-12-06T23:00:00+00:00,"sur l'amendement n° II-1394 rectifié, présenté par M. Hervé Marseille et les membres du groupe Union Centriste, tendant à insérer un article additionnel après l'article 49 bis du projet de loi de finances, adopté par l'Assemblée nationale, pour 2021",,343,343,160,183,https://www.senat.fr/scrutin-public/2020/scr2020-40.html
2020-41,2020-12-07T23:00:00+00:00,"sur l'ensemble du projet de loi de finances, adopté par l'Assemblée nationale, pour 2021",,347,307,211,96,https://www.senat.fr/scrutin-public/2020/scr2020-41.html
2020-42,2020-12-07T23:00:00+00:00,"sur l'ensemble du projet de loi organique, adopté par l'Assemblée nationale après engagement de la procédure accélérée, relatif aux délais d'organisation des élections législatives et sénatoriales partielles",66363,307,307,307,0,https://www.senat.fr/scrutin-public/2020/scr2020-42.html
2020-43,2020-12-08T23:00:00+00:00,sur l'article 1er de la proposition de loi portant création d'un pôle public du médicament et des produits médicaux,65222,343,267,27,240,https://www.senat.fr/scrutin-public/2020/scr2020-43.html
2020-44,2020-12-08T23:00:00+00:00,sur l'article 2 de la proposition de loi portant création d'un pôle public du médicament et des produits médicaux,65222,343,267,27,240,https://www.senat.fr/scrutin-public/2020/scr2020-44.html
2020-45,2020-12-08T23:00:00+00:00,sur l'article 5 constituant l'ensemble de la proposition de loi portant création d'un pôle public du médicament et des produits médicaux,65222,343,279,27,252,https://www.senat.fr/scrutin-public/2020/scr2020-45.html
2020-46,2020-12-09T23:00:00+00:00,sur l'ensemble de la proposition de loi visant à supprimer la possibilité ouverte au dirigeant d'une entreprise de déposer une offre de rachat de l'entreprise après avoir organisé son dépôt de bilan,65642,343,226,56,170,https://www.senat.fr/scrutin-public/2020/scr2020-46.html
2020-47,2020-12-09T23:00:00+00:00,"sur les amendements identiques n°1 rectifié bis, présenté par M. Max Brisson et plusieurs de ses collègues, n° 3, présenté par M. Ronan Dantec et plusieurs de ses collègues, n° 6 rectifié, présenté par Mme Sylvie Robert et les membres du groupe Socialiste, Écologiste et Républicain, n° 15 rectifié bis, présenté par M. Jean-Pierre Decool et plusieurs de ses collègues, n° 17 rectifié quater, présenté par M. Bernard Delcros et plusieurs de ses collègues, et n° 18 rectifié,  présenté par Mme Nadège Havet et plusieurs de ses collègues, tendant à insérer un article additionnel après l'article 2 bis de la proposition de loi, adoptée par l'Assemblée nationale, relative à la protection patrimoniale des langues régionales et à leur promotion",62883,343,312,253,59,https://www.senat.fr/scrutin-public/2020/scr2020-47.html
2020-48,2020-12-09T23:00:00+00:00,"sur l'ensemble de la proposition de loi constitutionnelle visant, face à la crise actuelle à construire le monde d'après fondé sur la préservation des biens communs",,343,321,92,229,https://www.senat.fr/scrutin-public/2020/scr2020-48.html
2020-49,2020-12-09T23:00:00+00:00,sur l'ensemble de la proposition de loi visant à instaurer une contribution exceptionnelle sur les assurances pour concourir à la solidarité nationale face aux conséquences économiques et sociales d'une crise sanitaire majeure,64564,343,332,106,226,https://www.senat.fr/scrutin-public/2020/scr2020-49.html
2020-5,2020-10-19T22:00:00+00:00,sur l'ensemble de la proposition de loi organique pour le plein exercice des libertés locales,,340,263,236,27,https://www.senat.fr/scrutin-public/2020/scr2020-5.html
2020-50,2020-12-09T23:00:00+00:00,sur l'ensemble du texte élaboré par la commission mixte paritaire sur le projet de loi organique relatif aux délais d'organisation des élections législatives et sénatoriales partielles,66363,343,343,343,0,https://www.senat.fr/scrutin-public/2020/scr2020-50.html
2020-51,2020-12-13T23:00:00+00:00,"sur la motion n° 1, présentée par Mme Muriel Jourda au nom de la commission des lois, tendant à opposer la question préalable au projet de loi organique, adopté par l'Assemblée nationale en nouvelle lecture, relatif au Conseil économique, social et environnemental",65064,343,315,265,50,https://www.senat.fr/scrutin-public/2020/scr2020-51.html
2020-52,2020-12-15T23:00:00+00:00,"sur la motion n° I-1, présentée par M. Jean-François Husson au nom de la commission des finances, tendant à opposer la question préalable au projet de loi de finances, adopté par l'Assemblée nationale en nouvelle lecture, pour 2021",,343,273,195,78,https://www.senat.fr/scrutin-public/2020/scr2020-52.html
2020-53,2021-01-19T23:00:00+00:00,"sur la motion n° 1, présentée par Mme Corinne Imbert et les membres du groupe Les Républicains, tendant à opposer la question préalable à la proposition de loi, adoptée par l'Assemblée nationale, visant à renforcer le droit à l'avortement",65386,344,343,201,142,https://www.senat.fr/scrutin-public/2020/scr2020-53.html
2020-54,2021-01-19T23:00:00+00:00,sur l'article 1er de la proposition de loi relative aux droits nouveaux dès dix-huit ans,66544,343,325,93,232,https://www.senat.fr/scrutin-public/2020/scr2020-54.html
2020-55,2021-01-19T23:00:00+00:00,sur l'article 2 de la proposition de loi relative aux droits nouveaux dès dix-huit ans,66544,343,325,93,232,https://www.senat.fr/scrutin-public/2020/scr2020-55.html
2020-56,2021-01-20T23:00:00+00:00,"sur l'amendement n° 17 rectifié, présenté par Mme Marie-Pierre de La Gontrie et les membres du groupe Socialiste, Écologiste et Républicain, à l'article 1er de la proposition de loi visant à protéger les jeunes mineurs des crimes sexuels",,343,326,97,229,https://www.senat.fr/scrutin-public/2020/scr2020-56.html
2020-57,2021-01-20T23:00:00+00:00,sur l'ensemble de la proposition de loi visant à protéger les jeunes mineurs des crimes sexuels,,345,343,343,0,https://www.senat.fr/scrutin-public/2020/scr2020-57.html
2020-58,2021-01-26T23:00:00+00:00,"sur l'ensemble du projet de loi, adopté par l'Assemblée nationale après engagement de la procédure accélérée, prorogeant l'état d'urgence sanitaire",,344,274,235,39,https://www.senat.fr/scrutin-public/2020/scr2020-58.html
2020-59,2021-01-27T23:00:00+00:00,"sur la motion n° 1, présentée par M. Pascal Savoldelli et les membres du groupe communiste républicain citoyen et écologiste, tendant à opposer la question préalable au projet de loi, adopté par l'Assemblée nationale, autorisant l'approbation de l'accord de coopération entre le Gouvernement de la République française et les Gouvernements des États membres de l'Union monétaire ouest-africaine",,343,266,15,251,https://www.senat.fr/scrutin-public/2020/scr2020-59.html
2020-6,2020-10-21T22:00:00+00:00,"sur l'amendement n° 3 rectifié bis, présenté par M. Jean-Marc Boyer et plusieurs de ses collègues, à l'article 2 de la proposition de loi visant à réformer la procédure d'octroi de la dotation d'équipement des territoires ruraux",65002,330,235,148,87,https://www.senat.fr/scrutin-public/2020/scr2020-6.html
2020-60,2021-01-27T23:00:00+00:00,"sur l'ensemble du projet de loi, adopté par l'Assemblée nationale, autorisant l'approbation de l'accord de coopération entre le Gouvernement de la République française et les Gouvernements des États membres de l'Union monétaire ouest-africaine",,343,263,241,22,https://www.senat.fr/scrutin-public/2020/scr2020-60.html
2020-61,2021-02-01T23:00:00+00:00,"sur les amendements identiques n° 3 rectifié ter, présenté par Mme Anne Chain-Larché et plusieurs de ses collègues, n° 6 rectifié, présenté par M. Jean-Marie Mizzon et plusieurs de ses collègues, n° 38 rectifié bis, présenté par M. Stéphane Le Rudulier et plusieurs de ses collègues, et n° 103 rectifié quater, présenté par Mme Sylviane Noël et plusieurs de ses collègues, tendant à supprimer l'article 1er du projet de loi, adopté avec modifications par l'Assemblée nationale en deuxième lecture, relatif à la bioéthique",61743,329,296,122,174,https://www.senat.fr/scrutin-public/2020/scr2020-61.html
2020-62,2021-02-01T23:00:00+00:00,"sur l'amendement n° 126, présenté par M. Daniel Salmon et plusieurs de ses collègues, à l'article 1er du projet de loi, adopté avec modifications par l'Assemblée nationale en deuxième lecture, relatif à la bioéthique",61743,335,333,100,233,https://www.senat.fr/scrutin-public/2020/scr2020-62.html
2020-63,2021-02-01T23:00:00+00:00,"sur l'amendement n° 85, présenté par Mme Laurence Cohen et les membres du groupe communiste républicain citoyen et écologiste, à l'article 1er du projet de loi, adopté avec modifications par l'Assemblée nationale en deuxième lecture, relatif à la bioéthique",61743,339,337,121,216,https://www.senat.fr/scrutin-public/2020/scr2020-63.html
2020-64,2021-02-01T23:00:00+00:00,"sur les amendements identiques n° 30 rectifié, présenté par le Gouvernement, et n° 113 rectifié bis, présenté par Mme Véronique Guillotin et plusieurs de ses collègues, à l'article 1er du projet de loi, adopté avec modifications par l'Assemblée nationale en deuxième lecture, relatif à la bioéthique",61743,339,337,137,200,https://www.senat.fr/scrutin-public/2020/scr2020-64.html
2020-65,2021-02-01T23:00:00+00:00,"sur l'amendement n° 16 rectifié ter, présenté par M. Dominique de Legge et plusieurs de ses collègues, à l'article 1er du projet de loi, adopté avec modifications par l'Assemblée nationale en deuxième lecture, relatif à la bioéthique",61743,336,306,94,212,https://www.senat.fr/scrutin-public/2020/scr2020-65.html
2020-66,2021-02-01T23:00:00+00:00,"sur les amendements identiques n° 7 rectifié bis, présenté par M. Jean-Marie Mizzon, et n° 23 rectifié quinquies, présenté par M. Dominique de Legge, à l'article 1er du projet de loi, adopté avec modifications par l'Assemblée nationale en deuxième lecture, relatif à la bioéthique",61743,300,298,170,128,https://www.senat.fr/scrutin-public/2020/scr2020-66.html
2020-67,2021-02-01T23:00:00+00:00,"sur l'amendement n° 118 rectifié, présenté par Mme Véronique Guillotin et plusieurs de ses collègues, à l'article 1er du projet de loi, adopté avec modifications par l'Assemblée nationale en deuxième lecture, relatif à la bioéthique",61743,338,324,132,192,https://www.senat.fr/scrutin-public/2020/scr2020-67.html
2020-68,2021-02-01T23:00:00+00:00,"sur l'amendement n° 36 rectifié bis, présenté par Mme Élisabeth Doineau et plusieurs de ses collègues, à l'article 1er du projet de loi, adopté avec modifications par l'Assemblée nationale en deuxième lecture, relatif à la bioéthique",61743,338,330,140,190,https://www.senat.fr/scrutin-public/2020/scr2020-68.html
2020-69,2021-02-01T23:00:00+00:00,"sur l'amendement n° 154, présenté par Mme Marie-Pierre de La Gontrie et plusieurs de ses collègues, à l'article 1er du projet de loi, adopté avec modifications par l'Assemblée nationale en deuxième lecture, relatif à la bioéthique",61743,336,329,139,190,https://www.senat.fr/scrutin-public/2020/scr2020-69.html
2020-7,2020-10-26T23:00:00+00:00,"sur les amendements identiques n° 2, présenté par M. Fabien Gay et les membres du groupe communiste républicain citoyen et écologiste, n° 7, présenté par M. Jean-Claude Tissot et les membres du groupe Socialiste, Écologiste et Républicain, et n° 14 rectifié, présenté par M. Joël Labbé et plusieurs de ses collègues, tendant à supprimer l'article 1er du projet de loi, adopté par l'Assemblée nationale après engagement de la procédure accélérée, relatif aux conditions de mise sur le marché de certains produits phytopharmaceutiques en cas de danger sanitaire pour les betteraves sucrières",65465,338,317,159,158,https://www.senat.fr/scrutin-public/2020/scr2020-7.html
2020-70,2021-02-01T23:00:00+00:00,"sur l'article 1er du projet de loi, adopté avec modifications par l'Assemblée nationale en deuxième lecture, relatif à la bioéthique",61743,332,180,48,132,https://www.senat.fr/scrutin-public/2020/scr2020-70.html
2020-71,2021-02-02T23:00:00+00:00,"sur l'amendement 12 rectifié septies, présenté par Mme Martine Berthet et plusieurs de ses collègues, à l'article 4 du projet de loi, adopté avec modifications par l'Assemblée nationale en deuxième lecture, relatif à la bioéthique",61743,228,212,151,61,https://www.senat.fr/scrutin-public/2020/scr2020-71.html
2020-72,2021-02-02T23:00:00+00:00,"sur les amendements identiques n° 31, présenté par le Gouvernement, et n° 91 rectifié présenté par Mme Laurence Cohen et plusieurs de ses collègues, à l'article 4 bis du projet de loi, adopté avec modifications par l'Assemblée nationale en deuxième lecture, relatif à la bioéthique",61743,292,289,70,219,https://www.senat.fr/scrutin-public/2020/scr2020-72.html
2020-73,2021-02-02T23:00:00+00:00,"sur les amendements identiques n° 71 rectifié, présenté par M. André Reichardt et plusieurs de ses collègues, et n° 144, présenté par M. Stéphane Ravier, tendant à supprimer l'article 14 du projet de loi, adopté avec modifications par l'Assemblée nationale en deuxième lecture, relatif à la bioéthique",61743,323,301,96,205,https://www.senat.fr/scrutin-public/2020/scr2020-73.html
2020-74,2021-02-02T23:00:00+00:00,"sur les amendements identiques n° 32, présenté par le Gouvernement, et n° 172, présenté par M. Bernard Jomier et plusieurs de ses collègues, à l'article 14 du projet de loi, adopté avec modifications par l'Assemblée nationale en deuxième lecture, relatif à la bioéthique",61743,291,278,90,188,https://www.senat.fr/scrutin-public/2020/scr2020-74.html
2020-75,2021-02-02T23:00:00+00:00,"sur l'amendement n°171, présenté par M. Bernard Jomier et plusieurs de ses collègues, à l'article 15 du projet de loi, adopté avec modifications par l'Assemblée nationale en deuxième lecture, relatif à la bioéthique",61743,293,276,90,186,https://www.senat.fr/scrutin-public/2020/scr2020-75.html
2020-76,2021-02-02T23:00:00+00:00,"sur l'amendement n° 62 rectifié ter, présenté par M. Guillaume Chevrollier et plusieurs de ses collègues, tendant à supprimer l'article 19 bis A du projet de loi, adopté avec modifications par l'Assemblée nationale en deuxième lecture, relatif à la bioéthique",61743,314,275,82,193,https://www.senat.fr/scrutin-public/2020/scr2020-76.html
2020-77,2021-02-02T23:00:00+00:00,"sur les amendements identiques n° 94, présenté par Mme Laurence Cohen et les membres du groupe communiste, républicain citoyen et écologiste, et n° 137, présenté par M. Daniel Salmon et plusieurs de ses collègues, à l'article 20 du projet de loi, adopté avec modifications par l'Assemblée nationale en deuxième lecture, relatif à la bioéthique",61743,328,306,98,208,https://www.senat.fr/scrutin-public/2020/scr2020-77.html
2020-78,2021-02-02T23:00:00+00:00,"sur les amendements identiques n° 11 rectifié, présenté par M. Jean-Marie Mizzon et plusieurs de ses collègues, n° 44 rectifié, présenté par M. Stéphane Le Rudulier et plusieurs de ses collègues, n° 63 rectifié quater, présenté par M. Guillaume Chevrollier et plusieurs de ses collègues, n° 75 rectifié bis, présenté par M. André Reichardt et plusieurs de ses collègues, et n° 111 rectifié quater, présenté par Mme Sylviane Noël et M. Bruno Sido, à l'article 20 du projet de loi, adopté avec modifications par l'Assemblée nationale en deuxième lecture, relatif à la bioéthique",61743,330,302,102,200,https://www.senat.fr/scrutin-public/2020/scr2020-78.html
2020-79,2021-02-02T23:00:00+00:00,"sur la demande de seconde délibération, présentée par le Gouvernement, de l'article 4 du projet de loi, adopté avec modifications par l'Assemblée nationale en deuxième lecture, relatif à la bioéthique",61743,344,343,129,214,https://www.senat.fr/scrutin-public/2020/scr2020-79.html
2020-8,2020-10-26T23:00:00+00:00,"sur l'ensemble du projet de loi, adopté par l'Assemblée nationale après engagement de la procédure accélérée, relatif aux conditions de mise sur le marché de certains produits phytopharmaceutiques en cas de danger sanitaire pour les betteraves sucrières",65465,340,312,184,128,https://www.senat.fr/scrutin-public/2020/scr2020-8.html
2020-80,2021-02-03T23:00:00+00:00,"sur l'ensemble du projet de loi, adopté par l'Assemblée nationale après engagement de la procédure accélérée, autorisant l'approbation de la décision (UE, Euratom) 2020/2053 du Conseil du 14 décembre 2020 relative au système des ressources propres de l'Union européenne et abrogeant la décision 2014/335/UE, Euratom",66904,342,279,260,19,https://www.senat.fr/scrutin-public/2020/scr2020-80.html
2020-81,2021-02-15T23:00:00+00:00,"sur l'amendement n° 5 rectifié, présenté par M. Pascal Savoldelli et les membres du groupe communiste républicain citoyen et écologiste, tendant à insérer un article additionnel après l'article 3 du projet de loi, adopté par l'Assemblée nationale après engagement de la procédure accélérée, ratifiant diverses ordonnances prises sur le fondement de l'article 11 de la loi n° 2020-290 du 23 mars 2020 d'urgence pour faire face à l'épidémie de covid-19",,331,319,80,239,https://www.senat.fr/scrutin-public/2020/scr2020-81.html
2020-82,2021-02-16T23:00:00+00:00,"sur la motion n° 144, présentée par Mme Laurence Cohen et les membres du groupe communiste républicain citoyen et écologiste, tendant à opposer la question préalable à la proposition de loi après engagement de la procédure accélérée, adoptée par l'Assemblée nationale, visant à améliorer le système de santé par la confiance et la simplification",66003,345,281,27,254,https://www.senat.fr/scrutin-public/2020/scr2020-82.html
2020-83,2021-02-16T23:00:00+00:00,"sur la motion n° 70, présentée par M. Bernard Jomier et les membres du groupe Socialiste, Écologiste et Républicain, tendant au renvoi en commission de la proposition de loi, adoptée par l'Assemblée nationale  après engagement de la procédure accélérée, visant à améliorer le système de santé par la confiance et la simplification",66003,345,345,91,254,https://www.senat.fr/scrutin-public/2020/scr2020-83.html
2020-84,2021-02-17T23:00:00+00:00,"sur l'amendement n° 32, présenté par le Gouvernement, à l'article 2 du projet de loi organique, adopté par l'Assemblée nationale après engagement de la procédure accélérée, portant diverses mesures relatives à l'élection du Président de la République",66786,344,344,23,321,https://www.senat.fr/scrutin-public/2020/scr2020-84.html
2020-85,2021-02-17T23:00:00+00:00,"sur l'ensemble du projet de loi organique, adopté par l'Assemblée nationale après engagement de la procédure accélérée, portant diverses mesures relatives à l'élection du Président de la République",66786,344,264,252,12,https://www.senat.fr/scrutin-public/2020/scr2020-85.html
2020-86,2021-03-09T23:00:00+00:00,"sur les amendements identiques n° 1 rectifié, présenté par M. Max Brisson et plusieurs de ses collègues, et n° 32 rectifié bis, présenté par Mme Sonia de La Provôté et les membres du groupe Union Centriste, à l'article 1er de la proposition de loi, adoptée par l'Assemblée nationale, créant la fonction de directrice ou de directeur d'école",,345,344,252,92,https://www.senat.fr/scrutin-public/2020/scr2020-86.html
2020-87,2021-03-09T23:00:00+00:00,"sur l'ensemble de la proposition de loi, adoptée par l'Assemblée nationale, créant la fonction de directrice ou de directeur d'école",,343,343,251,92,https://www.senat.fr/scrutin-public/2020/scr2020-87.html
2020-88,2021-03-10T23:00:00+00:00,"sur l'amendement n° 2 rectifié, présenté par M. Pierre Médevielle et plusieurs de ses collègues, tendant à supprimer l'article 1er de la proposition de loi visant à établir le droit à mourir dans la dignité",,331,303,161,142,https://www.senat.fr/scrutin-public/2020/scr2020-88.html
2020-89,2021-03-10T23:00:00+00:00,sur l'ensemble du texte élaboré par la commission mixte paritaire sur le projet de loi organique relatif à l'élection du Président de la République,,344,317,317,0,https://www.senat.fr/scrutin-public/2020/scr2020-89.html
2020-9,2020-10-27T23:00:00+00:00,"sur les amendements identiques n° 75 rectifié bis et n° 167 rectifié à l'article 2 du projet de loi de programmation, adopté par l'Assemblée nationale après engagement de la procédure accélérée, de la recherche pour les années 2021 à 2030 et portant diverses dispositions relatives à la recherche et à l'enseignement supérieur",65185,341,341,106,235,https://www.senat.fr/scrutin-public/2020/scr2020-9.html
2020-90,2021-03-15T23:00:00+00:00,"sur la motion n° 70, présentée par Mme Éliane Assassi et les membres du groupe communiste républicain citoyen et écologiste, tendant à opposer la question préalable à la proposition de loi, adoptée par l'Assemblée nationale après engagement de la procédure accélérée, relative à la sécurité globale",,346,346,92,254,https://www.senat.fr/scrutin-public/2020/scr2020-90.html
2020-91,2021-03-17T23:00:00+00:00,"sur l'amendement n° 134, présenté par M. Guillaume Gontard et plusieurs de ses collègues, à l'article 22 bis de la proposition de loi, adoptée par l'Assemblée nationale après engagement de la procédure accélérée, relative à la sécurité globale",,344,344,96,248,https://www.senat.fr/scrutin-public/2020/scr2020-91.html
2020-92,2021-03-17T23:00:00+00:00,"sur l'article 24 de la proposition de loi, adoptée par l'Assemblée nationale après engagement de la procédure accélérée, relative à la sécurité globale",,345,345,248,97,https://www.senat.fr/scrutin-public/2020/scr2020-92.html
2020-93,2021-03-17T23:00:00+00:00,"sur les amendements identiques n° 61 rectifié, présenté par M. Laurent Lafon et plusieurs de ses collègues, n° 85 rectifié, présenté par Mme Éliane Assassi et les membres du groupe communiste républicain citoyen et écologiste, n° 146 rectifié, présenté par M. Guy Benarroche et plusieurs de ses collègues, n° 178 rectifié, présenté par M. Jean-Yves Roux et plusieurs de ses collègues, et n° 282 rectifié bis, présenté par M. Jérôme Durain et les membres du groupe Socialiste, Écologiste et Républicain, tendant à supprimer l'article 25 de la proposition de loi, adoptée par l'Assemblée nationale après engagement de la procédure accélérée, relative à la sécurité globale",,342,335,124,211,https://www.senat.fr/scrutin-public/2020/scr2020-93.html
2020-94,2021-03-17T23:00:00+00:00,"sur l'article 25 de la proposition de loi, adoptée par l'Assemblée nationale après engagement de la procédure accélérée, relative à la sécurité globale",,342,335,214,121,https://www.senat.fr/scrutin-public/2020/scr2020-94.html
2020-95,2021-03-17T23:00:00+00:00,"sur l'ensemble de la proposition de loi, adoptée par l'Assemblée nationale après engagement de la procédure accélérée, relative à la sécurité globale",,345,336,238,98,https://www.senat.fr/scrutin-public/2020/scr2020-95.html
2020-96,2021-03-22T23:00:00+00:00,"sur l'ensemble de la proposition de résolution, en application de l'article 34-1 de la Constitution, invitant le Gouvernement à étudier la possibilité d'une mise en cohérence de sa politique énergétique avec ses ambitions écologiques",,344,261,227,34,https://www.senat.fr/scrutin-public/2020/scr2020-96.html
2020-97,2021-03-24T23:00:00+00:00,"sur l'ensemble de la proposition de loi, modifiée par l'Assemblée nationale, visant à protéger les mineurs des crimes et délits sexuels et de l'inceste",66423,346,276,276,0,https://www.senat.fr/scrutin-public/2020/scr2020-97.html
2020-98,2021-03-29T22:00:00+00:00,"sur les amendements identiques n° 150 rectifié ter, présenté par Mme Nathalie Delattre et plusieurs de ses collègues, et n° 286 rectifié bis, présenté par M. Max Brisson et plusieurs de ses collègues, à l'article 1er du projet de loi, adopté par l'Assemblée nationale après engagement de la procédure accélérée, confortant le respect des principes de la République",,332,318,177,141,https://www.senat.fr/scrutin-public/2020/scr2020-98.html
2020-99,2021-03-30T22:00:00+00:00,"sur l'amendement n° 290 rectifié bis, présenté par M. Bruno Retailleau et plusieurs de ses collègues, tendant à insérer un article additionnel après l'article 2 bis du projet de loi, adopté par l'Assemblée nationale après engagement de la procédure accélérée, confortant le respect des principes de la République",,293,265,157,108,https://www.senat.fr/scrutin-public/2020/scr2020-99.html
2021-1,2021-10-05T22:00:00+00:00,sur l'article unique constituant l'ensemble de la proposition de loi tendant à permettre l'examen par le Parlement de la ratification de l'ordonnance n° 2021-702 du 2 juin 2021 portant réforme de l'encadrement supérieur de la fonction publique de l'État,,276,257,32,225,https://www.senat.fr/scrutin-public/2021/scr2021-1.html
2021-10,2021-10-13T22:00:00+00:00,sur l'ensemble de la proposition de loi visant à maintenir les barrages hydroélectriques dans le domaine public et à créer un service public des énergies renouvelables,68168,344,335,14,321,https://www.senat.fr/scrutin-public/2021/scr2021-10.html
2021-100,2022-02-15T23:00:00+00:00,sur l'ensemble du texte élaboré par la commission mixte paritaire sur la proposition de loi organique visant à renforcer le rôle du Défenseur des droits en matière de signalement d'alerte,68002,345,345,345,0,https://www.senat.fr/scrutin-public/2021/scr2021-100.html
2021-101,2022-02-15T23:00:00+00:00,"sur la motion n° 7, présentée par M. Michel Savin au nom de la commission de la culture, tendant à opposer la question préalable à la proposition de loi, adoptée par l""Assemblée nationale en nouvelle lecture, visant à démocratiser le sport en France",67005,344,337,208,129,https://www.senat.fr/scrutin-public/2021/scr2021-101.html
2021-102,2022-02-15T23:00:00+00:00,"sur la motion n° 1, présentée par Mme Catherine Deroche au nom de la commission des affaires sociales, tendant à opposer la question préalable à la proposition de loi, adoptée par l'Assemblée nationale en nouvelle lecture, visant à renforcer le droit à l'avortement",65386,344,335,206,129,https://www.senat.fr/scrutin-public/2021/scr2021-102.html
2021-103,2022-02-16T23:00:00+00:00,"sur l'amendement n° 4, présenté par M. Olivier Jacquin et les membres du groupe Socialiste, Écologiste et Républicain, à l'article 1er septdecies du projet de loi, modifié par l'Assemblée nationale en deuxième lecture, ratifiant les ordonnances prises sur le fondement de l'article 13 de la loi n° 2019-816 du 2 août 2019 relative aux compétences de la Collectivité européenne d'Alsace",67945,343,314,66,248,https://www.senat.fr/scrutin-public/2021/scr2021-103.html
2021-104,2022-02-16T23:00:00+00:00,"sur l'ensemble du projet de loi, modifié par l'Assemblée nationale en première lecture, ratifiant les ordonnances prises sur le fondement de l'article 13 de la loi n° 2019-816 du 2 août 2019 relative aux compétences de la Collectivité européenne d'Alsace",67945,342,313,247,66,https://www.senat.fr/scrutin-public/2021/scr2021-104.html
2021-105,2022-02-16T23:00:00+00:00,"sur la motion n° 1, présentée par M. Olivier Paccaud au nom de la commission de la culture, tendant à opposer la question préalable à la proposition de loi, adoptée par l'Assemblée nationale en nouvelle lecture, visant à combattre le harcèlement scolaire",68505,343,342,214,128,https://www.senat.fr/scrutin-public/2021/scr2021-105.html
2021-106,2022-02-16T23:00:00+00:00,"sur l'ensemble du texte élaboré par la commission mixte paritaire sur la proposition de loi pour un accès plus juste, plus simple et plus transparent au marché de l'assurance emprunteur",,343,343,343,0,https://www.senat.fr/scrutin-public/2021/scr2021-106.html
2021-107,2022-02-20T23:00:00+00:00,"sur les amendements identiques n° 1, présenté par M. Jean-Pierre Sueur et les membres du groupe Socialiste, Écologiste et Républicain, n° 5, présenté par Mme Éliane Assassi et les membres du groupe communiste républicain citoyen et écologiste, et n° 18 rectifié, présenté par Mme Jacqueline Eustache-Brinio et M. Stéphane Le Rudulier, tendant à supprimer l'article 6 du projet de loi ratifiant l'ordonnance n° 2021-1605 du 8 décembre 2021 étendant et adaptant à la fonction publique des communes de Polynésie française certaines dispositions statutaires relatives à la fonction publique territoriale",68837,344,294,237,57,https://www.senat.fr/scrutin-public/2021/scr2021-107.html
2021-108,2022-02-20T23:00:00+00:00,sur l'ensemble du projet de loi ratifiant l'ordonnance n° 2021-1605 du 8 décembre 2021 étendant et adaptant à la fonction publique des communes de Polynésie française certaines dispositions statutaires relatives à la fonction publique territoriale,68837,268,268,268,0,https://www.senat.fr/scrutin-public/2021/scr2021-108.html
2021-109,2022-02-22T23:00:00+00:00,"sur l'amendement n° 1, présenté par M. Patrick Kanner et les membres du groupe Socialiste, Écologiste et Républicain, à l'article 1er de la proposition de loi visant à créer une garantie à l'emploi pour les chômeurs de longue durée, dans des activités utiles à la reconstruction écologique et au développement du lien social",68836,343,329,91,238,https://www.senat.fr/scrutin-public/2021/scr2021-109.html
2021-11,2021-10-18T22:00:00+00:00,"sur l'ensemble du projet de loi, adopté par l'Assemblée nationale après engagement de la procédure accélérée, relatif à la responsabilité pénale et à la sécurité intérieure",68022,330,263,235,28,https://www.senat.fr/scrutin-public/2021/scr2021-11.html
2021-110,2022-02-22T23:00:00+00:00,"sur l'amendement n° 2, présenté par M. Patrick Kanner et les membres du groupe Socialiste, Écologiste et Républicain, à l'article 3 de la proposition de loi visant à créer une garantie à l'emploi pour les chômeurs de longue durée, dans des activités utiles à la reconstruction écologique et au développement du lien social",68836,343,342,78,264,https://www.senat.fr/scrutin-public/2021/scr2021-110.html
2021-111,2022-02-22T23:00:00+00:00,"sur l'article 4 de la proposition de loi visant à créer une garantie à l'emploi pour les chômeurs de longue durée, dans des activités utiles à la reconstruction écologique et au développement du lien social",68836,343,329,76,253,https://www.senat.fr/scrutin-public/2021/scr2021-111.html
2021-112,2022-02-22T23:00:00+00:00,"sur l'article 5 de la proposition de loi visant à créer une garantie à l'emploi pour les chômeurs de longue durée, dans des activités utiles à la reconstruction écologique et au développement du lien social",68836,343,329,91,238,https://www.senat.fr/scrutin-public/2021/scr2021-112.html
2021-113,2022-02-22T23:00:00+00:00,"sur l'article 7 de la proposition de loi visant à créer une garantie à l'emploi pour les chômeurs de longue durée, dans des activités utiles à la reconstruction écologique et au développement du lien social",68836,343,329,91,238,https://www.senat.fr/scrutin-public/2021/scr2021-113.html
2021-114,2022-02-22T23:00:00+00:00,sur l'article 1er de la proposition de loi visant à maintenir le versement de l'allocation de soutien familial en cas de nouvelle relation amoureuse du parent bénéficiaire,68403,340,268,103,165,https://www.senat.fr/scrutin-public/2021/scr2021-114.html
2021-115,2022-02-22T23:00:00+00:00,sur l'article 2 de la proposition de loi visant à maintenir le versement de l'allocation de soutien familial en cas de nouvelle relation amoureuse du parent bénéficiaire,68403,340,268,103,165,https://www.senat.fr/scrutin-public/2021/scr2021-115.html
2021-116,2022-02-23T23:00:00+00:00,"sur la motion n° 1, présentée par Mme Marie Mercier au nom de la commission des lois, tendant à opposer la question préalable à la proposition de loi, adoptée par l'Assemblée nationale en nouvelle lecture, relative au choix du nom issu de la filiation",68748,345,333,203,130,https://www.senat.fr/scrutin-public/2021/scr2021-116.html
2021-117,2022-02-24T23:00:00+00:00,sur l'ensemble de la proposition de loi organique visant à garantir la qualité du débat démocratique et à améliorer les conditions sanitaires d'organisation de l'élection présidentielle dans le contexte lié à l'épidémie de covid-19,68841,321,240,216,24,https://www.senat.fr/scrutin-public/2021/scr2021-117.html
2021-118,2022-07-18T22:00:00+00:00,"sur l'article 8 constituant l'ensemble du projet de loi, adopté par l'Assemblée nationale après engagement de la procédure accélérée, de règlement du budget et d'approbation des comptes de l'année 2021",,343,292,57,235,https://www.senat.fr/scrutin-public/2021/scr2021-118.html
2021-119,2022-07-19T22:00:00+00:00,"sur les amendements identiques n° 6, présenté par M. Guy Benarroche et plusieurs de ses collègues, n° 36 rectifié, présenté par M. Daniel Chasseing et plusieurs de ses collègues, et n° 54, présenté par M. Philippe Bonnecarrère, à l'article 2 du projet de loi, adopté par l'Assemblée nationale après engagement de la procédure accélérée, maintenant provisoirement un dispositif de veille et de sécurité sanitaire en matière de lutte contre la covid-19",,344,338,151,187,https://www.senat.fr/scrutin-public/2021/scr2021-119.html
2021-12,2021-10-27T22:00:00+00:00,"sur les amendements identiques n° 7 rectifié, présenté par M. Guy Benarroche et les membres du groupe Écologiste - Solidarité et Territoires, n° 27, présenté par Mme Sylviane Noël, et n° 65, présenté par Mme Éliane Assassi et les membres du groupe communiste républicain citoyen et écologiste, à l'article 1er A du projet de loi, adopté par l'Assemblée nationale après engagement de la procédure accélérée, portant diverses dispositions de vigilance sanitaire",68398,345,323,58,265,https://www.senat.fr/scrutin-public/2021/scr2021-12.html
2021-120,2022-07-19T22:00:00+00:00,"sur l'article 2 du projet de loi, adopté par l'Assemblée nationale après engagement de la procédure accélérée, maintenant provisoirement un dispositif de veille et de sécurité sanitaire en matière de lutte contre la covid-19",,343,263,236,27,https://www.senat.fr/scrutin-public/2021/scr2021-120.html
2021-121,2022-07-19T22:00:00+00:00,"sur les amendements identiques n° 52 rectifié quater, présenté par Mme Véronique Guillotin et plusieurs de ses collègues, et n° 60 rectifié, présenté par Mme Éliane Assassi et plusieurs de ses collègues, tendant à supprimer l'article 2 bis du projet de loi, adopté par l'Assemblée nationale après engagement de la procédure accélérée, maintenant provisoirement un dispositif de veille et de sécurité sanitaire en matière de lutte contre la covid-19",,338,334,104,230,https://www.senat.fr/scrutin-public/2021/scr2021-121.html
2021-122,2022-07-19T22:00:00+00:00,"sur l'article 2 bis du projet de loi, adopté par l'Assemblée nationale après engagement de la procédure accélérée, maintenant provisoirement un dispositif de veille et de sécurité sanitaire en matière de lutte contre la covid-19",,339,319,229,90,https://www.senat.fr/scrutin-public/2021/scr2021-122.html
2021-123,2022-07-19T22:00:00+00:00,"sur l'ensemble du projet de loi, adopté par l'Assemblée nationale après engagement de la procédure accélérée, maintenant provisoirement un dispositif de veille et de sécurité sanitaire en matière de lutte contre la covid-19",,342,222,189,33,https://www.senat.fr/scrutin-public/2021/scr2021-123.html
2021-124,2022-07-20T22:00:00+00:00,sur l'ensemble du projet de loi autorisant la ratification du protocole au Traité de l'Atlantique Nord sur l'accession de la République de Finlande et la ratification du protocole au Traité de l'Atlantique Nord sur l'accession du Royaume de Suède (procédure accélérée),,348,340,323,17,https://www.senat.fr/scrutin-public/2021/scr2021-124.html
2021-125,2022-07-25T22:00:00+00:00,sur l'ensemble du texte élaboré par la commission mixte paritaire sur le projet de loi mettant fin aux régimes d'exception créés pour lutter contre l'épidémie liée à la covid-19,,343,239,209,30,https://www.senat.fr/scrutin-public/2021/scr2021-125.html
2021-126,2022-07-27T22:00:00+00:00,"sur les amendements identiques n° 118, présenté par Mme Raymonde Poncet-Monge et les membres du groupe Écologiste - Solidarité et Territoires, n° 168 rectifié, présenté par Mme Cathy Apourceau-Poly et les membres du groupe communiste républicain citoyen et écologiste, et n° 360 rectifié, présenté par Mme Monique Lubin et les membres du groupe Socialiste, Écologiste et Républicain, tendant à insérer un article additionnel avant l'article 1er du projet de loi, adopté par l'Assemblée nationale après engagement de la procédure accélérée, relatif aux mesures d'urgence pour la protection du pouvoir d'achat",,344,338,103,235,https://www.senat.fr/scrutin-public/2021/scr2021-126.html
2021-127,2022-07-27T22:00:00+00:00,"sur les amendements identiques n° 124, présenté par Mme Raymonde Poncet-Monge et les membres du groupe Écologiste - Solidarité et Territoires, n° 156, présenté par Mme Cathy Apourceau-Poly et les membres du groupe communiste républicain citoyen et écologiste, et n° 454, présenté par le Gouvernement, tendant à supprimer l'article 1er bis du projet de loi, adopté par l'Assemblée nationale après engagement de la procédure accélérée, portant mesures d'urgence pour la protection du pouvoir d'achat",69635,343,305,105,200,https://www.senat.fr/scrutin-public/2021/scr2021-127.html
2021-128,2022-07-27T22:00:00+00:00,"sur l'article 1er bis du projet de loi, adopté par l'Assemblée nationale après engagement de la procédure accélérée, relatif aux mesures d'urgence pour la protection du pouvoir d'achat",,343,291,200,91,https://www.senat.fr/scrutin-public/2021/scr2021-128.html
2021-129,2022-07-27T22:00:00+00:00,"sur lamendement n° 83 rectifié, présenté par M. Vincent Segouin et plusieurs de ses collègues, à larticle 5 du projet de loi, adopté par l'Assemblée nationale après engagement de la procédure accélérée, portant mesures d'urgence pour la protection du pouvoir d'achat",69635,344,329,144,185,https://www.senat.fr/scrutin-public/2021/scr2021-129.html
2021-13,2021-10-27T22:00:00+00:00,"sur le sous-amendement n° 85, présenté par M. Jérôme Bascher, à l'amendement n° 41, présenté par M. Bernard Jomier et les membres du groupe Socialiste, Écologiste et Républicain, à l'article 1er A du projet de loi, adopté par l'Assemblée nationale après engagement de la procédure accélérée, portant diverses dispositions de vigilance sanitaire",68398,344,324,264,60,https://www.senat.fr/scrutin-public/2021/scr2021-13.html
2021-130,2022-07-28T22:00:00+00:00,"sur l'amendement n° 207, présenté par M. Daniel Salmon et les membres du groupe Écologiste - Solidarité et Territoires, à l'article 10 du projet de loi, adopté par l'Assemblée nationale après engagement de la procédure accélérée, portant mesures d'urgence pour la protection du pouvoir d'achat",69635,343,254,15,239,https://www.senat.fr/scrutin-public/2021/scr2021-130.html
2021-131,2022-07-28T22:00:00+00:00,"sur les amendements identiques n° 186, présenté par M. Fabien Gay et les membres du groupe communiste républicain citoyen et écologiste, et n° 221 rectifié, présenté par M. Franck Montaugé et les membres du groupe Socialiste, Écologiste et Républicain, à l'article 18 bis du projet de loi, adopté par l'Assemblée nationale après engagement de la procédure accélérée, portant mesures d'urgence pour la protection du pouvoir d'achat",69635,344,338,91,247,https://www.senat.fr/scrutin-public/2021/scr2021-131.html
2021-132,2022-07-31T22:00:00+00:00,"sur l'amendement n° 130 rectifié bis, présenté par Mme Sylvie Vermeillet et plusieurs de ses collègues, tendant à insérer un article additionnel avant l'article 1er A du projet de loi, adopté par l'Assemblée nationale, de finances rectificative pour 2022",,341,332,155,177,https://www.senat.fr/scrutin-public/2021/scr2021-132.html
2021-133,2022-07-31T22:00:00+00:00,"sur les amendements identiques n° 249 rectifié, présenté par M. Rémi Féraud et les membres du groupe Socialiste, Écologiste et Républicain, et n° 320, présenté par M. Éric Bocquet et les membres du groupe communiste républicain citoyen et écologiste, tendant à insérer un article additionnel avant l'article 1er A du projet de loi, adopté par l'Assemblée nationale, de finances rectificative pour 2022",,342,337,155,182,https://www.senat.fr/scrutin-public/2021/scr2021-133.html
2021-134,2022-07-31T22:00:00+00:00,"sur l'amendement n° 250 rectifié, présenté par M. Rémi Féraud et les membres du groupe Socialiste, Écologiste et Républicain, tendant à insérer un article additionnel avant l'article 1er A du projet de loi, adopté par l'Assemblée nationale, de finances rectificative pour 2022",,342,282,101,181,https://www.senat.fr/scrutin-public/2021/scr2021-134.html
2021-135,2022-07-31T22:00:00+00:00,"sur l'amendement n° 154 rectifié, présenté par M. Philippe Mouiller et plusieurs de ses collègues, à l'article 1er E du projet de loi, adopté par lAssemblée nationale, de finances rectificative pour 2022",,343,260,144,116,https://www.senat.fr/scrutin-public/2021/scr2021-135.html
2021-136,2022-07-31T22:00:00+00:00,"sur les amendements identiques n° 147 rectifié, présenté par M. Jérémy Bacchi et les membres du groupe communiste républicain citoyen écologiste, n° 237, présenté par M. David Assouline et les membres du groupe Socialiste, Écologiste et Républicain, et n° 377, présenté par M. Thomas Dossus et les membres du groupe Écologiste - Solidarité et Territoires, tendant à supprimer l'article 1er du projet de loi, adopté par l'Assemblée nationale, de finances rectificative pour 2022",,343,288,91,197,https://www.senat.fr/scrutin-public/2021/scr2021-136.html
2021-137,2022-07-31T22:00:00+00:00,"sur l'amendement n° 203 rectifié, présenté par M. Laurent Lafon et les membres du groupe Union Centriste, à l'article 1er du projet de loi, adopté par l'Assemblée nationale, de finances rectificative pour 2022",,342,342,149,193,https://www.senat.fr/scrutin-public/2021/scr2021-137.html
2021-138,2022-07-31T22:00:00+00:00,"sur l'amendement n° 185, présenté par M. Jean-François Husson au nom de la commission des finances, à l'article 1er du projet de loi, adopté par l'Assemblée nationale, de finances rectificative pour 2022",,343,328,182,146,https://www.senat.fr/scrutin-public/2021/scr2021-138.html
2021-139,2022-07-31T22:00:00+00:00,"sur l'amendement n° 173 rectifié ter, présenté par Mme Monique de Marco et les membres du groupe Écologiste - Solidarité et Territoires, à l'article 1er du projet de loi, adopté par l'Assemblée nationale, de finances rectificative pour 2022",,343,328,77,251,https://www.senat.fr/scrutin-public/2021/scr2021-139.html
2021-14,2021-10-27T22:00:00+00:00,"sur l'ensemble du projet de loi, adopté par l'Assemblée nationale après engagement de la procédure accélérée, portant diverses dispositions de vigilance sanitaire",68398,344,264,158,106,https://www.senat.fr/scrutin-public/2021/scr2021-14.html
2021-140,2022-07-31T22:00:00+00:00,"sur l'article 1er du projet de loi, adopté par l'Assemblée nationale, de finances rectificative pour 2022",,343,343,196,147,https://www.senat.fr/scrutin-public/2021/scr2021-140.html
2021-141,2022-08-01T22:00:00+00:00,"sur l'article 8 constituant l'ensemble du projet de loi, adopté en nouvelle lecture par l'Assemblée nationale, de règlement du budget et d'approbation des comptes de l'année 2021",,343,293,58,235,https://www.senat.fr/scrutin-public/2021/scr2021-141.html
2021-142,2022-08-01T22:00:00+00:00,"sur l'amendement n° 222 rectifié bis, présenté par M. Joël Bigot et plusieurs de ses collègues, tendant à insérer un article additionnel après l'article 2 du projet de loi, adopté par l'Assemblée nationale, de finances rectificative pour 2022",,344,343,105,238,https://www.senat.fr/scrutin-public/2021/scr2021-142.html
2021-143,2022-08-01T22:00:00+00:00,"sur l'amendement n° 58 rectifié ter, présenté par M. Claude Kern et plusieurs de ses collègues, tendant à insérer un article additionnel après l'article 2 du projet de loi, adopté par l'Assemblée nationale, de finances rectificative pour 2022",,344,200,4,196,https://www.senat.fr/scrutin-public/2021/scr2021-143.html
2021-144,2022-08-01T22:00:00+00:00,"sur l'amendement n° 490 rectifié, présenté par M. Guillaume Gontard et les membres du groupe Écologiste - Solidarité et Territoires, tendant à insérer un article additionnel après l'article 2 du projet de loi, adopté par l'Assemblée nationale, de finances rectificative pour 2022",,344,330,91,239,https://www.senat.fr/scrutin-public/2021/scr2021-144.html
2021-145,2022-08-01T22:00:00+00:00,"sur les amendements identiques n° 252, présenté par M. Olivier Jacquin et les membres du groupe Socialiste, Écologiste et Républicain, et n° 530 rectifié bis, présenté par M. Jacques Fernique et les membres du groupe Écologiste - Solidarité et Territoires, tendant à insérer un article additionnel après l'article 2 du projet de loi, adopté par l'Assemblée nationale, de finances rectificative pour 2022",,343,329,90,239,https://www.senat.fr/scrutin-public/2021/scr2021-145.html
2021-146,2022-08-01T22:00:00+00:00,"sur l'amendement n° 163 rectifié, présenté par M. Pascal Savoldelli et les membres du groupe communiste républicain citoyen et écologiste, tendant à insérer un article additionnel après l'article 4 ter du projet de loi, adopté par l'Assemblée nationale, de finances rectificative pour 2022",,345,340,101,239,https://www.senat.fr/scrutin-public/2021/scr2021-146.html
2021-147,2022-08-01T22:00:00+00:00,"sur l'amendement n° 179 rectifié bis, présenté par M. Jean-Yves Roux et plusieurs de ses collègues, à l'article 6 du projet de loi, adopté par l'Assemblée nationale, de finances rectificative pour 2022",,343,343,317,26,https://www.senat.fr/scrutin-public/2021/scr2021-147.html
2021-148,2022-08-01T22:00:00+00:00,"sur lamendement n° 153 rectifié bis présenté par M. Philippe Mouiller et plusieurs de ses collègues, à larticle 6 du projet de loi, adopté par l'Assemblée nationale, de finances rectificative pour 2022",,343,337,242,95,https://www.senat.fr/scrutin-public/2021/scr2021-148.html
2021-149,2022-08-01T22:00:00+00:00,"sur le sous-amendement n° 543 rectifié bis, présenté par M. Philippe Mouiller et plusieurs de ses collègues, à l'amendement n° 191, présenté par M. Jean-François Husson au nom de la commission des finances, à larticle 6 du projet de loi, adopté par l'Assemblée nationale, de finances rectificative pour 2022",,343,249,194,55,https://www.senat.fr/scrutin-public/2021/scr2021-149.html
2021-15,2021-11-02T23:00:00+00:00,"sur les amendements identiques n° 71 rectifié, présenté par M. Henri Cabanel et plusieurs de ses collègues, n° 87 rectifié, présenté par M. Christian Redon-Sarrazy et les membres du groupe Socialiste, Écologiste et Républicain, n° 110, présenté par M. Bernard Buis et les membres du groupe Rassemblement des démocrates, progressistes et indépendants, et n° 162, présenté par M. Joël Labbé et les membres du groupe Écologiste - Solidarité et Territoires, à l'article 1er de la proposition de loi, adoptée par l'Assemblée nationale après engagement de la procédure accélérée, portant mesures d'urgence pour assurer la régulation de l'accès au foncier agricole au travers de structures sociétaires",67144,344,344,131,213,https://www.senat.fr/scrutin-public/2021/scr2021-15.html
2021-150,2022-08-01T22:00:00+00:00,"sur l'amendement n° 191, présenté par M. Jean-François Husson au nom de la commission des finances, à l'article 6 du projet de loi, adopté par l'Assemblée nationale, de finances rectificative pour 2022",,343,341,195,146,https://www.senat.fr/scrutin-public/2021/scr2021-150.html
2021-151,2022-08-01T22:00:00+00:00,"sur l'ensemble du projet de loi, adopté par l'Assemblée nationale, de finances rectificative pour 2022",,343,326,225,101,https://www.senat.fr/scrutin-public/2021/scr2021-151.html
2021-152,2022-08-02T22:00:00+00:00,sur l'ensemble du texte élaboré par la commission mixte paritaire sur le projet de loi portant mesures d'urgence pour la protection du pouvoir d'achat,69635,344,272,245,27,https://www.senat.fr/scrutin-public/2021/scr2021-152.html
2021-153,2022-08-03T22:00:00+00:00,sur l'ensemble du texte élaboré par la commission mixte paritaire sur le projet de loi de finances rectificative pour 2022,,344,330,233,97,https://www.senat.fr/scrutin-public/2021/scr2021-153.html
2021-16,2021-11-02T23:00:00+00:00,"sur lamendement n° 196, présenté par M. Olivier Rietmann au nom de la commission des affaires économiques, à larticle 1er de la proposition de loi, adoptée par lAssemblée nationale après engagement de la procédure accélérée, portant mesures durgence pour assurer la régulation de laccès au foncier agricole au travers de structures sociétaires",67144,344,344,197,147,https://www.senat.fr/scrutin-public/2021/scr2021-16.html
2021-17,2021-11-02T23:00:00+00:00,"sur les amendements identiques n° 44, présenté par le Gouvernement, n° 69 rectifié, présenté par M. Henri Cabanel et plusieurs de ses collègues, n° 107 rectifié, présenté par M. Bernard Buis et les membres du groupe Rassemblement des démocrates, progressistes et indépendants, n° 124 rectifié bis, présenté par M. Franck Menonville et plusieurs de ses collègues, n° 133 rectifié bis, présenté par M. Pierre Louault et plusieurs de ses collègues et n° 170, présenté par M. Joël Labbé et les membres du groupe Écologiste - Solidarité et Territoires, à l'article 1er de la proposition de loi, adoptée par l'Assemblée nationale après engagement de la procédure accélérée, portant mesures d'urgence pour assurer la régulation de l'accès au foncier agricole au travers de structures sociétaires",67144,344,344,82,262,https://www.senat.fr/scrutin-public/2021/scr2021-17.html
2021-18,2021-11-02T23:00:00+00:00,"sur larticle 1er de la proposition de loi, adoptée par lAssemblée nationale après engagement de la procédure accélérée, portant mesures durgence pour assurer la régulation de laccès au foncier agricole au travers de structures sociétaires",67144,344,313,236,77,https://www.senat.fr/scrutin-public/2021/scr2021-18.html
2021-19,2021-11-02T23:00:00+00:00,"sur les amendements identiques n° 10 rectifié, présenté par M. Jean-Claude Anglars, n° 24 rectifié bis, présenté par Mme Sylviane Noël et plusieurs de ses collègues, n° 46, présenté par le Gouvernement, n° 51, présenté par M. Fabien Gay et les membres du groupe communiste républicain citoyen et écologiste, n° 113 rectifié, présenté par M. Henri Cabanel et plusieurs de ses collègues, n° 136 rectifié bis, présenté par M. Pierre Louault et plusieurs de ses collègues, n° 156 rectifié bis, présenté par M. Laurent Somon et plusieurs de ses collègues, et n° 175, présenté par M. Joël Labbé et les membres du groupe Écologiste - Solidarité et Territoires, tendant à rétablir l'article 5 de la proposition de loi, adoptée par l'Assemblée nationale après engagement de la procédure accélérée, portant mesures d'urgence pour assurer la régulation de l'accès au foncier agricole au travers de structures sociétaires",67144,343,343,145,198,https://www.senat.fr/scrutin-public/2021/scr2021-19.html
2021-2,2021-10-11T22:00:00+00:00,"sur l'ensemble de la proposition de loi, adoptée avec modifications par l'Assemblée nationale en deuxième lecture, portant diverses mesures de justice sociale",62885,343,343,320,23,https://www.senat.fr/scrutin-public/2021/scr2021-2.html
2021-20,2021-11-02T23:00:00+00:00,"sur lensemble de la proposition de loi, adoptée par lAssemblée nationale après engagement de la procédure accélérée, portant mesures durgence pour assurer la régulation de laccès au foncier agricole au travers de structures sociétaires",67144,343,313,231,82,https://www.senat.fr/scrutin-public/2021/scr2021-20.html
2021-21,2021-11-03T23:00:00+00:00,sur lensemble de la proposition de loi constitutionnelle garantissant le respect des principes de la démocratie représentative et de l'État de droit en cas de législation par ordonnance,,344,344,322,22,https://www.senat.fr/scrutin-public/2021/scr2021-21.html
2021-22,2021-11-03T23:00:00+00:00,"sur la motion n° 1, présentée par M. Philippe Bas au nom de la commission des lois, tendant à opposer la question préalable au projet de loi, adopté par l'Assemblée nationale en nouvelle lecture, portant diverses dispositions de vigilance sanitaire",68398,345,338,222,116,https://www.senat.fr/scrutin-public/2021/scr2021-22.html
2021-23,2021-11-07T23:00:00+00:00,"sur la motion n° 415, présentée par Mme Laurence Cohen et les membres du groupe communiste républicain citoyen et écologiste, tendant à opposer la question préalable au projet de loi de financement de la sécurité sociale, adopté par lAssemblée nationale, pour 2022",,343,278,15,263,https://www.senat.fr/scrutin-public/2021/scr2021-23.html
2021-24,2021-11-07T23:00:00+00:00,"sur l'amendement n° 985 rectifié bis, présenté par Mme Annie Le Houerou et plusieurs de ses collègues, tendant à insérer un article additionnel après l'article 11 du projet de loi de financement de la sécurité sociale, adopté par l'Assemblée nationale, pour 2022",,343,328,91,237,https://www.senat.fr/scrutin-public/2021/scr2021-24.html
2021-25,2021-11-07T23:00:00+00:00,"sur l'amendement n° 786 rectifié, présenté par Mme Laurence Cohen et les membres du groupe communiste républicain citoyen et écologiste, tendant à insérer un article additionnel après l'article 11 du projet de loi de financement de la sécurité sociale, adopté par l'Assemblée nationale, pour 2022",,343,342,91,251,https://www.senat.fr/scrutin-public/2021/scr2021-25.html
2021-26,2021-11-07T23:00:00+00:00,"sur l'amendement n° 789 rectifié bis, présenté par Mme Cathy Apourceau-Poly et les membres du groupe communiste républicain citoyen et écologiste, tendant à insérer un article additionnel après l'article 11 du projet de loi de financement de la sécurité sociale, adopté par l'Assemblée nationale, pour 2022",,343,342,91,251,https://www.senat.fr/scrutin-public/2021/scr2021-26.html
2021-27,2021-11-07T23:00:00+00:00,"sur l'amendement n° 794 rectifié, présenté par Mme Laurence Cohen et les membres du groupe communiste républicain citoyen et écologiste, tendant à insérer un article additionnel après l'article 12 du projet de loi de financement de la sécurité sociale, adopté par l'Assemblée nationale, pour 2022",,343,343,91,252,https://www.senat.fr/scrutin-public/2021/scr2021-27.html
2021-28,2021-11-07T23:00:00+00:00,"sur l'amendement n° 788 rectifié bis, présenté par Mme Laurence Cohen et les membres du groupe communiste républicain citoyen et écologiste, tendant à insérer un article additionnel après l'article 12 du projet de loi de financement de la sécurité sociale, adopté par l'Assemblée nationale, pour 2022",,343,279,27,252,https://www.senat.fr/scrutin-public/2021/scr2021-28.html
2021-29,2021-11-08T23:00:00+00:00,"sur l'amendement n° 996 rectifié, présenté par Mme Raymonde Poncet Monge et le groupe Écologiste - Solidarité et Territoires, tendant à insérer un article additionnel après l'article 16 ter du projet de loi de financement de la sécurité sociale, adopté par l'Assemblée nationale, pour 2022",,343,342,92,250,https://www.senat.fr/scrutin-public/2021/scr2021-29.html
2021-3,2021-10-11T22:00:00+00:00,"sur l'ensemble de la proposition de loi tendant à créer un droit de visite pour les malades, les personnes âgées et handicapées qui séjournent en établissements",67523,345,318,318,0,https://www.senat.fr/scrutin-public/2021/scr2021-3.html
2021-30,2021-11-08T23:00:00+00:00,"sur lamendement n° 811, présenté par Mme Laurence Cohen et les membres du groupe communiste républicain citoyen et écologiste, tendant à supprimer larticle 17 du projet de loi de financement de la sécurité sociale, adopté par lAssemblée nationale, pour 2022",,343,266,15,251,https://www.senat.fr/scrutin-public/2021/scr2021-30.html
2021-31,2021-11-08T23:00:00+00:00,"sur les amendements identiques n° 146, présenté par Mme Élisabeth Doineau au nom de la commission des affaires sociales, n° 772, présenté par Mme Laurence Cohen et les membres du groupe communiste républicain citoyen et écologiste, et n° 955 rectifié bis, présenté par Mme Monique Lubin et les membres du groupe Socialiste, Écologiste et Républicain, tendant à supprimer l'article 23 du projet de loi de financement de la sécurité sociale, adopté par l'Assemblée nationale, pour 2022",,343,330,307,23,https://www.senat.fr/scrutin-public/2021/scr2021-31.html
2021-32,2021-11-08T23:00:00+00:00,"sur la troisième partie du projet de loi de financement de la sécurité sociale, adopté par l'Assemblée nationale, pour 2022",,343,307,215,92,https://www.senat.fr/scrutin-public/2021/scr2021-32.html
2021-33,2021-11-11T23:00:00+00:00,"sur l'amendement n° 272 rectifié bis, présenté par M. René-Paul Savary et plusieurs de ses collègues, à l'article 38 du projet de loi de financement de la sécurité sociale, adopté par l'Assemblée nationale, pour 2022",,341,251,214,37,https://www.senat.fr/scrutin-public/2021/scr2021-33.html
2021-34,2021-11-11T23:00:00+00:00,"sur les amendements identiques n° 84 rectifié, présenté par M. Jean Sol et plusieurs de ses collègues, n° 247 rectifié bis, présenté par Mme Else Joseph et plusieurs de ses collègues, n° 661 rectifié ter, présenté par Mme Évelyne Renaud-Garabedian et plusieurs de ses collègues, et n° 732, présenté par Mme Raymonde Poncet Monge et plusieurs de ses collègues, tendant à supprimer l'article 40 du projet de loi de financement de la sécurité sociale, adopté par l'Assemblée nationale, pour 2022",,341,338,24,314,https://www.senat.fr/scrutin-public/2021/scr2021-34.html
2021-35,2021-11-11T23:00:00+00:00,"sur l'amendement n° 1063 rectifié, présenté par Mme Corinne Imbert au nom de la commission des affaires sociales, tendant à insérer un article additionnel après l'article 41 du projet de loi de financement de la sécurité sociale, adopté par l'Assemblée nationale, pour 2022",,341,339,302,37,https://www.senat.fr/scrutin-public/2021/scr2021-35.html
2021-36,2021-11-11T23:00:00+00:00,"sur l'article 50 bis du projet de loi de financement de la sécurité sociale, adopté par lAssemblée nationale, pour 2022",,341,341,248,93,https://www.senat.fr/scrutin-public/2021/scr2021-36.html
2021-37,2021-11-11T23:00:00+00:00,"sur l'amendement n° 235, présenté par M. René-Paul Savary, au nom de la commission des affaires sociales, tendant à insérer un article additionnel après l'article 58 du projet de loi de financement de la sécurité sociale, adopté par l'Assemblée nationale, pour 2022",,342,330,196,134,https://www.senat.fr/scrutin-public/2021/scr2021-37.html
2021-38,2021-11-14T23:00:00+00:00,"sur les amendements identiques n° 14, présenté par Mme Monique Lubin et les membres du groupe Socialiste, Écologiste et Républicain, et n° 20, présenté par le Gouvernement, tendant à supprimer larticle 3 du projet de loi, adopté par l'Assemblée nationale après engagement de la procédure accélérée, ratifiant l'ordonnance n° 2021-484 du 21 avril 2021 relative aux modalités de représentation des travailleurs indépendants recourant pour leur activité aux plateformes et aux conditions d'exercice de cette représentation et portant habilitation du Gouvernement à compléter par ordonnance les règles organisant le dialogue social avec les plateformes",67966,343,328,115,213,https://www.senat.fr/scrutin-public/2021/scr2021-38.html
2021-39,2021-11-15T23:00:00+00:00,"sur l'ensemble du projet de loi de financement de la sécurité sociale, adopté par l'Assemblée nationale, pour 2022",,337,286,185,101,https://www.senat.fr/scrutin-public/2021/scr2021-39.html
2021-4,2021-10-11T22:00:00+00:00,"sur la motion n° 25, présentée par M. Jean Louis Masson, tendant à opposer la question préalable à la proposition de loi organique favorisant l'implantation locale des parlementaires",,345,245,1,244,https://www.senat.fr/scrutin-public/2021/scr2021-4.html
2021-40,2021-11-15T23:00:00+00:00,"sur lamendement n° 1 rectifié, présenté par M. Olivier Jacquin et les membres du groupe Socialiste, Écologiste et Républicain, tendant à insérer un article additionnel après larticle 1er du projet de loi ratifiant les ordonnances prises sur le fondement de l'article 13 de la loi n° 2019-816 du 2 août 2019 relative aux compétences de la Collectivité européenne d'Alsace",67945,343,331,110,221,https://www.senat.fr/scrutin-public/2021/scr2021-40.html
2021-41,2021-11-15T23:00:00+00:00,sur lensemble du projet de loi ratifiant les ordonnances prises sur le fondement de l'article 13 de la loi n° 2019-816 du 2 août 2019 relative aux compétences de la Collectivité européenne d'Alsace,67945,342,264,240,24,https://www.senat.fr/scrutin-public/2021/scr2021-41.html
2021-42,2021-11-16T23:00:00+00:00,"sur l'amendement n° 37, présenté par M. Jean-François Husson au nom de la commission des finances, tendant à supprimer l'article 12 du projet de loi de finances rectificative, adopté par l'Assemblée nationale, pour 2021",,343,197,146,51,https://www.senat.fr/scrutin-public/2021/scr2021-42.html
2021-43,2021-11-16T23:00:00+00:00,"sur lensemble du projet de loi de finances rectificative, adopté par l'Assemblée nationale, pour 2021",,343,175,145,30,https://www.senat.fr/scrutin-public/2021/scr2021-43.html
2021-44,2021-11-17T23:00:00+00:00,"sur l'ensemble du texte élaboré par la commission mixte paritaire sur la proposition de loi visant à lutter contre la maltraitance animale et conforter le lien entre les animaux et les hommes, modifié par les amendements présentés par le Gouvernement",66663,343,333,332,1,https://www.senat.fr/scrutin-public/2021/scr2021-44.html
2021-45,2021-11-17T23:00:00+00:00,"sur l'ensemble du texte élaboré par la commission mixte paritaire sur le projet de loi pour la confiance dans l'institution judiciaire, modifié par les amendements présentés par le Gouvernement",,342,329,235,94,https://www.senat.fr/scrutin-public/2021/scr2021-45.html
2021-46,2021-11-17T23:00:00+00:00,sur l'ensemble du texte élaboré par la commission mixte paritaire sur le projet de loi organique pour la confiance dans l'institution judiciaire,,342,342,249,93,https://www.senat.fr/scrutin-public/2021/scr2021-46.html
2021-47,2021-11-17T23:00:00+00:00,"sur la motion n° I-559, présentée par M. Éric Bocquet et les membres du groupe communiste républicain citoyen et écologiste, tendant à opposer la question préalable au projet de loi de finances, adopté par l'Assemblée nationale, pour 2022",,343,331,15,316,https://www.senat.fr/scrutin-public/2021/scr2021-47.html
2021-48,2021-11-18T23:00:00+00:00,"sur l'amendement n° I-560, présenté par M. Éric Bocquet et les membres du groupe communiste républicain citoyen et écologiste, à l'article 2 du projet de loi de finances, adopté par l'Assemblée nationale, pour 2022",,343,343,107,236,https://www.senat.fr/scrutin-public/2021/scr2021-48.html
2021-49,2021-11-22T23:00:00+00:00,"sur l'ensemble de la première partie du projet de loi de finances, adopté par l'Assemblée nationale, pour 2022",,290,289,52,237,https://www.senat.fr/scrutin-public/2021/scr2021-49.html
2021-5,2021-10-11T22:00:00+00:00,"sur les amendements identiques n° 1, présenté par M. Éric Kerrouche et les membres du groupe Socialiste, Écologiste et Républicain, n° 4, présenté par M. Jean Louis Masson, et n° 22, présenté par M. Guy Benarroche et et les membres du groupe Écologiste - Solidarité et Territoires, tendant à supprimer l'article 1er de la proposition de loi organique favorisant l'implantation locale des parlementaires",,329,321,120,201,https://www.senat.fr/scrutin-public/2021/scr2021-5.html
2021-52,2021-11-24T23:00:00+00:00,"sur la motion n° 6, présentée par Mme Élisabeth Doineau au nom de la commission des affaires sociales, tendant à opposer la question préalable au projet de loi de financement de la sécurité sociale, adopté par l'Assemblée nationale en nouvelle lecture, pour 2022",,343,343,277,66,https://www.senat.fr/scrutin-public/2021/scr2021-52.html
2021-53,2021-12-06T23:00:00+00:00,sur l'ensemble du texte élaboré par la commission mixte paritaire sur la proposition de loi portant mesures d'urgence pour assurer la régulation de l'accès au foncier agricole au travers de structures sociétaires,67144,341,325,249,76,https://www.senat.fr/scrutin-public/2021/scr2021-53.html
2021-54,2021-12-06T23:00:00+00:00,"sur l'amendement n° 1 rectifié sexies, présenté par Mme Jacqueline Eustache-Brinio et plusieurs de ses collègues, tendant à modifier l'intitulé du chapitre Ier de la proposition de loi, adoptée par l'Assemblée nationale après engagement de la procédure accélérée, interdisant les pratiques visant à modifier l'orientation sexuelle ou l'identité de genre d'une personne",67382,340,336,53,283,https://www.senat.fr/scrutin-public/2021/scr2021-54.html
2021-55,2021-12-06T23:00:00+00:00,"sur l'amendement n° 7 rectifié sexies, présenté par Mme Jacqueline Eustache-Brinio et plusieurs de ses collègues, à l'article 3 de la proposition de loi, adoptée par l'Assemblée nationale après engagement de la procédure accélérée, interdisant les pratiques visant à modifier l'orientation sexuelle ou l'identité de genre d'une personne",67382,340,336,53,283,https://www.senat.fr/scrutin-public/2021/scr2021-55.html
2021-56,2021-12-06T23:00:00+00:00,"sur l'ensemble de la proposition de loi, adoptée par l'Assemblée nationale après engagement de la procédure accélérée, interdisant les pratiques visant à modifier l'orientation sexuelle ou l'identité de genre d'une personne",67382,339,333,305,28,https://www.senat.fr/scrutin-public/2021/scr2021-56.html
2021-57,2021-12-07T23:00:00+00:00,"sur les amendements identiques n° 1 rectifié ter, présenté par M. Sébastien Pla et les membres du groupe Socialiste, Écologiste et Républicain, n° 2 rectifié, présenté par Mme Laurence Muller-Bronn et plusieurs de ses collègues, n° 3 rectifié bis, présenté par M. Daniel Laurent et plusieurs de ses collègues, et n° 6 rectifié bis, présenté par Mme Nathalie Delattre et plusieurs de ses collègues, tendant à insérer un article additionnel après l'article 5 de la proposition de loi tendant à favoriser l'habitat en zones de revitalisation rurale tout en protégeant l'activité agricole et l'environnement",,342,321,100,221,https://www.senat.fr/scrutin-public/2021/scr2021-57.html
2021-58,2021-12-08T23:00:00+00:00,"sur lensemble de la proposition de loi, adoptée par lAssemblée nationale, visant à assurer la revalorisation des pensions de retraites agricoles les plus faibles",67587,343,343,343,0,https://www.senat.fr/scrutin-public/2021/scr2021-58.html
2021-59,2021-12-08T23:00:00+00:00,"sur l'ensemble de la proposition de résolution, en application de l'article 34-1 de la Constitution, invitant le Gouvernement à relancer une initiative internationale multilatérale visant à la concrétisation d'une solution à deux États et à la reconnaissance d'un État palestinien par la communauté internationale, aux côtés d'Israël pour une paix juste et durable entre les peuples",68611,340,300,93,207,https://www.senat.fr/scrutin-public/2021/scr2021-59.html
2021-6,2021-10-11T22:00:00+00:00,sur l'ensemble de la proposition de loi organique favorisant l'implantation locale des parlementaires,,341,316,197,119,https://www.senat.fr/scrutin-public/2021/scr2021-6.html
2021-60,2021-12-08T23:00:00+00:00,"sur l'amendement n° 2, présenté par M. Guy Benarroche et les membres du groupe Écologiste - Solidarité et Territoires, à l'article 1er de la proposition de loi relative à la commémoration de la répression d'Algériens le 17 octobre 1961 et les jours suivants à Paris",68364,344,344,30,314,https://www.senat.fr/scrutin-public/2021/scr2021-60.html
2021-61,2021-12-08T23:00:00+00:00,"sur l'amendement n° 1, présenté par M. Guy Benarroche et les membres du groupe Écologiste - Solidarité et Territoires, à l'article 1er de la proposition de loi relative à la commémoration de la répression d'Algériens le 17 octobre 1961 et les jours suivants à Paris",68364,344,344,29,315,https://www.senat.fr/scrutin-public/2021/scr2021-61.html
2021-62,2021-12-08T23:00:00+00:00,sur l'article 1er de la proposition de loi relative à la commémoration de la répression d'Algériens le 17 octobre 1961 et les jours suivants à Paris,68364,345,330,94,236,https://www.senat.fr/scrutin-public/2021/scr2021-62.html
2021-63,2021-12-08T23:00:00+00:00,"sur l'amendement n° 3, présenté par Mme Esther Benbassa, tendant à insérer un article additionnel après l'article 1er de la proposition de loi relative à la commémoration de la répression d'Algériens le 17 octobre 1961 et les jours suivants à Paris",68364,343,329,91,238,https://www.senat.fr/scrutin-public/2021/scr2021-63.html
2021-64,2021-12-08T23:00:00+00:00,"sur l'article 2, constituant l'ensemble de la proposition de loi relative à la commémoration de la répression d'Algériens le 17 octobre 1961 et les jours suivants à Paris",68364,344,310,96,214,https://www.senat.fr/scrutin-public/2021/scr2021-64.html
2021-65,2021-12-08T23:00:00+00:00,"sur l'article 1er de la proposition de loi pour un nouveau pacte de citoyenneté avec la jeunesse par le vote à 16 ans, l'enseignement et l'engagement",,339,324,76,248,https://www.senat.fr/scrutin-public/2021/scr2021-65.html
2021-66,2021-12-13T23:00:00+00:00,"sur la motion n° 1, présentée par M. Jean-François Husson au nom de la commission des finances, tendant à opposer la question préalable au projet de loi de finances, adopté par l'Assemblée nationale en nouvelle lecture, pour 2022",,340,276,197,79,https://www.senat.fr/scrutin-public/2021/scr2021-66.html
2021-67,2021-12-15T23:00:00+00:00,"sur l'ensemble de la proposition de loi, modifiée par l'Assemblée nationale en première lecture, visant à conforter l'économie du livre et à renforcer l'équité et la confiance entre ses acteurs",66782,342,342,342,0,https://www.senat.fr/scrutin-public/2021/scr2021-67.html
2021-68,2021-12-15T23:00:00+00:00,"sur l'ensemble de la proposition de loi, modifiée par l'Assemblée nationale en première lecture, relative aux bibliothèques et au développement de la lecture publique",67102,342,342,342,0,https://www.senat.fr/scrutin-public/2021/scr2021-68.html
2021-69,2021-12-15T23:00:00+00:00,sur l'ensemble du texte élaboré par la commission mixte paritaire sur la proposition de loi visant à accélérer l'égalité économique et professionnelle,67366,343,328,328,0,https://www.senat.fr/scrutin-public/2021/scr2021-69.html
2021-7,2021-10-12T22:00:00+00:00,"sur l'amendement n° 1er rectifié quater, présenté par Mme Sylviane Noël et plusieurs de ses collègues, tendant à supprimer l'article unique constituant l'ensemble de la proposition de loi instaurant la vaccination obligatoire contre le SARS-CoV-2",,345,343,5,338,https://www.senat.fr/scrutin-public/2021/scr2021-7.html
2021-70,2022-01-10T23:00:00+00:00,"sur l'amendement n° 33 rectifié, présenté par M. Bernard Jomier et les membres du groupe Socialiste, Écologiste et Républicain, tendant à insérer un article additionnel avant l'article 1er du projet de loi, adopté par l'Assemblée nationale après engagement de la procédure accélérée, renforçant les outils de gestion de la crise sanitaire et modifiant le code de la santé publique",,345,335,73,262,https://www.senat.fr/scrutin-public/2021/scr2021-70.html
2021-71,2022-01-10T23:00:00+00:00,"sur les amendements identiques n° 7 rectifié bis, présenté par Mme Marta de Cidrac et plusieurs de ses collègues, n° 17, présenté par Mme Laurence Muller-Bronn, n° 19, présenté par Mme Éliane Assassi et plusieurs de ses collègues, n° 51 rectifié ter, présenté par Mme Sylviane Noël et plusieurs de ses collègues, n° 58, présenté par M. Michel Canévet, n° 71 rectifié bis, présenté par M. Loïc Hervé et plusieurs de ses collègues, n° 81, présenté par M. Jean-Pierre Sueur et les membres du groupe Socialiste, Écologiste et Républicain, n°104, présenté par M. Guy Benarroche et plusieurs de ses collègues, n° 164 rectifié quater, présenté par Mme Céline Boulay-Espéronnier et M. Cédric Vial, et n° 168, présenté par Mme Esther Benbassa à l'article 1er du projet de loi, adopté par l'Assemblée nationale après engagement de la procédure accélérée, renforçant les outils de gestion de la crise sanitaire et modifiant le code de la santé publique",,343,340,303,37,https://www.senat.fr/scrutin-public/2021/scr2021-71.html
2021-72,2022-01-11T23:00:00+00:00,"sur l'amendement n° 55 rectifié bis, présenté par Mme Sylviane Noël et plusieurs de ses collègues, à l'article 1er du projet de loi, adopté par l'Assemblée nationale après engagement de la procédure accélérée, renforçant les outils de gestion de la crise sanitaire et modifiant le code de la santé publique",,335,332,12,320,https://www.senat.fr/scrutin-public/2021/scr2021-72.html
2021-73,2022-01-11T23:00:00+00:00,"sur l'article 1er du projet de loi, adopté par l'Assemblée nationale après engagement de la procédure accélérée, renforçant les outils de gestion de la crise sanitaire et modifiant le code de la santé publique",,342,311,242,69,https://www.senat.fr/scrutin-public/2021/scr2021-73.html
2021-74,2022-01-11T23:00:00+00:00,"sur l'ensemble du projet de loi, adopté par l'Assemblée nationale après engagement de la procédure accélérée, renforçant les outils de gestion de la crise sanitaire et modifiant le code de la santé publique",,338,312,249,63,https://www.senat.fr/scrutin-public/2021/scr2021-74.html
2021-75,2022-01-14T23:00:00+00:00,"sur l'amendement n° 26, présenté par M. Jean-Pierre Sueur et les membres du groupe Socialiste, Écologiste et Républicain, à l'article 1er du projet de loi, adopté par l'Assemblée nationale en nouvelle lecture, renforçant les outils de gestion de la crise sanitaire et modifiant le code de la santé publique",,333,306,67,239,https://www.senat.fr/scrutin-public/2021/scr2021-75.html
2021-76,2022-01-14T23:00:00+00:00,"sur l'amendement n° 31, présenté par M. Yan Chantrel et les membres du groupe Socialiste, Écologiste et Républicain, à l'article 1er du projet de loi, adopté par l'Assemblée nationale en nouvelle lecture, renforçant les outils de gestion de la crise sanitaire et modifiant le code de la santé publique",,332,332,95,237,https://www.senat.fr/scrutin-public/2021/scr2021-76.html
2021-77,2022-01-14T23:00:00+00:00,"sur l'article 1er du projet de loi, adopté par l'Assemblée nationale en nouvelle lecture, renforçant les outils de gestion de la crise sanitaire et modifiant le code de la santé publique",,343,260,187,73,https://www.senat.fr/scrutin-public/2021/scr2021-77.html
2021-78,2022-01-14T23:00:00+00:00,"sur l'ensemble du projet de loi, adopté par l'Assemblée nationale en nouvelle lecture, renforçant les outils de gestion de la crise sanitaire et modifiant le code de la santé publique",,341,253,187,66,https://www.senat.fr/scrutin-public/2021/scr2021-78.html
2021-79,2022-01-17T23:00:00+00:00,"sur l'amendement n° 31 rectifié, présenté par M. Stéphane Piednoir et plusieurs de ses collègues, tendant à insérer un article additionnel après l'article 1er quater de la proposition de loi, adoptée par l'Assemblée nationale après engagement de la procédure accélérée, visant à démocratiser le sport en France",67005,329,303,160,143,https://www.senat.fr/scrutin-public/2021/scr2021-79.html
2021-8,2021-10-12T22:00:00+00:00,sur l'article unique constituant l'ensemble de la proposition de loi instaurant la vaccination obligatoire contre le SARS-CoV-2,,340,326,64,262,https://www.senat.fr/scrutin-public/2021/scr2021-8.html
2021-80,2022-01-17T23:00:00+00:00,"sur l'amendement n° 194, présenté par le Gouvernement, à l'article 5 de la proposition de loi, adoptée par l'Assemblée nationale après engagement de la procédure accélérée, visant à démocratiser le sport en France",67005,343,343,144,199,https://www.senat.fr/scrutin-public/2021/scr2021-80.html
2021-81,2022-01-17T23:00:00+00:00,"sur l'amendement n° 100, présenté par M. Jean-Jacques Lozach et les membres du groupe Socialiste, Écologiste et Républicain, à l'article 5 de la proposition de loi, adoptée par l'Assemblée nationale après engagement de la procédure accélérée, visant à démocratiser le sport en France",67005,343,343,144,199,https://www.senat.fr/scrutin-public/2021/scr2021-81.html
2021-82,2022-01-18T23:00:00+00:00,"sur la motion n° 2, présenté par Mme Catherine Deroche au nom de la commission des affaires sociales, tendant à opposer la question préalable à la proposition de loi, adoptée avec modifications par l'Assemblée nationale en deuxième lecture, visant à renforcer le droit à l'avortement",65386,343,340,202,138,https://www.senat.fr/scrutin-public/2021/scr2021-82.html
2021-83,2022-01-18T23:00:00+00:00,"sur l'amendement n° 212 rectifié, présenté par M. Michel Savin au nom de la commission de la culture, à l'article 10 bis A de la proposition de loi, adoptée par l'Assemblée nationale après engagement de la procédure accélérée, visant à démocratiser le sport en France",67005,343,313,225,88,https://www.senat.fr/scrutin-public/2021/scr2021-83.html
2021-84,2022-01-18T23:00:00+00:00,"sur l'amendement n° 226, présenté par M. Michel Savin au nom de la commission de la culture, tendant à insérer un article additionnel après l'article 11 de la proposition de loi, adoptée par l'Assemblée nationale après engagement de la procédure accélérée, visant à démocratiser le sport en France",67005,331,331,201,130,https://www.senat.fr/scrutin-public/2021/scr2021-84.html
2021-85,2022-01-18T23:00:00+00:00,"sur l'ensemble de la proposition de loi, adoptée par l'Assemblée nationale après engagement de la procédure accélérée, visant à démocratiser le sport en France",67005,342,227,227,0,https://www.senat.fr/scrutin-public/2021/scr2021-85.html
2021-86,2022-01-19T23:00:00+00:00,"sur l'amendement n° 99, présenté par Mme Catherine Di Folco au nom de la commission des lois, à l'article 3 de la proposition de loi, adoptée par l'Assemblée nationale après engagement de la procédure accélérée, visant à améliorer la protection des lanceurs d'alerte",68047,342,250,213,37,https://www.senat.fr/scrutin-public/2021/scr2021-86.html
2021-87,2022-01-19T23:00:00+00:00,"sur les amendements identiques n° 23 rectifié, présenté par Mme Maryse Carrère et plusieurs de ses collègues, et n° 29, présenté par M. Éric Bocquet et les membres du groupe communiste républicain citoyen et écologiste, à l'article 3 de la proposition de loi, adoptée par l'Assemblée nationale après engagement de la procédure accélérée,  visant à améliorer la protection des lanceurs d'alerte",68047,342,342,129,213,https://www.senat.fr/scrutin-public/2021/scr2021-87.html
2021-88,2022-01-19T23:00:00+00:00,"sur lensemble de la proposition de loi, adoptée par l'Assemblée nationale après engagement de la procédure accélérée, visant à améliorer la protection des lanceurs d'alerte",68047,343,333,242,91,https://www.senat.fr/scrutin-public/2021/scr2021-88.html
2021-89,2022-01-19T23:00:00+00:00,"sur lensemble de la proposition de loi organique, adoptée par l'Assemblée nationale après engagement de la procédure accélérée, visant à renforcer le rôle du Défenseur des droits en matière de signalement d'alerte",68002,342,342,342,0,https://www.senat.fr/scrutin-public/2021/scr2021-89.html
2021-9,2021-10-12T22:00:00+00:00,sur l'ensemble de la proposition de loi tendant à sécuriser l'intégration des jeunes majeurs étrangers pris en charge par l'aide sociale à l'enfance,,344,344,107,237,https://www.senat.fr/scrutin-public/2021/scr2021-9.html
2021-90,2022-01-24T23:00:00+00:00,"sur l'ensemble du projet de loi, adopté par l'Assemblée nationale après engagement de la procédure accélérée, portant reconnaissance de la Nation envers les harkis et les autres personnes rapatriées dAlgérie anciennement de statut civil de droit local et réparation des préjudices subis par ceux&#8209;ci et leurs familles du fait de lindignité de leurs conditions daccueil et de vie dans certaines structures sur le territoire français",,344,331,331,0,https://www.senat.fr/scrutin-public/2021/scr2021-90.html
2021-91,2022-01-25T23:00:00+00:00,sur l'ensemble du texte élaboré par la commission mixte paritaire sur le projet de loi ratifiant l'ordonnance n° 2021-484 du 21 avril 2021 relative aux modalités de représentation des travailleurs indépendants recourant pour leur activité aux plateformes et aux conditions d'exercice de cette représentation et portant habilitation du Gouvernement à compléter par ordonnance les règles organisant le dialogue social avec les plateformes,67966,343,343,252,91,https://www.senat.fr/scrutin-public/2021/scr2021-91.html
2021-92,2022-01-25T23:00:00+00:00,"sur les amendements identiques n° 1 rectifié ter, présenté par M. Emmanuel Capus et plusieurs de ses collègues, n° 17, présenté par le Gouvernement, n° 24 rectifié bis, présenté par M. Henri Cabanel et plusieurs de ses collègues, et n° 31, présenté par Mme Marie Evrard et les membres du groupe Rassemblement des démocrates, progressistes et indépendants, à l'article 1er de la proposition de loi, adoptée par l'Assemblée nationale après engagement de la procédure accélérée, pour un accès plus juste, plus simple et plus transparent au marché de l'assurance emprunteur",,343,277,78,199,https://www.senat.fr/scrutin-public/2021/scr2021-92.html
2021-93,2022-01-25T23:00:00+00:00,"sur lensemble de la proposition de loi, adoptée par l'Assemblée nationale après engagement de la procédure accélérée, pour un accès plus juste, plus simple et plus transparent au marché de l'assurance emprunteur",,342,277,277,0,https://www.senat.fr/scrutin-public/2021/scr2021-93.html
2021-94,2022-01-26T23:00:00+00:00,sur lensemble de la proposition de loi visant à faire évoluer la gouvernance de lAgence pour lenseignement français à létranger et à créer les instituts régionaux de formation (procédure accélérée),68625,342,330,330,0,https://www.senat.fr/scrutin-public/2021/scr2021-94.html
2021-95,2022-02-07T23:00:00+00:00,sur l'ensemble du texte élaboré par la commission mixte paritaire sur le projet de loi en faveur de l'activité professionnelle indépendante,,343,253,253,0,https://www.senat.fr/scrutin-public/2021/scr2021-95.html
2021-96,2022-02-07T23:00:00+00:00,"sur l'ensemble du projet de loi, adopté par l'Assemblée nationale après engagement de la procédure accélérée, portant réforme des outils de gestion des risques climatiques en agriculture",,343,343,315,28,https://www.senat.fr/scrutin-public/2021/scr2021-96.html
2021-97,2022-02-08T23:00:00+00:00,"sur l'ensemble du texte élaboré par la commission mixte paritaire sur le projet de loi relatif à la différenciation, la décentralisation, la déconcentration et portant diverses mesures de simplification de l'action publique locale",67606,343,333,301,32,https://www.senat.fr/scrutin-public/2021/scr2021-97.html
2021-98,2022-02-08T23:00:00+00:00,"sur l'ensemble de la proposition de loi organique, adoptée par l'Assemblée nationale en nouvelle lecture, relative aux lois de financement de la sécurité sociale",,343,343,252,91,https://www.senat.fr/scrutin-public/2021/scr2021-98.html
2021-99,2022-02-14T23:00:00+00:00,sur l'ensemble du texte élaboré par la commission mixte paritaire sur le projet de loi portant reconnaissance de la Nation envers les harkis et les autres personnes rapatriées d'Algérie anciennement de statut civil de droit local et réparation des préjudices subis par ceux-ci et leurs familles du fait de l'indignité de leurs conditions d'accueil et de vie dans certaines structures sur le territoire français,68485,342,336,329,7,https://www.senat.fr/scrutin-public/2021/scr2021-99.html
2022-1,2022-10-10T22:00:00+00:00,"sur l'amendement n° 18, présenté par M. Jean-Pierre Sueur et les membres du groupe Socialiste, Écologiste et Républicain, à l'article 1er du projet de loi d'orientation et de programmation du ministère de l'intérieur (procédure accélérée)",,343,335,93,242,https://www.senat.fr/scrutin-public/2022/scr2022-1.html
2022-10,2022-10-19T22:00:00+00:00,sur l'ensemble de la proposition de loi en faveur du développement de l'agrivoltaïsme,,341,254,251,3,https://www.senat.fr/scrutin-public/2022/scr2022-10.html
2022-100,2022-12-07T23:00:00+00:00,sur l'article 3 de la proposition de loi visant à rétablir l'équité territoriale face aux déserts médicaux et à garantir l'accès à la santé pour tous,70285,319,315,142,173,https://www.senat.fr/scrutin-public/2022/scr2022-100.html
2022-101,2022-12-07T23:00:00+00:00,sur l'article 4 de la proposition de loi visant à rétablir l'équité territoriale face aux déserts médicaux et à garantir l'accès à la santé pour tous,70285,318,315,120,195,https://www.senat.fr/scrutin-public/2022/scr2022-101.html
2022-102,2022-12-07T23:00:00+00:00,"sur l'amendement n° 14, présenté par M. Patrice Joly, tendant à insérer un article additionnel après l'article 4 de la proposition de loi visant à rétablir l'équité territoriale face aux déserts médicaux et à garantir l'accès à la santé pour tous",70285,343,276,7,269,https://www.senat.fr/scrutin-public/2022/scr2022-102.html
2022-103,2022-12-07T23:00:00+00:00,sur l'article 5 de la proposition de loi visant à rétablir l'équité territoriale face aux déserts médicaux et à garantir l'accès à la santé pour tous,70285,320,308,95,213,https://www.senat.fr/scrutin-public/2022/scr2022-103.html
2022-104,2022-12-07T23:00:00+00:00,sur l'article 6 constituant l'ensemble de la proposition de loi visant à rétablir l'équité territoriale face aux déserts médicaux et à garantir l'accès à la santé pour tous,70285,319,303,100,203,https://www.senat.fr/scrutin-public/2022/scr2022-104.html
2022-105,2022-12-12T23:00:00+00:00,"sur lamendement n° 68, présenté par Mme Cathy Apourceau-Poly et les membres du groupe communiste républicain citoyen et écologiste, tendant à supprimer larticle 2 du projet de loi portant diverses dispositions d'adaptation au droit de l'Union européenne dans les domaines de l'économie, de la santé, du travail, des transports et de l'agriculture (procédure accélérée)",70522,343,267,14,253,https://www.senat.fr/scrutin-public/2022/scr2022-105.html
2022-106,2022-12-12T23:00:00+00:00,"sur lamendement n° 73, présenté par Mme Cathy Apourceau-Poly et les membres du groupe communiste républicain citoyen et écologiste, tendant à supprimer larticle 11 du projet de loi portant diverses dispositions d'adaptation au droit de l'Union européenne dans les domaines de l'économie, de la santé, du travail, des transports et de l'agriculture (procédure accélérée)",70522,343,343,26,317,https://www.senat.fr/scrutin-public/2022/scr2022-106.html
2022-107,2022-12-13T23:00:00+00:00,sur l'ensemble du texte élaboré par la commission mixte paritaire sur le projet de loi dorientation et de programmation du ministère de lintérieur,,343,343,316,27,https://www.senat.fr/scrutin-public/2022/scr2022-107.html
2022-108,2022-12-14T23:00:00+00:00,"sur la motion n° I-2, présentée par M. Jean-François Husson au nom de la commission des finances, tendant à opposer la question préalable au projet de loi de finances, considéré comme adopté par l'Assemblée nationale en application de l'article 49, alinéa 3 de la Constitution, en nouvelle lecture, pour 2023",,342,314,260,54,https://www.senat.fr/scrutin-public/2022/scr2022-108.html
2022-109,2023-01-11T23:00:00+00:00,"sur lensemble de la proposition de résolution, en application de larticle 34-1 de la Constitution, proposant au Gouvernement de sortir le système électrique des mécanismes concurrentiels",,342,333,153,180,https://www.senat.fr/scrutin-public/2022/scr2022-109.html
2022-11,2022-10-24T22:00:00+00:00,"sur la motion n° 73, présentée par Mme Cathy Apourceau-Poly et les membres du groupe communiste républicain citoyen et écologiste, tendant à opposer la question préalable au projet de loi, adopté par l'Assemblée nationale, portant mesures d'urgence relatives au fonctionnement du marché du travail en vue du plein emploi",69946,344,344,92,252,https://www.senat.fr/scrutin-public/2022/scr2022-11.html
2022-110,2023-01-23T23:00:00+00:00,sur l'ensemble du projet de loi relatif à l'accélération des procédures liées à la construction de nouvelles installations nucléaires à proximité de sites nucléaires existants et au fonctionnement des installations existantes (procédure accélérée),70363,333,255,239,16,https://www.senat.fr/scrutin-public/2022/scr2022-110.html
2022-111,2023-01-23T23:00:00+00:00,"sur les amendements identiques n° 47, présenté par Mme Éliane Assassi et les membres du groupe communiste républicain citoyen et écologiste, et n° 63, présenté par M. Thomas Dossus et les membres du groupe Écologiste - Solidarité et Territoires, tendant à supprimer l'article 7 du projet de loi relatif aux jeux Olympiques et Paralympiques de 2024 (procédure accélérée)",,331,331,28,303,https://www.senat.fr/scrutin-public/2022/scr2022-111.html
2022-112,2023-01-23T23:00:00+00:00,sur l'article 7 du projet de loi relatif aux jeux Olympiques et Paralympiques de 2024 (procédure accélérée),,343,270,243,27,https://www.senat.fr/scrutin-public/2022/scr2022-112.html
2022-113,2023-01-30T23:00:00+00:00,sur l'ensemble du projet de loi relatif aux jeux Olympiques et Paralympiques de 2024 (procédure accélérée),,338,273,245,28,https://www.senat.fr/scrutin-public/2022/scr2022-113.html
2022-114,2023-01-30T23:00:00+00:00,"sur l'amendement n° 1, présenté par M. Daniel Salmon et les membres du groupe Écologiste - Solidarité et Territoires, à l'article unique de la proposition de loi visant à régulariser le PLUi de la Communauté de communes du Bas Chablais",,265,264,12,252,https://www.senat.fr/scrutin-public/2022/scr2022-114.html
2022-115,2023-01-30T23:00:00+00:00,sur lensemble de la proposition de loi visant à régulariser le PLUi de la Communauté de communes du Bas Chablais,,265,246,234,12,https://www.senat.fr/scrutin-public/2022/scr2022-115.html
2022-116,2023-01-30T23:00:00+00:00,"sur la motion n° 6, présentée par Mme Éliane Assassi et les membres du groupe communiste républicain citoyen et écologiste, tendant à opposer la question préalable à la proposition de loi, adoptée par l'Assemblée nationale, visant à protéger les logements contre l'occupation illicite",70242,344,344,91,253,https://www.senat.fr/scrutin-public/2022/scr2022-116.html
2022-117,2023-01-31T23:00:00+00:00,sur l'article unique constituant l'ensemble de la proposition de loi relative à l'instauration d'un nombre minimum de soignants par patient hospitalisé,70444,337,273,257,16,https://www.senat.fr/scrutin-public/2022/scr2022-117.html
2022-118,2023-01-31T23:00:00+00:00,"sur la motion n° 2, présentée par M. Stéphane Ravier, tendant à opposer la question préalable à la proposition de loi constitutionnelle, adoptée par lAssemblée nationale, visant à protéger et à garantir le droit fondamental à l'interruption volontaire de grossesse",70127,345,345,1,344,https://www.senat.fr/scrutin-public/2022/scr2022-118.html
2022-119,2023-01-31T23:00:00+00:00,"sur l'amendement n° 1 rectifié bis, présenté par M. Philippe Bas, de rédaction globale de l'article unique de la proposition de loi constitutionnelle, adoptée par l'Assemblée nationale, visant à protéger et à garantir le droit fondamental à l'interruption volontaire de grossesse",70127,341,318,166,152,https://www.senat.fr/scrutin-public/2022/scr2022-119.html
2022-12,2022-10-24T22:00:00+00:00,"sur l'article 1er bis AA du projet de loi, adopté par l'Assemblée nationale, portant mesures d'urgence relatives au fonctionnement du marché du travail en vue du plein emploi",69946,343,320,215,105,https://www.senat.fr/scrutin-public/2022/scr2022-12.html
2022-120,2023-02-01T23:00:00+00:00,"sur l'amendement n° 1, présenté par Mme Isabelle Briquet et les membres du groupe Socialiste, Écologiste et Républicain, de rédaction globale de l'article 1er de la proposition de loi visant à renforcer l'action des collectivités territoriales en matière de politique du logement",70783,344,318,153,165,https://www.senat.fr/scrutin-public/2022/scr2022-120.html
2022-121,2023-02-01T23:00:00+00:00,sur l'ensemble de la proposition de loi visant à renforcer l'action des collectivités territoriales en matière de politique du logement,70783,343,326,77,249,https://www.senat.fr/scrutin-public/2022/scr2022-121.html
2022-122,2023-02-01T23:00:00+00:00,"sur l'article 1er de la proposition de loi, adoptée par l'Assemblée nationale, visant à réhabiliter les militaires « fusillés pour l'exemple » durant la Première Guerre mondiale",68490,342,331,113,218,https://www.senat.fr/scrutin-public/2022/scr2022-122.html
2022-123,2023-02-01T23:00:00+00:00,"sur l'ensemble de la proposition de loi, adoptée par l'Assemblée nationale, visant à protéger les logements contre l'occupation illicite",70242,343,343,252,91,https://www.senat.fr/scrutin-public/2022/scr2022-123.html
2022-124,2023-02-06T23:00:00+00:00,"sur l'ensemble de la proposition de résolution en application de l'article 34-1 de la Constitution, exprimant le soutien du Sénat à l'Ukraine, condamnant la guerre d'agression menée par la Fédération de Russie et appelant au renforcement de l'aide fournie à l'Ukraine",,344,340,324,16,https://www.senat.fr/scrutin-public/2022/scr2022-124.html
2022-125,2023-02-06T23:00:00+00:00,sur l'ensemble du texte élaboré par la commission mixte paritaire sur le projet de loi relatif à l'accélération de la production d'énergies renouvelables,70063,343,313,300,13,https://www.senat.fr/scrutin-public/2022/scr2022-125.html
2022-126,2023-02-07T23:00:00+00:00,"sur l'ensemble de la proposition de résolution en application de l'article 34-1 de la Constitution, relative à la reconnaissance du génocide des Assyro-Chaldéens de 1915-1918",,337,302,300,2,https://www.senat.fr/scrutin-public/2022/scr2022-126.html
2022-127,2023-02-07T23:00:00+00:00,"sur l'amendement  n° 1 rectifié, présenté par M. Jean-Yves Leconte et les membres du groupe Socialiste, Écologiste et Républicain, sur la proposition de résolution européenne en application de l'article 73 quinquies du Règlement, sur l'avenir de l'Agence européenne de garde-frontières et de garde-côtes (Frontex)",,344,344,129,215,https://www.senat.fr/scrutin-public/2022/scr2022-127.html
2022-128,2023-02-07T23:00:00+00:00,"sur l'ensemble de la proposition de résolution européenne en application de l'article 73 quinquies du Règlement, sur l'avenir de l'Agence européenne de garde-frontières et de garde-côtes (Frontex)",,344,344,252,92,https://www.senat.fr/scrutin-public/2022/scr2022-128.html
2022-129,2023-02-13T23:00:00+00:00,"sur lamendement n° 78 rectifié bis, présenté par M. Daniel Chasseing et plusieurs de ses collègues, à larticle 1er de la proposition de loi, adoptée par l'Assemblée nationale après engagement de la procédure accélérée, portant amélioration de l'accès aux soins par la confiance aux professionnels de santé",70244,343,312,37,275,https://www.senat.fr/scrutin-public/2022/scr2022-129.html
2022-13,2022-11-01T23:00:00+00:00,"sur l'amendement n° 54 rectifié, présenté par Mme Vanina Paoli-Gagin et plusieurs de ses collègues, à l'article 10 du projet de loi de programmation des finances publiques pour les années 2023 à 2027 (procédure accélérée) .",,343,287,164,123,https://www.senat.fr/scrutin-public/2022/scr2022-13.html
2022-130,2023-02-13T23:00:00+00:00,"sur l'amendement n° 53, présenté par Mme Laurence Cohen et les membres du groupe communiste républicain citoyen et écologiste, à l'article 1er de la proposition de loi, adoptée par l'Assemblée nationale après engagement de la procédure accélérée, portant amélioration de l'accès aux soins par la confiance aux professionnels de santé",70244,343,312,86,226,https://www.senat.fr/scrutin-public/2022/scr2022-130.html
2022-131,2023-02-13T23:00:00+00:00,"sur l'amendement n° 77 rectifié, présenté par M. Daniel Chasseing et plusieurs de ses collègues, à l'article 1er de la proposition de loi, adoptée par l'Assemblée nationale après engagement de la procédure accélérée, portant amélioration de l'accès aux soins par la confiance aux professionnels de santé",70244,343,327,36,291,https://www.senat.fr/scrutin-public/2022/scr2022-131.html
2022-132,2023-02-13T23:00:00+00:00,"sur larticle 1er de la proposition de loi, adoptée par l'Assemblée nationale après engagement de la procédure accélérée, portant amélioration de l'accès aux soins par la confiance aux professionnels de santé",70244,343,308,287,21,https://www.senat.fr/scrutin-public/2022/scr2022-132.html
2022-133,2023-02-13T23:00:00+00:00,"sur les amendements identiques n° 28, présenté par Mme Émilienne Poumirol et les membres du groupe Socialiste, Écologiste et Républicain, n° 50 présenté par Mme Laurence Cohen et les membres du groupe communiste républicain citoyen et écologiste, n° 73 rectifié, présenté par M. Daniel Chasseing et plusieurs de ses collègues, et n° 86 présenté par Mme Raymonde Poncet Monge et les membres du groupe Écologiste - Solidarité et Territoires, tendant à supprimer l'article 3 bis de la proposition de loi, adoptée par l'Assemblée nationale après engagement de la procédure accélérée, portant amélioration de l'accès aux soins par la confiance aux professionnels de santé",70244,343,320,120,200,https://www.senat.fr/scrutin-public/2022/scr2022-133.html
2022-134,2023-02-13T23:00:00+00:00,"sur l'amendement n° 5 rectifié bis, présenté par M. Stéphane Sautarel et plusieurs de ses collègues, tendant à insérer un article additionnel après l'article 4 ter de la proposition de loi, adoptée par l'Assemblée nationale après engagement de la procédure accélérée, portant amélioration de l'accès aux soins par la confiance aux professionnels de santé",70244,343,320,41,279,https://www.senat.fr/scrutin-public/2022/scr2022-134.html
2022-135,2023-02-13T23:00:00+00:00,"sur l'ensemble de la proposition de loi, adoptée par l'Assemblée nationale après engagement de la procédure accélérée, portant amélioration de l'accès aux soins par la confiance aux professionnels de santé",70244,343,213,199,14,https://www.senat.fr/scrutin-public/2022/scr2022-135.html
2022-136,2023-02-28T23:00:00+00:00,sur l'ensemble de la proposition de loi visant à renforcer la voix des élus locaux au sein du service public de l'assainissement francilien,70462,343,184,184,0,https://www.senat.fr/scrutin-public/2022/scr2022-136.html
2022-137,2023-03-01T23:00:00+00:00,"sur la motion n° 162, présentée par Mme Éliane Assassi et les membres du groupe communiste républicain citoyen et écologiste, tendant à opposer lexception dirrecevabilité au projet de loi de financement rectificative de la sécurité sociale, dont le Sénat est saisi en application de larticle 47-1, alinéa 2, de la Constitution, pour 2023",,345,344,93,251,https://www.senat.fr/scrutin-public/2022/scr2022-137.html
2022-138,2023-03-01T23:00:00+00:00,"sur la motion n° 125, présentée par Mme Raymonde Poncet Monge et les membres du groupe Écologiste - Solidarité et Territoires, tendant à opposer la question préalable au projet de loi de financement rectificative de la sécurité sociale, dont le Sénat est saisi en application de larticle 47-1, alinéa 2, de la Constitution, pour 2023",,345,344,93,251,https://www.senat.fr/scrutin-public/2022/scr2022-138.html
2022-139,2023-03-02T23:00:00+00:00,"sur l'ensemble de la motion n° 388 (2022,2023), présentée par M. Patrick Kanner, Mme Éliane Assassi, M. Guillaume Gontard et plusieurs de leurs collègues, tendant à soumettre au référendum le projet de loi de financement rectificative de la sécurité sociale, dont le Sénat est saisi en application de l'article 47-1, alinéa 2, de la Constitution, pour 2023",,344,344,93,251,https://www.senat.fr/scrutin-public/2022/scr2022-139.html
2022-14,2022-11-03T23:00:00+00:00,"sur les amendements identiques n° 227 rectifié, présenté par M. Henri Cabanel et plusieurs de ses collègues, n° 336 rectifié, présenté par M. Ronan Dantec et plusieurs de ses collègues, n° 584, présenté par le Gouvernement et n° 612, présenté par Mme Nadège Havet et les membres du groupe Rassemblement des démocrates, progressistes et indépendants, à l'article 12 du projet de loi relatif à l'accélération de la production d'énergies renouvelables (procédure accélérée)",70063,340,337,186,151,https://www.senat.fr/scrutin-public/2022/scr2022-14.html
2022-140,2023-03-02T23:00:00+00:00,"sur les amendements identiques n°s 1 rectifié bis, 126, 127, 128, 279, 341, 365, 448, 483, 566, 578, 665, 695, 725, 807, 895, 929, 1058, 1074, 1095, 1145 rectifié bis, 1237, 1267, 1337, 1370, 1403, 1578, 1619, 1690, 1816, 1868, 1944 rectifié ter, 1989, 2030 rectifié, 2068, 2232 rectifié, 2234, 2235, 2236, 2239, 2240 et 2243, tendant à supprimer l'article liminaire du projet de loi de financement rectificative de la sécurité sociale, dont le Sénat est saisi en application de l'article 47-1, alinéa 2, de la Constitution, pour 2023",,344,344,93,251,https://www.senat.fr/scrutin-public/2022/scr2022-140.html
2022-141,2023-03-02T23:00:00+00:00,"sur les amendements identiques n° 2625 rectifié, présenté par Mme Monique Lubin et les membres du groupe Socialiste, Écologiste et Républicain, n° 3402, présenté par Mme Raymonde Poncet Monge et les membres du groupe Écologiste - Solidarité et Territoires, et n° 3813, présenté par Mme Éliane Assassi et plusieurs de ses collègues, à l'article liminaire du projet de loi de financement rectificative de la sécurité sociale, dont le Sénat est saisi en application de l'article 47-1, alinéa 2, de la Constitution, pour 2023",,343,343,91,252,https://www.senat.fr/scrutin-public/2022/scr2022-141.html
2022-142,2023-03-02T23:00:00+00:00,"sur l'article liminaire du projet de loi de financement rectificative de la sécurité sociale, dont le Sénat est saisi en application de l'article 47-1, alinéa 2, de la Constitution, pour 2023",,342,341,250,91,https://www.senat.fr/scrutin-public/2022/scr2022-142.html
2022-143,2023-03-02T23:00:00+00:00,"sur l'amendement n° 3531, présenté par Mme Raymonde Poncet Monge et les membres du groupe Écologiste - Solidarité et Territoires, de rédaction globale de l'intitulé de la première partie du projet de loi de financement rectificative de la sécurité sociale, dont le Sénat est saisi en application de larticle 47-1, alinéa 2, de la Constitution, pour 2023",,343,342,91,251,https://www.senat.fr/scrutin-public/2022/scr2022-143.html
2022-144,2023-03-02T23:00:00+00:00,"sur l'amendement n° 4473 rectifié, présenté par Mme Éliane Assassi et les membres du groupe communiste républicain citoyen et écologiste, tendant à insérer un article additionnel avant l'article 1er du projet de loi de financement rectificative de la sécurité sociale, dont le Sénat est saisi en application de l'article 47-1, alinéa 2, de la Constitution, pour 2023",,343,342,91,251,https://www.senat.fr/scrutin-public/2022/scr2022-144.html
2022-145,2023-03-03T23:00:00+00:00,"sur la motion n° 4738, présentée par Mme Raymonde Poncet Monge et les membres du groupe Écologiste - Solidarité et Territoires, tendant au renvoi en commission de l'article 1er du projet de loi de financement rectificative de la sécurité sociale, dont le Sénat est saisi en application de larticle 47-1, alinéa 2, de la Constitution, pour 2023",,343,342,91,251,https://www.senat.fr/scrutin-public/2022/scr2022-145.html
2022-146,2023-03-03T23:00:00+00:00,"sur les amendements identiques n°s 2 rectifié, 129, 130, 131, 200, 280, 342, 366, 449, 484, 579, 666, 808, 896, 980, 1075, 1151 rectifié bis, 1238, 1268, 1314, 1338,1404, 1502, 1620, 1691, 1817, 1990 et 3871, tendant à supprimer l'article 1er du projet de loi de financement rectificative de la sécurité sociale, dont le Sénat est saisi en application de l'article 47-1, alinéa 2, de la Constitution, pour 2023",,343,341,98,243,https://www.senat.fr/scrutin-public/2022/scr2022-146.html
2022-147,2023-03-03T23:00:00+00:00,"sur les amendements identiques n°s 367, 450, 568, 580, 667, 696, 809, 981, 1061, 1097, 1146 rectifié bis, 1239, 1269, 1315, 1339, 1503, 1621, 1692, 1818, 2258, 3193 et 3885 rectifié à l'article 1er du projet de loi de financement rectificative de la sécurité sociale, dont le Sénat est saisi en application de larticle 47-1, alinéa 2, de la Constitution, pour 2023",,344,340,98,242,https://www.senat.fr/scrutin-public/2022/scr2022-147.html
2022-148,2023-03-03T23:00:00+00:00,"sur les amendements identiques n° 3045 rectifié, présenté par Mme Monique Lubin et les membres du groupe Socialiste, Écologiste et Républicain, et n° 3913 rectifié, présenté par Mme Éliane Assassi et les membres du groupe communiste républicain citoyen et écologiste, à l'article 1er du projet de loi de financement rectificative de la sécurité sociale, dont le Sénat est saisi en application de larticle 47-1, alinéa 2, de la Constitution, pour 2023",,344,340,98,242,https://www.senat.fr/scrutin-public/2022/scr2022-148.html
2022-149,2023-03-03T23:00:00+00:00,"sur les amendements identiques n°s 343, 368, 451, 506, 569, 581, 697, 810, 898, 991, 1062, 1098, 1152 rectifié bis, 1247, 1270,1316, 1504, 1622, 1693, 1819, 1850, 1945 rectifié ter et 3906 rectifié à l'article 1er du projet de loi de financement rectificative de la sécurité sociale pour 2023 dont le Sénat a été saisi en application de l'article 47-1, alinéa 2, de la Constitution",,344,338,108,230,https://www.senat.fr/scrutin-public/2022/scr2022-149.html
2022-15,2022-11-03T23:00:00+00:00,"sur l'amendement n° 516, présenté par M. Hervé Gillé et plusieurs de ses collègues, tendant à supprimer l'article 16 quater du projet de loi relatif à l'accélération de la production d'énergies renouvelables (procédure accélérée)",70063,343,343,146,197,https://www.senat.fr/scrutin-public/2022/scr2022-15.html
2022-150,2023-03-03T23:00:00+00:00,"sur les amendements identiques n°s 344, 369, 452, 507, 570, 582, 669, 698, 811, 899, 982, 1011, 1031, 1063, 1099, 1153 rectifié bis, 1248, 1271, 1317, 1623, 1694, 1820, 2260, 1946 rectifié ter, 2224 rectifié, 3920 rectifié, à l'article 1er du projet de loi de financement rectificative de la sécurité sociale, dont le Sénat est saisi en application de larticle 47-1, alinéa 2, de la Constitution, pour 2023",,344,340,109,231,https://www.senat.fr/scrutin-public/2022/scr2022-150.html
2022-151,2023-03-03T23:00:00+00:00,"sur les amendements identiques n° 1946 rectifié ter, présenté par M. Étienne Blanc et plusieurs de ses collègues, n° 2224 rectifié, présenté par M. Stéphane Artano et plusieurs de ses collègues, et n° 3920, présenté par Mme Éliane Assassi et les membres du groupe communiste républicain citoyen et écologiste, à l'article 1er du projet de loi de financement rectificative de la sécurité sociale, dont le Sénat est saisi en application de l'article 47-1, alinéa 2, de la Constitution, pour 2023",,344,340,124,216,https://www.senat.fr/scrutin-public/2022/scr2022-151.html
2022-152,2023-03-03T23:00:00+00:00,"sur l'amendement n° 3946 rectifié, présenté par Mme Éliane Assassi et les membres du groupe communiste républicain citoyen et écologiste, à l'article 1er du projet de loi de financement rectificative de la sécurité sociale, dont le Sénat est saisi en application de larticle 47-1, alinéa 2, de la Constitution, pour 2023",,344,341,106,235,https://www.senat.fr/scrutin-public/2022/scr2022-152.html
2022-153,2023-03-03T23:00:00+00:00,"sur les amendements identiques n°s 345, 370, 453, 508, 571, 583, 670, 699, 812, 900, 983, 1064, 1100, 1154 rectifié bis, 1240, 1272, 1318, 1375, 1624, 1695, 1821, 1994, 2261, 3197 et 3932 rectifié à l'article 1er du projet de loi de financement rectificative de la sécurité sociale, dont le Sénat est saisi en application de larticle 47-1, alinéa 2, de la Constitution, pour 2023",,344,340,98,242,https://www.senat.fr/scrutin-public/2022/scr2022-153.html
2022-154,2023-03-03T23:00:00+00:00,"sur l'amendement n° 3964 rectifié, présenté par Mme Éliane Assassi et les membres du groupe communiste républicain citoyen et écologiste, à l'article 1er du projet de loi de financement rectificative de la sécurité sociale, dont le Sénat est saisi en application de l'article 47-1, alinéa 2, de la Constitution, pour 2023",,344,339,98,241,https://www.senat.fr/scrutin-public/2022/scr2022-154.html
2022-155,2023-03-03T23:00:00+00:00,"sur l'amendement n° 3937 rectifié, présenté par Mme Éliane Assassi et les membres du groupe communiste républicain citoyen et écologiste, à l'article 1er du projet de loi de financement rectificative de la sécurité sociale, dont le Sénat est saisi en application de larticle 47-1, alinéa 2, de la Constitution, pour 2023",,344,339,99,240,https://www.senat.fr/scrutin-public/2022/scr2022-155.html
2022-156,2023-03-03T23:00:00+00:00,"sur l'amendement n° 4004 rectifié, présenté par Mme Éliane Assassi et les membres du groupe communiste républicain citoyen et écologiste, à l'article 1er du projet de loi de financement rectificative de la sécurité sociale, dont le Sénat est saisi en application de larticle 47-1, alinéa 2, de la Constitution, pour 2023",,343,339,98,241,https://www.senat.fr/scrutin-public/2022/scr2022-156.html
2022-157,2023-03-03T23:00:00+00:00,"sur l'amendement n° 4013 rectifié, présenté par Mme Éliane Assassi et les membres du groupe communiste républicain citoyen et écologiste, à l'article 1er du projet de loi de financement rectificative de la sécurité sociale, dont le Sénat est saisi en application de larticle 47-1, alinéa 2, de la Constitution, pour 2023",,343,339,98,241,https://www.senat.fr/scrutin-public/2022/scr2022-157.html
2022-158,2023-03-03T23:00:00+00:00,"sur l'article 1er du projet de loi de financement rectificative de la sécurité sociale, dont le Sénat est saisi en application de l'article 47-1, alinéa 2, de la Constitution, pour 2023",,343,332,233,99,https://www.senat.fr/scrutin-public/2022/scr2022-158.html
2022-159,2023-03-04T23:00:00+00:00,"sur l'amendement n° 4469 rectifié bis, présenté par Mme Éliane Assassi et les membres du groupe communiste républicain citoyen et écologiste, tendant à insérer un article additionnel après l'article 1er du projet de loi de financement rectificative de la sécurité sociale, dont le Sénat est saisi en application de larticle 47-1, alinéa 2, de la Constitution, pour 2023",,344,343,91,252,https://www.senat.fr/scrutin-public/2022/scr2022-159.html
2022-16,2022-11-03T23:00:00+00:00,"sur les amendements identiques n° 258 rectifié, présenté par M. Henri Cabanel et plusieurs de ses collègues, et n° 543, présenté par M. Franck Montaugé et les membres du groupe Socialiste, écologiste et républicain, tendant à supprimer l'article 16 sexies du projet de loi relatif à l'accélération de la production d'énergies renouvelables (procédure accélérée)",70063,343,343,142,201,https://www.senat.fr/scrutin-public/2022/scr2022-16.html
2022-160,2023-03-04T23:00:00+00:00,"sur le sous-amendement n° 4735, présenté par Mme Monique Lubin et les membres du groupe Socialiste, Écologiste et Républicain, à l'amendement n° 1968 rectifié quater, présenté par M. Jean-François Husson et plusieurs de ses collègues, tendant à insérer un article additionnel après l'article 1er du projet de loi de financement rectificative de la sécurité sociale, dont le Sénat est saisi en application de l'article 47-1, alinéa 2, de la Constitution, pour 2023",,344,343,91,252,https://www.senat.fr/scrutin-public/2022/scr2022-160.html
2022-161,2023-03-04T23:00:00+00:00,"sur le sous-amendement n° 4745, présenté par Mme Mélanie Vogel et les membres du groupe Écologiste - Solidarité et Territoires, à l'amendement n° 1968 rectifié quater, présenté par M. Jean-François Husson et plusieurs de ses collègues, tendant à insérer un article additionnel après l'article 1er du projet de loi de financement rectificative de la sécurité sociale, dont le Sénat est saisi en application de larticle 47-1, alinéa 2, de la Constitution, pour 2023",,344,343,91,252,https://www.senat.fr/scrutin-public/2022/scr2022-161.html
2022-162,2023-03-04T23:00:00+00:00,"sur le sous-amendement n° 4746, présenté par Mme Raymonde Poncet Monge et les membres du groupe Écologiste - Solidarité et Territoires, à l'amendement n° 1968 rectifié quater, présenté par M. Jean-François Husson et plusieurs de ses collègues, tendant à insérer un article additionnel après l'article 1er du projet de loi de financement rectificative de la sécurité sociale, dont le Sénat est saisi en application de larticle 47-1, alinéa 2, de la Constitution, pour 2023",,344,343,91,252,https://www.senat.fr/scrutin-public/2022/scr2022-162.html
2022-163,2023-03-04T23:00:00+00:00,"sur l'amendement n° 1968 rectifié quater, présenté par M. Jean-François Husson et plusieurs de ses collègues, tendant à insérer un article additionnel après l'article 1er du projet de loi de financement rectificative de la sécurité sociale, dont le Sénat est saisi en application de larticle 47-1, alinéa 2, de la Constitution, pour 2023",,344,289,163,126,https://www.senat.fr/scrutin-public/2022/scr2022-163.html
2022-164,2023-03-04T23:00:00+00:00,"sur l'amendement n° 3168, présenté par Mme Raymonde Poncet Monge et les membres du groupe Écologiste - Solidarité et Territoires, tendant à insérer un article additionnel après l'article 1er du projet de loi de financement rectificative de la sécurité sociale, dont le Sénat est saisi en application de larticle 47-1, alinéa 2, de la Constitution, pour 2023",,344,335,92,243,https://www.senat.fr/scrutin-public/2022/scr2022-164.html
2022-165,2023-03-04T23:00:00+00:00,"sur les amendements identiques n°s 310 rectifié, 347, 372, 455, 510, 573, 672, 701, 758 rectifié, 805 rectifié bis, 985, 1033, 1102, 1173 rectifié bis, 1241, 1274, 1320, 1547, 1596, 1626, 1656, 1697, 1823, 1996, 2108, 2263, 2371 rectifié bis, 2493 rectifié ter, 2588 rectifié ter, 3384, 4403 rectifié, 4725 rectifié bis et 4729 rectifié ter tendant à supprimer l'article 1er bis du projet de loi de financement rectificative de la sécurité sociale, dont le Sénat est saisi en application de l'article 47-1, alinéa 2, de la Constitution, pour 2023",,343,293,292,1,https://www.senat.fr/scrutin-public/2022/scr2022-165.html
2022-166,2023-03-04T23:00:00+00:00,"sur les amendements identiques n° 2015, présenté par M. Olivier Henno et les membres du groupe Union Centriste, et n° 2109, présenté par M. René-Paul Savary au nom de la commission des affaires sociales, à l'article 2 du projet de loi de financement rectificative de la sécurité sociale, dont le Sénat est saisi en application de l'article 47-1, alinéa 2, de la Constitution, pour 2023",,343,342,247,95,https://www.senat.fr/scrutin-public/2022/scr2022-166.html
2022-167,2023-03-04T23:00:00+00:00,"sur l'amendement n° 4189 rectifié, présenté par Mme Éliane Assassi et les membres du groupe communiste républicain citoyen et écologiste, à l'article 2 du projet de loi de financement rectificative de la sécurité sociale, dont le Sénat est saisi en application de larticle 47-1, alinéa 2, de la Constitution, pour 2023",,343,343,91,252,https://www.senat.fr/scrutin-public/2022/scr2022-167.html
2022-168,2023-03-04T23:00:00+00:00,"sur les amendements identiques n° 2484, présenté par M. Thomas Dossus et les membres du groupe Écologiste - Solidarité et Territoires, n° 2785 rectifié, présenté par Mme Monique Lubin et les membres du groupe Socialiste, Écologiste et Républicain, et n° 4198 rectifié, présenté par Mme Éliane Assassi et les membres du groupe communiste républicain citoyen et écologiste, à l'article 2 du projet de loi de financement rectificative de la sécurité sociale, dont le Sénat est saisi en application de larticle 47-1, alinéa 2, de la Constitution, pour 2023",,343,342,91,251,https://www.senat.fr/scrutin-public/2022/scr2022-168.html
2022-169,2023-03-04T23:00:00+00:00,"sur les amendements identiques n° 3740, présenté par M. Jacques Fernique et les membres du groupe Écologiste - Solidarité et Territoires, et n° 4213 rectifié, présenté par Mme Éliane Assassi et les membres du groupe communiste républicain citoyen et écologiste, à l'article 2 du projet de loi de financement rectificative de la sécurité sociale, dont le Sénat est saisi en application de larticle 47-1, alinéa 2, de la Constitution, pour 2023",,343,342,91,251,https://www.senat.fr/scrutin-public/2022/scr2022-169.html
2022-17,2022-11-03T23:00:00+00:00,"sur l'amendement n° 594, présenté par le Gouvernement, à l'article 16 undecies du projet de loi relatif à l'accélération de la production d'énergies renouvelables (procédure accélérée)",70063,343,343,129,214,https://www.senat.fr/scrutin-public/2022/scr2022-17.html
2022-170,2023-03-04T23:00:00+00:00,"sur l'amendement n° 4224 rectifié, présenté par Mme Éliane Assassi et les membres du groupe communiste républicain citoyen et écologiste, à l'article 2 du projet de loi de financement rectificative de la sécurité sociale, dont le Sénat est saisi en application de larticle 47-1, alinéa 2, de la Constitution, pour 2023",,343,342,91,251,https://www.senat.fr/scrutin-public/2022/scr2022-170.html
2022-171,2023-03-04T23:00:00+00:00,"sur les amendements identiques n° 2795 rectifié, présenté par Mme Monique Lubin et les membres du groupe Socialiste, Écologiste et Républicain, et n° 4229 rectifié, présenté par Mme Éliane Assassi et les membres du groupe communiste républicain citoyen et écologiste, à l'article 2 du projet de loi de financement rectificative de la sécurité sociale, dont le Sénat est saisi en application de larticle 47-1, alinéa 2, de la Constitution, pour 2023",,343,342,91,251,https://www.senat.fr/scrutin-public/2022/scr2022-171.html
2022-172,2023-03-04T23:00:00+00:00,"sur les amendements identiques n° 2803 rectifié, présenté par Mme Monique Lubin et les membres du groupe Socialiste, Écologiste et Républicain, et n° 4248 rectifié, présenté par Mme Éliane Assassi et les membres du groupe communiste républicain citoyen et écologiste, à l'article 2 du projet de loi de financement rectificative de la sécurité sociale, dont le Sénat est saisi en application de larticle 47-1, alinéa 2, de la Constitution, pour 2023",,343,342,91,251,https://www.senat.fr/scrutin-public/2022/scr2022-172.html
2022-173,2023-03-04T23:00:00+00:00,"sur l'amendement n° 3475, présenté par Mme Raymonde Poncet Monge et les membres du groupe Écologiste - Solidarité et Territoires, à l'article 2 du projet de loi de financement rectificative de la sécurité sociale, dont le Sénat est saisi en application de larticle 47-1, alinéa 2, de la Constitution, pour 2023",,343,342,147,195,https://www.senat.fr/scrutin-public/2022/scr2022-173.html
2022-174,2023-03-04T23:00:00+00:00,"sur l'article 2 du projet de loi de financement rectificative de la sécurité sociale, dont le Sénat est saisi en application de larticle 47-1, alinéa 2, de la Constitution, pour 2023",,343,340,244,96,https://www.senat.fr/scrutin-public/2022/scr2022-174.html
2022-175,2023-03-05T23:00:00+00:00,"sur l'amendement n° 2112 rectifié, présenté par M. René-Paul Savary et Mme Élisabeth Doineau au nom de la commission des affaires sociales, tendant à insérer un article additionnel après l'article 2 du projet de loi de financement rectificative de la sécurité sociale, dont le Sénat est saisi en application de larticle 47-1, alinéa 2, de la Constitution, pour 2023",,344,325,202,123,https://www.senat.fr/scrutin-public/2022/scr2022-175.html
2022-176,2023-03-05T23:00:00+00:00,"sur l'amendement n° 4260 rectifié, présenté par Mme Éliane Assassi et les membres du groupe communiste républicain citoyen et écologiste, tendant à insérer un article additionnel après l'article 2 du projet de loi de financement rectificative de la sécurité sociale, dont le Sénat est saisi en application de larticle 47-1, alinéa 2, de la Constitution, pour 2023",,344,332,91,241,https://www.senat.fr/scrutin-public/2022/scr2022-176.html
2022-177,2023-03-05T23:00:00+00:00,"sur l'amendement n° 3219, présenté par Mme Raymonde Poncet Monge et les membres du groupe Écologiste - Solidarité et Territoires, tendant à insérer un article additionnel après l'article 2 du projet de loi de financement rectificative de la sécurité sociale, dont le Sénat est saisi en application de larticle 47-1, alinéa 2, de la Constitution, pour 2023",,344,334,92,242,https://www.senat.fr/scrutin-public/2022/scr2022-177.html
2022-178,2023-03-05T23:00:00+00:00,"sur l'amendement n° 2523, présenté par M. Guillaume Gontard et les membres du groupe Écologiste - Solidarité et Territoires, tendant à insérer un article additionnel après l'article 2 du projet de loi de financement rectificative de la sécurité sociale, dont le Sénat est saisi en application de larticle 47-1, alinéa 2, de la Constitution, pour 2023",,344,334,92,242,https://www.senat.fr/scrutin-public/2022/scr2022-178.html
2022-179,2023-03-05T23:00:00+00:00,"sur l'amendement n° 4284 rectifié, présenté par Mme Éliane Assassi et les membres du groupe communiste républicain citoyen et écologiste, tendant à insérer un article additionnel après l'article 2 du projet de loi de financement rectificative de la sécurité sociale, dont le Sénat est saisi en application de larticle 47-1, alinéa 2, de la Constitution, pour 2023",,343,335,91,244,https://www.senat.fr/scrutin-public/2022/scr2022-179.html
2022-18,2022-11-03T23:00:00+00:00,"sur l'amendement n° 595, présenté par le Gouvernement, à l'article 16 undecies du projet de loi relatif à l'accélération de la production d'énergies renouvelables (procédure accélérée)",70063,343,343,143,200,https://www.senat.fr/scrutin-public/2022/scr2022-18.html
2022-180,2023-03-05T23:00:00+00:00,"sur l'amendement n° 4346 rectifié, présenté par Mme Éliane Assassi et les membres du groupe communiste républicain citoyen et écologiste, tendant à insérer un article additionnel après l'article 2 du projet de loi de financement rectificative de la sécurité sociale, dont le Sénat est saisi en application de larticle 47-1, alinéa 2, de la Constitution, pour 2023",,343,335,91,244,https://www.senat.fr/scrutin-public/2022/scr2022-180.html
2022-181,2023-03-05T23:00:00+00:00,"sur l'amendement n° 4347 rectifié, présenté par Mme Éliane Assassi et les membres du groupe communiste républicain citoyen et écologiste, tendant à insérer un article additionnel après l'article 2 du projet de loi de financement rectificative de la sécurité sociale, dont le Sénat est saisi en application de l'article 47-1, alinéa 2, de la Constitution, pour 2023",,343,342,91,251,https://www.senat.fr/scrutin-public/2022/scr2022-181.html
2022-182,2023-03-05T23:00:00+00:00,"sur l'amendement n° 2515, présenté par M. Guillaume Gontard et les membres du groupe Écologiste - Solidarité et Territoires, tendant à insérer un article additionnel après l'article 2 du projet de loi de financement rectificative de la sécurité sociale, dont le Sénat est saisi en application de larticle 47-1, alinéa 2, de la Constitution, pour 2023",,343,342,91,251,https://www.senat.fr/scrutin-public/2022/scr2022-182.html
2022-183,2023-03-05T23:00:00+00:00,"sur l'amendement n° 3174, présenté par Mme Raymonde Poncet Monge et les membres du groupe Écologiste - Solidarité et Territoires, tendant à insérer un article additionnel après l'article 2 du projet de loi de financement rectificative de la sécurité sociale, dont le Sénat est saisi en application de larticle 47-1, alinéa 2, de la Constitution, pour 2023",,343,342,91,251,https://www.senat.fr/scrutin-public/2022/scr2022-183.html
2022-184,2023-03-05T23:00:00+00:00,"sur l'amendement n° 2461 rectifié, présenté par M. Thomas Dossus et les membres du groupe Écologiste - Solidarité et Territoires, tendant à insérer un article additionnel après l'article 2 du projet de loi de financement rectificative de la sécurité sociale, dont le Sénat est saisi en application de larticle 47-1, alinéa 2, de la Constitution, pour 2023",,343,342,90,252,https://www.senat.fr/scrutin-public/2022/scr2022-184.html
2022-185,2023-03-05T23:00:00+00:00,"sur les amendements identiques n° 34 rectifié septies, repris par M. Daniel Salmon, et n° 4510 rectifié, présenté par Mme Éliane Assassi et les membres du groupe communiste républicain citoyen et écologiste, tendant à insérer un article additionnel après l'article 2 ter du projet de loi de financement rectificative de la sécurité sociale, dont le Sénat est saisi en application de larticle 47-1, alinéa 2, de la Constitution, pour 2023",,344,335,92,243,https://www.senat.fr/scrutin-public/2022/scr2022-185.html
2022-186,2023-03-05T23:00:00+00:00,"sur l'amendement n° 4350 rectifié bis, présenté par Mme Éliane Assassi et les membres du groupe communiste républicain citoyen et écologiste, tendant à insérer un article additionnel après l'article 2 ter du projet de loi de financement rectificative de la sécurité sociale, dont le Sénat est saisi en application de larticle 47-1, alinéa 2, de la Constitution, pour 2023",,344,343,92,251,https://www.senat.fr/scrutin-public/2022/scr2022-186.html
2022-187,2023-03-05T23:00:00+00:00,"sur les amendements identiques n° 3223 rectifié, présenté par Mme Raymonde Poncet Monge et les membres du groupe Écologiste - Solidarité et Territoires, et n° 3838, présenté par Mme Éliane Assassi et les membres du groupe communiste républicain citoyen et écologiste, tendant à insérer un article additionnel après l'article 2 ter du projet de loi de financement rectificative de la sécurité sociale, dont le Sénat est saisi en application de larticle 47-1, alinéa 2, de la Constitution, pour 2023",,344,343,92,251,https://www.senat.fr/scrutin-public/2022/scr2022-187.html
2022-188,2023-03-05T23:00:00+00:00,"sur les amendements identiques n° 2936 rectifié bis, présenté par Mme Monique Lubin et les membres du groupe Socialiste, Écologiste et Républicain, n° 3224 rectifié, présenté par Mme Raymonde Poncet Monge et les membres du groupe Écologiste - Solidarité et Territoires, et n° 4351 rectifié bis, présenté par Mme Éliane Assassi et les membres du groupe communiste républicain citoyen et écologiste, tendant à insérer un article additionnel après l'article 2 ter du projet de loi de financement rectificative de la sécurité sociale, dont le Sénat est saisi en application de larticle 47-1, alinéa 2, de la Constitution, pour 2023",,344,343,92,251,https://www.senat.fr/scrutin-public/2022/scr2022-188.html
2022-189,2023-03-05T23:00:00+00:00,"sur l'amendement n° 4474 rectifié bis, présenté par Mme Éliane Assassi et les membres du groupe communiste républicain citoyen et écologiste, tendant à insérer un article additionnel après l'article 2 ter du projet de loi de financement rectificative de la sécurité sociale, dont le Sénat est saisi en application de larticle 47-1, alinéa 2, de la Constitution, pour 2023",,344,343,92,251,https://www.senat.fr/scrutin-public/2022/scr2022-189.html
2022-19,2022-11-03T23:00:00+00:00,"sur l'amendement n° 422, présenté par M. Fabien Gay et les membres du groupe communiste républicain citoyen et écologiste, tendant à supprimer l'article 17 du projet de loi relatif à l'accélération de la production d'énergies renouvelables (procédure accélérée)",70063,343,343,79,264,https://www.senat.fr/scrutin-public/2022/scr2022-19.html
2022-190,2023-03-05T23:00:00+00:00,"sur l'amendement n° 4483 rectifié bis, présenté par Mme Éliane Assassi et les membres du groupe communiste républicain citoyen et écologiste, tendant à insérer un article additionnel après l'article 2 ter du projet de loi de financement rectificative de la sécurité sociale, dont le Sénat est saisi en application de larticle 47-1, alinéa 2, de la Constitution, pour 2023",,343,338,91,247,https://www.senat.fr/scrutin-public/2022/scr2022-190.html
2022-191,2023-03-05T23:00:00+00:00,"sur l'amendement n° 4482 rectifié bis, présenté par Mme Éliane Assassi et les membres du groupe communiste républicain citoyen et écologiste, tendant à insérer un article additionnel après l'article 2 ter du projet de loi de financement rectificative de la sécurité sociale, dont le Sénat est saisi en application de larticle 47-1, alinéa 2, de la Constitution, pour 2023",,343,338,91,247,https://www.senat.fr/scrutin-public/2022/scr2022-191.html
2022-192,2023-03-05T23:00:00+00:00,"sur l'amendement n° 4481 rectifié bis, présenté par Mme Éliane Assassi et les membres du groupe communiste républicain citoyen et écologiste, tendant à insérer un article additionnel après l'article 2 ter du projet de loi de financement rectificative de la sécurité sociale, dont le Sénat est saisi en application de larticle 47-1, alinéa 2, de la Constitution, pour 2023",,343,338,91,247,https://www.senat.fr/scrutin-public/2022/scr2022-192.html
2022-193,2023-03-05T23:00:00+00:00,"sur l'amendement n° 4480 rectifié bis, présenté par Mme Éliane Assassi et les membres du groupe communiste républicain citoyen et écologiste, tendant à insérer un article additionnel après l'article 2 ter du projet de loi de financement rectificative de la sécurité sociale, dont le Sénat est saisi en application de larticle 47-1, alinéa 2, de la Constitution, pour 2023",,343,338,91,247,https://www.senat.fr/scrutin-public/2022/scr2022-193.html
2022-194,2023-03-05T23:00:00+00:00,"sur l'amendement n° 4479 rectifié bis, présenté par Mme Éliane Assassi et les membres du groupe communiste républicain citoyen et écologiste, tendant à insérer un article additionnel après l'article 2 ter du projet de loi de financement rectificative de la sécurité sociale pour 2023 dont le Sénat a été saisi en application de l'article 47-1, alinéa 2, de la Constitution",,343,336,91,245,https://www.senat.fr/scrutin-public/2022/scr2022-194.html
2022-195,2023-03-05T23:00:00+00:00,"sur les amendements identiques n° 2202 rectifié, présenté par M. Daniel Breuiller et plusieurs de ses collègues, et n° 2871 rectifié bis, présenté par Mme Monique Lubin et les membres du groupe Socialiste, Écologiste et Républicain, tendant à insérer un article additionnel après l'article 2 ter du projet de loi de financement rectificative de la sécurité sociale, dont le Sénat est saisi en application de larticle 47-1, alinéa 2, de la Constitution, pour 2023",,343,340,91,249,https://www.senat.fr/scrutin-public/2022/scr2022-195.html
2022-196,2023-03-05T23:00:00+00:00,"sur l'amendement n° 4263 rectifié bis, présenté par Mme Éliane Assassi et les membres du groupe communiste républicain citoyen et écologiste, tendant à insérer un article additionnel après l'article 2 ter du projet de loi de financement rectificative de la sécurité sociale pour 2023 dont le Sénat a été saisi en application de l'article 47-1, alinéa 2, de la Constitution",,343,337,91,246,https://www.senat.fr/scrutin-public/2022/scr2022-196.html
2022-197,2023-03-05T23:00:00+00:00,"sur l'amendement n° 2459, présenté par M. Thomas Dossus et les membres du groupe Écologiste - Solidarité et Territoires, tendant à insérer un article additionnel après l'article 2 ter du projet de loi de financement rectificative de la sécurité sociale, dont le Sénat est saisi en application de larticle 47-1, alinéa 2, de la Constitution, pour 2023",,343,337,91,246,https://www.senat.fr/scrutin-public/2022/scr2022-197.html
2022-198,2023-03-05T23:00:00+00:00,"sur l'amendement n° 4265 rectifié bis, présenté par Mme Éliane Assassi et les membres du groupe communiste républicain citoyen et écologiste, tendant à insérer un article additionnel après l'article 2 ter du projet de loi de financement rectificative de la sécurité sociale, dont le Sénat est saisi en application de larticle 47-1, alinéa 2, de la Constitution, pour 2023",,343,337,91,246,https://www.senat.fr/scrutin-public/2022/scr2022-198.html
2022-199,2023-03-05T23:00:00+00:00,"sur l'amendement n° 140 rectifié quinquies, repris par Mme Raymonde Poncet Monge, tendant à insérer un article additionnel après l'article 2 ter du projet de loi de financement rectificative de la sécurité sociale, dont le Sénat est saisi en application de l'article 47-1, alinéa 2, de la Constitution, pour 2023",,343,259,21,238,https://www.senat.fr/scrutin-public/2022/scr2022-199.html
2022-2,2022-10-12T22:00:00+00:00,sur l'article 7 bis du projet de loi d'orientation et de programmation du ministère de l'intérieur (procédure accélérée),,344,329,317,12,https://www.senat.fr/scrutin-public/2022/scr2022-2.html
2022-20,2022-11-03T23:00:00+00:00,"sur l'amendement n° 576 rectifié bis, présenté par M. Patrick Chauvet et plusieurs de ses collègues, à l'article 17 du projet de loi relatif à l'accélération de la production d'énergies renouvelables (procédure accélérée)",70063,343,343,264,79,https://www.senat.fr/scrutin-public/2022/scr2022-20.html
2022-200,2023-03-06T23:00:00+00:00,"sur les amendements identiques n°s 351, 376, 459, 481, 514, 577, 676, 705, 736, 818, 871, 906, 934, 1024, 1093, 1160 rectifié bis, 1184, 1215, 1324, 1381, 1444, 1550, 1630, 1660, 1669, 1797, 1827, 1854, 1903, 2000, 3196 et 4385 rectifié tendant à supprimer l'article 6 du projet de loi de financement rectificative de la sécurité sociale, dont le Sénat est saisi en application de l'article 47-1, alinéa 2, de la Constitution, pour 2023",,344,329,92,237,https://www.senat.fr/scrutin-public/2022/scr2022-200.html
2022-201,2023-03-06T23:00:00+00:00,"sur l'ensemble de la première partie du projet de loi de financement rectificative de la sécurité sociale, dont le Sénat est saisi en application de larticle 47-1, alinéa 2, de la Constitution, pour 2023",,344,338,236,102,https://www.senat.fr/scrutin-public/2022/scr2022-201.html
2022-202,2023-03-06T23:00:00+00:00,"sur les amendements identiques n°s 3, 4, 63 rectifié, 132, 133, 134, 201, 243 rectifié quater, 352, 377, 460, 491, 529, 550, 590, 619, 637, 677, 737, 787, 832, 872, 909, 935, 952, 989, 1081, 1157 rectifié bis, 1191, 1216, 1289, 1325, 1400, 1421, 1445, 1551, 1568, 1631, 1702, 1705, 1758, 1777, 1798, 1828, 1855, 1978, 2001, 2038, 2041, 2043, 2046, 2047, 2048, 2049 et 2050 tendant à supprimer l'article 7 du projet de loi de financement rectificative de la sécurité sociale, dont le Sénat est saisi en application de l'article 47-1, alinéa 2, de la Constitution, pour 2023",,344,340,115,225,https://www.senat.fr/scrutin-public/2022/scr2022-202.html
2022-203,2023-03-06T23:00:00+00:00,"sur l'amendement n° 4762 rectifié, présenté par M. René-Paul Savary et Mme Élisabeth Doineau au nom de la commission des affaires sociales, à l'article 7 du projet de loi de financement rectificative de la sécurité sociale, dont le Sénat est saisi en application de l'article 47-1, alinéa 2, de la Constitution, pour 2023",,253,246,225,21,https://www.senat.fr/scrutin-public/2022/scr2022-203.html
2022-204,2023-03-07T23:00:00+00:00,"sur la motion n° 4766, présentée par M. René-Paul Savary et Mme Élisabeth Doineau au nom de la commission des affaires sociales, tendant à opposer l'exception d'irrecevabilité aux amendements  n° 2378 rectifié bis, présenté par M. Jean-Pierre Decool et plusieurs de ses collègues, et n° 4322 rectifié, présenté par Mme Éliane Assassi et les membres du groupe communiste républicain citoyen et écologiste, à l'article 7 du projet de loi de financement rectificative de la sécurité sociale, dont le Sénat est saisi en application de l'article 47-1, alinéa 2, de la Constitution, pour 2023",,344,344,251,93,https://www.senat.fr/scrutin-public/2022/scr2022-204.html
2022-205,2023-03-07T23:00:00+00:00,"sur le sous-amendement n° 4768, présenté par Mme Monique Lubin et les membres du groupe Socialiste, Écologiste et Républicain, à l'amendement n° 4431 rectifié, présenté par Mme Éliane Assassi et les membres du groupe communiste républicain citoyen et écologiste, à l'article 7 du projet de loi de financement rectificative de la sécurité sociale, dont le Sénat est saisi en application de l'article 47-1, alinéa 2, de la Constitution, pour 2023",,344,343,93,250,https://www.senat.fr/scrutin-public/2022/scr2022-205.html
2022-206,2023-03-07T23:00:00+00:00,"sur le sous-amendement n° 4767, présenté par Mme Monique Lubin et les membres du groupe Socialiste, Écologiste et Républicain, à l'amendement n° 4431 rectifié, présenté par Mme Éliane Assassi et les membres du groupe communiste républicain citoyen et écologiste, à l'article 7 du projet de loi de financement rectificative de la sécurité sociale, dont le Sénat est saisi en application de l'article 47-1, alinéa 2, de la Constitution, pour 2023",,344,343,93,250,https://www.senat.fr/scrutin-public/2022/scr2022-206.html
2022-207,2023-03-07T23:00:00+00:00,"sur le sous-amendement n° 4769, présenté par Mme Monique Lubin et les membres du groupe Socialiste, Écologiste et Républicain, à l'amendement n° 4431 rectifié, présenté par Mme Éliane Assassi et les membres du groupe communiste républicain citoyen et écologiste, à l'article 7 du projet de loi de financement rectificative de la sécurité sociale, dont le Sénat est saisi en application de l'article 47-1, alinéa 2, de la Constitution, pour 2023",,332,331,81,250,https://www.senat.fr/scrutin-public/2022/scr2022-207.html
2022-208,2023-03-07T23:00:00+00:00,"sur le sous-amendement n° 4770, présenté par Mme Monique Lubin et les membres du groupe Socialiste, Écologiste et Républicain, à l'amendement n° 4431 rectifié, présenté par Mme Éliane Assassi et les membres du groupe communiste républicain citoyen et écologiste, à l'article 7 du projet de loi de financement rectificative de la sécurité sociale, dont le Sénat est saisi en application de l'article 47-1, alinéa 2, de la Constitution, pour 2023",,344,343,93,250,https://www.senat.fr/scrutin-public/2022/scr2022-208.html
2022-209,2023-03-07T23:00:00+00:00,"sur le sous-amendement n° 4771, présenté par Mme Monique Lubin et les membres du groupe Socialiste, Écologiste et Républicain, à l'amendement n° 4431 rectifié, présenté par Mme Éliane Assassi et les membres du groupe communiste républicain citoyen et écologiste, à l'article 7 du projet de loi de financement rectificative de la sécurité sociale, dont le Sénat est saisi en application de l'article 47-1, alinéa 2, de la Constitution, pour 2023",,344,343,93,250,https://www.senat.fr/scrutin-public/2022/scr2022-209.html
2022-21,2022-11-03T23:00:00+00:00,"sur l'amendement n° 646, présenté par le Gouvernement, à l'article 17 du projet de loi relatif à l'accélération de la production d'énergies renouvelables (procédure accélérée)",70063,343,329,38,291,https://www.senat.fr/scrutin-public/2022/scr2022-21.html
2022-210,2023-03-07T23:00:00+00:00,"sur le sous-amendement n° 4772, présenté par Mme Monique Lubin et les membres du groupe Socialiste, Écologiste et Républicain, à l'amendement n° 4431 rectifié, présenté par Mme Éliane Assassi et les membres du groupe communiste républicain citoyen et écologiste, à l'article 7 du projet de loi de financement rectificative de la sécurité sociale, dont le Sénat est saisi en application de l'article 47-1, alinéa 2, de la Constitution, pour 2023",,344,343,93,250,https://www.senat.fr/scrutin-public/2022/scr2022-210.html
2022-211,2023-03-07T23:00:00+00:00,"sur le sous-amendement n° 4773, présenté par Mme Monique Lubin et les membres du groupe Socialiste, Écologiste et Républicain, à l'amendement n° 4431 rectifié, présenté par Mme Éliane Assassi et les membres du groupe communiste républicain citoyen et écologiste, à l'article 7 du projet de loi de financement rectificative de la sécurité sociale, dont le Sénat est saisi en application de l'article 47-1, alinéa 2, de la Constitution, pour 2023",,344,343,93,250,https://www.senat.fr/scrutin-public/2022/scr2022-211.html
2022-212,2023-03-07T23:00:00+00:00,"sur le sous-amendement n° 4774, présenté par Mme Monique Lubin et les membres du groupe Socialiste, Écologiste et Républicain, à l'amendement n° 4431 rectifié, présenté par Mme Éliane Assassi et les membres du groupe communiste républicain citoyen et écologiste, à l'article 7 du projet de loi de financement rectificative de la sécurité sociale, dont le Sénat est saisi en application de l'article 47-1, alinéa 2, de la Constitution, pour 2023",,344,343,93,250,https://www.senat.fr/scrutin-public/2022/scr2022-212.html
2022-213,2023-03-07T23:00:00+00:00,"sur le sous-amendement n° 4775, présenté par Mme Monique Lubin et les membres du groupe Socialiste, Écologiste et Républicain, à l'amendement n° 4431 rectifié, présenté par Mme Éliane Assassi et les membres du groupe communiste républicain citoyen et écologiste, à l'article 7 du projet de loi de financement rectificative de la sécurité sociale, dont le Sénat est saisi en application de l'article 47-1, alinéa 2, de la Constitution, pour 2023",,344,343,93,250,https://www.senat.fr/scrutin-public/2022/scr2022-213.html
2022-214,2023-03-07T23:00:00+00:00,"sur l'amendement n° 4146 rectifié, présenté par Mme Éliane Assassi et les membres du groupe communiste républicain citoyen et écologiste, à l'article 7 du projet de loi de financement rectificative de la sécurité sociale, dont le Sénat est saisi en application de l'article 47-1, alinéa 2, de la Constitution, pour 2023",,344,343,93,250,https://www.senat.fr/scrutin-public/2022/scr2022-214.html
2022-215,2023-03-07T23:00:00+00:00,"sur l'amendement n° 4149 rectifié, présenté par Mme Éliane Assassi et les membres du groupe communiste républicain citoyen et écologiste, à l'article 7 du projet de loi de financement rectificative de la sécurité sociale, dont le Sénat est saisi en application de l'article 47-1, alinéa 2, de la Constitution, pour 2023",,344,343,93,250,https://www.senat.fr/scrutin-public/2022/scr2022-215.html
2022-216,2023-03-07T23:00:00+00:00,"sur l'amendement n° 4285 rectifié, présenté par Mme Éliane Assassi et les membres du groupe communiste républicain citoyen et écologiste, à l'article 7 du projet de loi de financement rectificative de la sécurité sociale, dont le Sénat est saisi en application de l'article 47-1, alinéa 2, de la Constitution, pour 2023",,344,343,93,250,https://www.senat.fr/scrutin-public/2022/scr2022-216.html
2022-217,2023-03-07T23:00:00+00:00,"sur l'amendement n° 4286 rectifié, présenté par Mme Éliane Assassi et les membres du groupe communiste républicain citoyen et écologiste, à l'article 7 du projet de loi de financement rectificative de la sécurité sociale, dont le Sénat est saisi en application de larticle 47-1, alinéa 2, de la Constitution, pour 2023",,344,343,93,250,https://www.senat.fr/scrutin-public/2022/scr2022-217.html
2022-218,2023-03-07T23:00:00+00:00,"sur les amendements identiques n° 1895 rectifié, présenté par Mme Nathalie Delattre et plusieurs de ses collègues, n° 1909, présenté par M. Martin Lévrier et les membres du groupe Rassemblement des démocrates, progressistes et indépendants, et n° 3403, présenté par Mme Raymonde Poncet Monge et les membres du groupe Écologiste - Solidarité et Territoires, à l'article 7 du projet de loi de financement rectificative de la sécurité sociale, dont le Sénat est saisi en application de l'article 47-1, alinéa 2, de la Constitution, pour 2023",,344,344,344,0,https://www.senat.fr/scrutin-public/2022/scr2022-218.html
2022-219,2023-03-07T23:00:00+00:00,"sur les amendements identiques n° 9 rectifié ter, présenté par M. Claude Kern et plusieurs de ses collègues, n° 10 rectifié quater, présenté par M. Michel Savin et plusieurs de ses collègues, n° 141 rectifié bis, présenté par M. Dominique Théophile et les membres du groupe Rassemblement des démocrates, progressistes et indépendants, n° 2298 rectifié quater, présenté par Mmes Céline Boulay-Espéronnier et Claudine Thomas, n° 2475, présenté par M. Thomas Dossus et les membres du groupe Écologiste - Solidarité et Territoires, et n° 2922 rectifié, présenté par M. Patrick Kanner et les membres du groupe Socialiste, Écologiste et Républicain, à l'article 7 du projet de loi de financement rectificative de la sécurité sociale, dont le Sénat est saisi en application de l'article 47-1, alinéa 2, de la Constitution, pour 2023",,344,338,324,14,https://www.senat.fr/scrutin-public/2022/scr2022-219.html
2022-22,2022-11-03T23:00:00+00:00,"sur les amendements identiques n° 46 rectifié ter, présenté par M. Stéphane Sautarel et plusieurs de ses collègues et n° 446, présenté par M. Fabien Gay et les membres du groupe communiste républicain citoyen et écologiste, tendant à supprimer l'article 18 du projet de loi relatif à l'accélération de la production d'énergies renouvelables (procédure accélérée)",70063,343,343,103,240,https://www.senat.fr/scrutin-public/2022/scr2022-22.html
2022-220,2023-03-07T23:00:00+00:00,"sur les amendements identiques n° 3595, présenté par Mme Raymonde Poncet Monge et les membres du groupe Écologiste - Solidarité et Territoires, et n° 4290 rectifié, présenté par Mme Éliane Assassi et les membres du groupe communiste républicain citoyen et écologiste, à l'article 7 du projet de loi de financement rectificative de la sécurité sociale, dont le Sénat est saisi en application de l'article 47-1, alinéa 2, de la Constitution, pour 2023",,345,342,101,241,https://www.senat.fr/scrutin-public/2022/scr2022-220.html
2022-221,2023-03-07T23:00:00+00:00,"sur l'amendement n° 4293 rectifié bis, présenté par Mme Éliane Assassi et les membres du groupe communiste républicain citoyen et écologiste, à l'article 7 du projet de loi de financement rectificative de la sécurité sociale, dont le Sénat est saisi en application de l'article 47-1, alinéa 2, de la Constitution, pour 2023",,345,337,93,244,https://www.senat.fr/scrutin-public/2022/scr2022-221.html
2022-222,2023-03-07T23:00:00+00:00,"sur l'amendement n° 4294 rectifié bis, présenté par Mme Éliane Assassi et les membres du groupe communiste républicain citoyen et écologiste, à l'article 7 du projet de loi de financement rectificative de la sécurité sociale, dont le Sénat est saisi en application de larticle 47-1, alinéa 2, de la Constitution, pour 2023",,333,332,81,251,https://www.senat.fr/scrutin-public/2022/scr2022-222.html
2022-223,2023-03-07T23:00:00+00:00,"sur l'amendement n° 4295 rectifié, présenté par Mme Éliane Assassi et les membres du groupe communiste républicain citoyen et écologiste, à l'article 7 du projet de loi de financement rectificative de la sécurité sociale, dont le Sénat est saisi en application de larticle 47-1, alinéa 2, de la Constitution, pour 2023",,345,344,93,251,https://www.senat.fr/scrutin-public/2022/scr2022-223.html
2022-224,2023-03-07T23:00:00+00:00,"sur l'amendement n° 4299 rectifié bis, présenté par Mme Éliane Assassi et les membres du groupe communiste républicain citoyen et écologiste, à l'article 7 du projet de loi de financement rectificative de la sécurité sociale, dont le Sénat est saisi en application de larticle 47-1, alinéa 2, de la Constitution, pour 2023",,345,344,93,251,https://www.senat.fr/scrutin-public/2022/scr2022-224.html
2022-225,2023-03-07T23:00:00+00:00,"sur l'amendement n° 4302 rectifié bis, présenté par Mme Éliane Assassi et les membres du groupe communiste républicain citoyen et écologiste, à l'article 7 du projet de loi de financement rectificative de la sécurité sociale, dont le Sénat est saisi en application de larticle 47-1, alinéa 2, de la Constitution, pour 2023",,345,345,93,252,https://www.senat.fr/scrutin-public/2022/scr2022-225.html
2022-226,2023-03-07T23:00:00+00:00,"sur l'amendement n° 4303 rectifié bis, présenté par Mme Éliane Assassi et les membres du groupe communiste républicain citoyen et écologiste, à l'article 7 du projet de loi de financement rectificative de la sécurité sociale, dont le Sénat est saisi en application de larticle 47-1, alinéa 2, de la Constitution, pour 2023",,345,343,93,250,https://www.senat.fr/scrutin-public/2022/scr2022-226.html
2022-227,2023-03-07T23:00:00+00:00,"sur les amendements identiques n° 3597, présenté par Mme Raymonde Poncet Monge et les membres du groupe Écologiste - Solidarité et Territoires, et n° 4304 rectifié bis, présenté par Mme Éliane Assassi et les membres du groupe communiste républicain citoyen et écologiste, à l'article 7 du projet de loi de financement rectificative de la sécurité sociale, dont le Sénat est saisi en application de larticle 47-1, alinéa 2, de la Constitution, pour 2023",,345,342,93,249,https://www.senat.fr/scrutin-public/2022/scr2022-227.html
2022-228,2023-03-07T23:00:00+00:00,"sur les amendements identiques n° 3599, présenté par Mme Raymonde Poncet Monge et les membres du groupe Écologiste - Solidarité et Territoires, et n° 4305 rectifié bis, présenté par Mme Éliane Assassi et les membres du groupe communiste républicain citoyen et écologiste, à l'article 7 du projet de loi de financement rectificative de la sécurité sociale, dont le Sénat est saisi en application de l'article 47-1, alinéa 2, de la Constitution, pour 2023",,345,342,93,249,https://www.senat.fr/scrutin-public/2022/scr2022-228.html
2022-229,2023-03-07T23:00:00+00:00,"sur les amendements identiques n° 84 rectifié bis, présenté par Mme Nathalie Delattre et plusieurs de ses collègues, n° 2606 rectifié bis, présenté par M. Emmanuel Capus et plusieurs de ses collègues, n° 4400 rectifié, présenté par Mme Éliane Assassi et les membres du groupe communiste républicain citoyen et écologiste, et n° 4646 rectifié, présenté par Mme Patricia Schillinger et plusieurs de ses collègues, à l'article 7 du projet de loi de financement rectificative de la sécurité sociale, dont le Sénat est saisi en application de larticle 47-1, alinéa 2, de la Constitution, pour 2023",,345,345,345,0,https://www.senat.fr/scrutin-public/2022/scr2022-229.html
2022-23,2022-11-03T23:00:00+00:00,"sur l'amendement n° 648, présenté par le Gouvernement, à l'article 18 du projet de loi relatif à l'accélération de la production d'énergies renouvelables (procédure accélérée)",70063,343,343,52,291,https://www.senat.fr/scrutin-public/2022/scr2022-23.html
2022-230,2023-03-07T23:00:00+00:00,"sur les amendements identiques n° 3606, présenté par Mme Raymonde Poncet Monge et les membres du groupe Écologiste - Solidarité et Territoires, et n° 4315 rectifié, présenté par Mme Éliane Assassi et les membres du groupe communiste républicain citoyen et écologiste, à l'article 7 du projet de loi de financement rectificative de la sécurité sociale, dont le Sénat est saisi en application de l'article 47-1, alinéa 2, de la Constitution, pour 2023",,345,343,92,251,https://www.senat.fr/scrutin-public/2022/scr2022-230.html
2022-231,2023-03-07T23:00:00+00:00,"sur l'amendement n° 4317 rectifié, présenté par Mme Éliane Assassi et les membres du groupe communiste républicain citoyen et écologiste, à l'article 7 du projet de loi de financement rectificative de la sécurité sociale, dont le Sénat est saisi en application de l'article 47-1, alinéa 2, de la Constitution, pour 2023",,345,344,100,244,https://www.senat.fr/scrutin-public/2022/scr2022-231.html
2022-232,2023-03-07T23:00:00+00:00,"sur lamendement n° 4318 rectifié, présenté par Mme Eliane Assassi et les membres du groupe communiste républicain citoyen et écologiste, à l'article 7 du projet de loi de financement rectificative de la sécurité sociale, dont le Sénat est saisi en application de larticle 47-1, alinéa 2, de la Constitution, pour 2023",,345,344,94,250,https://www.senat.fr/scrutin-public/2022/scr2022-232.html
2022-233,2023-03-07T23:00:00+00:00,"sur l'article 7 du projet de loi de financement rectificative de la sécurité sociale, dont le Sénat est saisi en application de l'article 47-1, alinéa 2, de la Constitution, pour 2023",,345,316,201,115,https://www.senat.fr/scrutin-public/2022/scr2022-233.html
2022-234,2023-03-07T23:00:00+00:00,"sur les amendements n° 136 rectifié quinquies, présenté par Mme Sylviane Noël et plusieurs de ses collègues, n° 226 rectifié bis, présenté par M. Jean-Marc Boyer et plusieurs de ses collègues, n° 2317 rectifié quinquies, présenté par M. Patrick Kanner et plusieurs de ses collègues, et n° 2336 rectifié sexies, présenté par M. Lucien Stanzione, tendant à insérer un article additionnel après l'article 7 du projet de loi de financement rectificative de la sécurité sociale, dont le Sénat est saisi en application de larticle 47-1, alinéa 2, de la Constitution, pour 2023",,345,341,103,238,https://www.senat.fr/scrutin-public/2022/scr2022-234.html
2022-235,2023-03-08T23:00:00+00:00,"sur les amendements identiques n° 223, présenté par M. Yan Chantrel, et n° 4677 rectifié, présenté par Mme Mélanie Vogel et les membres du groupe Écologiste - Solidarité et Territoires, tendant à insérer un article additionnel après l'article 7 du projet de loi de financement rectificative de la sécurité sociale, dont le Sénat est saisi en application de l'article 47-1, alinéa 2, de la Constitution, pour 2023",,344,343,93,250,https://www.senat.fr/scrutin-public/2022/scr2022-235.html
2022-236,2023-03-08T23:00:00+00:00,"sur l'amendement n° 2017, présenté par Mme Hélène Conway-Mouret, tendant à insérer un article additionnel après l'article 7 du projet de loi de financement rectificative de la sécurité sociale, dont le Sénat est saisi en application de larticle 47-1, alinéa 2, de la Constitution, pour 2023",,344,343,93,250,https://www.senat.fr/scrutin-public/2022/scr2022-236.html
2022-237,2023-03-08T23:00:00+00:00,"sur l'amendement n° 3161, présenté par Mme Raymonde Poncet Monge et les membres du groupe Écologiste - Solidarité et Territoires, tendant à insérer un article additionnel après l'article 7 du projet de loi de financement rectificative de la sécurité sociale, dont le Sénat est saisi en application de l'article 47-1, alinéa 2, de la Constitution, pour 2023",,344,343,93,250,https://www.senat.fr/scrutin-public/2022/scr2022-237.html
2022-238,2023-03-08T23:00:00+00:00,"sur l'amendement n° 2127 rectifié, présenté par M. René-Paul Savary et Mme Élisabeth Doineau au nom de la commission des affaires sociales, à l'article 8 du projet de loi de financement rectificative de la sécurité sociale, dont le Sénat est saisi en application de larticle 47-1, alinéa 2, de la Constitution, pour 2023",,344,280,280,0,https://www.senat.fr/scrutin-public/2022/scr2022-238.html
2022-239,2023-03-08T23:00:00+00:00,"sur l'amendement n° 3099 rectifié, présenté par Mme Monique Lubin et les membres du groupe Socialiste, Écologiste et Républicain, à l'article 8 du projet de loi de financement rectificative de la sécurité sociale, dont le Sénat est saisi en application de larticle 47-1, alinéa 2, de la Constitution, pour 2023",,344,343,93,250,https://www.senat.fr/scrutin-public/2022/scr2022-239.html
2022-24,2022-11-03T23:00:00+00:00,"sur l'amendement n° 572 rectifié, présenté par M. Patrick Chauvet et plusieurs de ses collègues, à l'article 18 du projet de loi relatif à l'accélération de la production d'énergies renouvelables (procédure accélérée)",70063,343,343,343,0,https://www.senat.fr/scrutin-public/2022/scr2022-24.html
2022-240,2023-03-08T23:00:00+00:00,"sur les amendements identiques n° 30 rectifié, présenté par Mme Jocelyne Guidez et plusieurs de ses collègues, n° 762 rectifié, présenté par Mme Maryse Carrère et plusieurs de ses collègues, n° 2866 rectifié, présenté par Mme Monique Lubin et les membres du groupe Socialiste, Écologiste et Républicain, et n° 3290, présenté par Mme Raymonde Poncet Monge et les membres du groupe Écologiste - Solidarité et Territoires, à l'article 8 du projet de loi de financement rectificative de la sécurité sociale, dont le Sénat est saisi en application de l'article 47-1, alinéa 2, de la Constitution, pour 2023",,344,343,105,238,https://www.senat.fr/scrutin-public/2022/scr2022-240.html
2022-241,2023-03-08T23:00:00+00:00,"sur l'amendement n° 4337 rectifié, présenté par Mme Éliane Assassi et les membres du groupe communiste républicain citoyen et écologiste, à l'article 8 du projet de loi de financement rectificative de la sécurité sociale, dont le Sénat est saisi en application de l'article 47-1, alinéa 2, de la Constitution, pour 2023",,344,343,92,251,https://www.senat.fr/scrutin-public/2022/scr2022-241.html
2022-242,2023-03-08T23:00:00+00:00,"sur l'amendement n° 4331 rectifié, présenté par Mme Éliane Assassi et les membres du groupe communiste républicain citoyen et écologiste, à l'article 8 du projet de loi de financement rectificative de la sécurité sociale, dont le Sénat est saisi en application de l'article 47-1, alinéa 2, de la Constitution, pour 2023",,344,332,92,240,https://www.senat.fr/scrutin-public/2022/scr2022-242.html
2022-243,2023-03-08T23:00:00+00:00,"sur l'amendement n° 3575, présenté par Mme Raymonde Poncet Monge et les membres du groupe Écologiste - Solidarité et Territoires, à l'article 8 du projet de loi de financement rectificative de la sécurité sociale, dont le Sénat est saisi en application de larticle 47-1, alinéa 2, de la Constitution, pour 2023",,344,344,91,253,https://www.senat.fr/scrutin-public/2022/scr2022-243.html
2022-244,2023-03-08T23:00:00+00:00,"sur l'amendement n° 2864 rectifié, présenté par Mme Monique Lubin et les membres du groupe Socialiste, Écologiste et Républicain, à l'article 8 du projet de loi de financement rectificative de la sécurité sociale, dont le Sénat est saisi en application de larticle 47-1, alinéa 2, de la Constitution, pour 2023",,344,343,95,248,https://www.senat.fr/scrutin-public/2022/scr2022-244.html
2022-245,2023-03-08T23:00:00+00:00,"sur l'amendement n° 3584, présenté par Mme Raymonde Poncet Monge et les membres du groupe Écologiste - Solidarité et Territoires, à l'article 8 du projet de loi de financement rectificative de la sécurité sociale, dont le Sénat est saisi en application de l'article 47-1, alinéa 2, de la Constitution, pour 2023",,343,343,90,253,https://www.senat.fr/scrutin-public/2022/scr2022-245.html
2022-246,2023-03-08T23:00:00+00:00,"sur l'amendement n° 3591, présenté par Mme Raymonde Poncet Monge et les membres du groupe Écologiste - Solidarité et Territoires, à l'article 8 du projet de loi de financement rectificative de la sécurité sociale, dont le Sénat est saisi en application de l'article 47-1, alinéa 2, de la Constitution, pour 2023",,344,344,91,253,https://www.senat.fr/scrutin-public/2022/scr2022-246.html
2022-247,2023-03-08T23:00:00+00:00,"sur l'article 8 du projet de loi de financement rectificative de la sécurité sociale, dont le Sénat est saisi en application de l'article 47-1, alinéa 2, de la Constitution, pour 2023",,344,339,245,94,https://www.senat.fr/scrutin-public/2022/scr2022-247.html
2022-248,2023-03-08T23:00:00+00:00,"sur l'amendement n° 2132, présenté par M. René-Paul Savary et Mme Élisabeth Doineau au nom de la commission des affaires sociales, à l'article 9 du projet de loi de financement rectificative de la sécurité sociale, dont le Sénat est saisi en application de l'article 47-1, alinéa 2, de la Constitution, pour 2023",,344,241,217,24,https://www.senat.fr/scrutin-public/2022/scr2022-248.html
2022-249,2023-03-10T23:00:00+00:00,"sur les articles 9 à 20 et sur l'ensemble du texte, en ne retenant que les amendements proposés ou acceptés par le Gouvernement en application de l'article 44, alinéa 3 de la Constitution du projet de loi de financement rectificative de la sécurité sociale, dont le Sénat est saisi en application de l'article 47-1, alinéa 2, de la Constitution, pour 2023",,344,307,195,112,https://www.senat.fr/scrutin-public/2022/scr2022-249.html
2022-25,2022-11-03T23:00:00+00:00,"sur l'amendement n° 671 rectifié, présenté par le Gouvernement, à l'article 18 du projet de loi relatif à l'accélération de la production d'énergies renouvelables (procédure accélérée)",70063,343,343,185,158,https://www.senat.fr/scrutin-public/2022/scr2022-25.html
2022-250,2023-03-13T23:00:00+00:00,sur lensemble de la proposition de loi organique visant à permettre à Saint-Barthélemy de participer à l'exercice de compétences de l'État,70203,343,343,343,0,https://www.senat.fr/scrutin-public/2022/scr2022-250.html
2022-251,2023-03-15T23:00:00+00:00,sur l'ensemble du texte élaboré par la commission mixte paritaire sur le projet de loi de financement rectificative de la sécurité sociale pour 2023,,345,307,193,114,https://www.senat.fr/scrutin-public/2022/scr2022-251.html
2022-252,2023-03-15T23:00:00+00:00,"sur l'amendement n° 1 rectifié, présenté par M. Jean-Louis Lagourgue et plusieurs de ses collègues, de rédaction globale de l'article unique constituant l'ensemble de la proposition de loi visant à mieux protéger les locataires bénéficiant d'une allocation de logement et vivant dans un habitat non-décent",69765,341,213,19,194,https://www.senat.fr/scrutin-public/2022/scr2022-252.html
2022-253,2023-03-15T23:00:00+00:00,"sur l'amendement n° 1, présenté par le Gouvernement, de rédaction globale de l'article unique constituant l'ensemble de la proposition de loi relative aux outils de lutte contre la désertification médicale des collectivités",70442,343,341,109,232,https://www.senat.fr/scrutin-public/2022/scr2022-253.html
2022-254,2023-03-15T23:00:00+00:00,sur l'article unique constituant l'ensemble de la proposition de loi relative aux outils de lutte contre la désertification médicale des collectivités,70442,343,343,108,235,https://www.senat.fr/scrutin-public/2022/scr2022-254.html
2022-255,2023-03-15T23:00:00+00:00,sur l'ensemble de la proposition de loi visant à permettre une gestion différenciée des compétences « eau » et « assainissement »,70089,341,329,259,70,https://www.senat.fr/scrutin-public/2022/scr2022-255.html
2022-256,2023-03-20T23:00:00+00:00,"sur l'amendement n° 7 rectifié, présenté par M. Jean-Claude Requier et les membres du groupe du Rassemblement Démocratique et Social Européen, à l'article 1er de la proposition de loi, adoptée par l'Assemblée nationale après engagement de la procédure accélérée, portant fusion des filières à responsabilité élargie des producteurs d'emballages ménagers et des producteurs de papier et amplification des encarts publicitaires destinés à informer le public sur la transition écologique",70903,342,339,50,289,https://www.senat.fr/scrutin-public/2022/scr2022-256.html
2022-257,2023-03-20T23:00:00+00:00,"sur l'ensemble de la proposition de loi,  adoptée par l'Assemblée nationale après engagement de la procédure accélérée, portant fusion des filières à responsabilité élargie des producteurs d'emballages ménagers et des producteurs de papier",70903,342,251,214,37,https://www.senat.fr/scrutin-public/2022/scr2022-257.html
2022-258,2023-04-03T22:00:00+00:00,"sur l'amendement n°7 rectifié, présenté par Mme Monique de Marco et les membres du groupe Écologiste - Solidarité et Territoires, tendant à insérer un article additionnel après l'article 34 de la proposition de loi visant à renforcer la prévention et la lutte contre l'intensification et l'extension du risque incendie (procédure accélérée)",70725,343,329,90,239,https://www.senat.fr/scrutin-public/2022/scr2022-258.html
2022-259,2023-04-04T22:00:00+00:00,"sur l'ensemble de la proposition de loi, modifiée par l'Assemblée nationale en première lecture, visant à favoriser l'accès de tous les étudiants à une offre de restauration à tarif modéré",67289,344,267,267,0,https://www.senat.fr/scrutin-public/2022/scr2022-259.html
2022-26,2022-11-03T23:00:00+00:00,"sur le sous-amendement n° 677, présenté par le Gouvernement, à l'amendement n° 12 rectifié bis, à l'article 19 bis du projet de loi relatif à l'accélération de la production d'énergies renouvelables (procédure accélérée)",70063,343,343,121,222,https://www.senat.fr/scrutin-public/2022/scr2022-26.html
2022-260,2023-04-05T22:00:00+00:00,sur l'ensemble de la proposition de loi relative à la maîtrise de l'organisation algorithmique du travail,69664,319,262,104,158,https://www.senat.fr/scrutin-public/2022/scr2022-260.html
2022-261,2023-04-05T22:00:00+00:00,"sur les amendements identiques n° 2, présenté par M. Victorin Lurel et les membres du groupe Socialiste, Écologiste et Républicain, et n° 8, présenté par M. Fabien Gay et les membres du groupe communiste républicain citoyen et écologiste, tendant à rétablir l'article 1er de la proposition de loi, adoptée par l'Assemblée nationale, visant à protéger le groupe Électricité de France d'un démembrement",70842,343,338,99,239,https://www.senat.fr/scrutin-public/2022/scr2022-261.html
2022-262,2023-04-05T22:00:00+00:00,"sur l'amendement n° 3, présenté par M. Victorin Lurel et les membres du groupe Socialiste, Écologiste et Républicain, de rédaction globale de l'article 2 de la proposition de loi, adoptée par l'Assemblée nationale, visant à protéger le groupe Électricité de France d'un démembrement",70842,343,339,100,239,https://www.senat.fr/scrutin-public/2022/scr2022-262.html
2022-263,2023-04-05T22:00:00+00:00,"sur l'amendement n° 19 rectifié, présenté par le Gouvernement, à l'article 2 de la proposition de loi, adoptée par l'Assemblée nationale, visant à protéger le groupe Électricité de France d'un démembrement",70842,343,209,183,26,https://www.senat.fr/scrutin-public/2022/scr2022-263.html
2022-264,2023-04-05T22:00:00+00:00,"sur l'article 2 de la proposition de loi, adoptée par l'Assemblée nationale, visant à protéger le groupe Électricité de France d'un démembrement",70842,343,315,216,99,https://www.senat.fr/scrutin-public/2022/scr2022-264.html
2022-265,2023-04-05T22:00:00+00:00,"sur l'amendement n° 18, présenté par M. Franck Montaugé et les membres du groupe Socialiste, Écologiste et Républicain, tendant à insérer un article additionnel après l'article 2 de la proposition de loi, adoptée par l'Assemblée nationale, visant à protéger le groupe Électricité de France d'un démembrement",70842,343,339,100,239,https://www.senat.fr/scrutin-public/2022/scr2022-265.html
2022-266,2023-04-05T22:00:00+00:00,"sur l'amendement n° 5, présenté par M. Victorin Lurel et les membres du groupe Socialiste, Écologiste et Républicain, de rédaction globale de l'article 3 ter de la proposition de loi, adoptée par l'Assemblée nationale, visant à protéger le groupe Électricité de France d'un démembrement",70842,342,336,100,236,https://www.senat.fr/scrutin-public/2022/scr2022-266.html
2022-267,2023-04-05T22:00:00+00:00,"sur l'ensemble de la proposition de loi, adoptée par l'Assemblée nationale, visant à protéger le groupe Électricité de France d'un démembrement",70842,343,329,206,123,https://www.senat.fr/scrutin-public/2022/scr2022-267.html
2022-268,2023-04-05T22:00:00+00:00,sur l'ensemble de la proposition de loi constitutionnelle visant à créer une loi de financement des collectivités territoriales et de leurs groupements et à garantir la compensation financière des transferts de compétences,69864,343,324,86,238,https://www.senat.fr/scrutin-public/2022/scr2022-268.html
2022-269,2023-04-10T22:00:00+00:00,"sur l'article 1er de la proposition de loi pour une école de la liberté, de l'égalité des chances et de la laïcité",,345,340,219,121,https://www.senat.fr/scrutin-public/2022/scr2022-269.html
2022-27,2022-11-03T23:00:00+00:00,"sur le sous-amendement n° 652, présenté par M. Patrick Chauvet au nom de la commission des affaires économiques, à l'amendement n° 12 rectifié bis, à l'article 19 bis du projet de loi relatif à l'accélération de la production d'énergies renouvelables (procédure accélérée)",70063,343,343,226,117,https://www.senat.fr/scrutin-public/2022/scr2022-27.html
2022-270,2023-04-10T22:00:00+00:00,"sur les amendements identiques n° 24, présenté par M. Thomas Dossus et les membres du groupe Écologiste - Solidarité et Territoires, n° 25 rectifié bis, présenté par Mme Annick Billon et plusieurs de ses collègues, n° 44, présenté par Mme Sylvie Robert et les membres du groupe Socialiste, Écologiste et Républicain, n° 55, présenté par le Gouvernement, et n° 68, présenté par Mme Céline Brulin et les membres du groupe communiste républicain citoyen et écologiste, tendant à supprimer l'article 11 de la proposition de loi pour une école de la liberté, de l'égalité des chances et de la laïcité",,344,322,177,145,https://www.senat.fr/scrutin-public/2022/scr2022-270.html
2022-271,2023-04-10T22:00:00+00:00,"sur lensemble de la proposition de loi pour une école de la liberté, de l'égalité des chances et de la laïcité",,344,338,220,118,https://www.senat.fr/scrutin-public/2022/scr2022-271.html
2022-272,2023-04-11T22:00:00+00:00,"sur lensemble de la proposition de résolution, en application de l'article 34-1 de la Constitution, exprimant la gratitude et la reconnaissance du Sénat aux membres des forces de l'ordre déployées sur tout le territoire national",,250,250,250,0,https://www.senat.fr/scrutin-public/2022/scr2022-272.html
2022-273,2023-04-11T22:00:00+00:00,sur l'ensemble du texte élaboré par la commission mixte paritaire sur le projet de loi relatif aux jeux Olympiques et Paralympiques de 2024 et portant diverses autres dispositions,70803,343,279,252,27,https://www.senat.fr/scrutin-public/2022/scr2022-273.html
2022-274,2023-04-12T22:00:00+00:00,sur l'ensemble du texte élaboré par la commission mixte paritaire sur la proposition de loi portant fusion des filières à responsabilité élargie des producteurs d'emballages ménagers et des producteurs de papier,70903,342,253,239,14,https://www.senat.fr/scrutin-public/2022/scr2022-274.html
2022-275,2023-05-02T22:00:00+00:00,"sur les amendements identiques n° 15, présenté par M. Emmanuel Capus et plusieurs de ses collègues, et n° 18, présenté par M. Stéphane Sautarel, au nom de la commission des finances, tendant à supprimer l'article 1er de la proposition de loi visant à renforcer l'accessibilité et l'inclusion bancaires",70176,343,342,238,104,https://www.senat.fr/scrutin-public/2022/scr2022-275.html
2022-276,2023-05-02T22:00:00+00:00,"sur les amendements identiques n° 16, présenté par M. Emmanuel Capus et plusieurs de ses collègues, et n° 19, présenté par M. Stéphane Sautarel, au nom de la commission des finances, tendant à supprimer l'article 1er de la proposition de loi visant à renforcer l'accessibilité et l'inclusion bancaires",70176,343,342,238,104,https://www.senat.fr/scrutin-public/2022/scr2022-276.html
2022-277,2023-05-02T22:00:00+00:00,sur l'article 1er de la proposition de loi visant à résorber la précarité énergétique,70670,343,338,101,237,https://www.senat.fr/scrutin-public/2022/scr2022-277.html
2022-278,2023-05-03T22:00:00+00:00,"sur l'amendement n° 4, présenté par Mme Laurence Cohen et les membres du groupe communiste républicain citoyen et écologiste, à larticle 1er A de la proposition de loi, adoptée par l'Assemblée nationale, visant à favoriser laccompagnement des couples confrontés à une fausse couche",,343,343,90,253,https://www.senat.fr/scrutin-public/2022/scr2022-278.html
2022-279,2023-05-03T22:00:00+00:00,"sur l'amendement n° 17 rectifié, présenté par Mme Mélanie Vogel et les membres du groupe Écologiste - Solidarité et Territoires, tendant à insérer un article additionnel après l'article 1er B de la proposition de loi, adoptée par l'Assemblée nationale, visant à favoriser laccompagnement des couples confrontés à une fausse couche",,343,343,90,253,https://www.senat.fr/scrutin-public/2022/scr2022-279.html
2022-28,2022-11-03T23:00:00+00:00,"sur l'amendement n° 441, présenté par M. Fabien Gay et plusieurs de ses collègues, tendant à supprimer l'article 19 ter du projet de loi relatif à l'accélération de la production d'énergies renouvelables (procédure accélérée)",70063,343,272,103,169,https://www.senat.fr/scrutin-public/2022/scr2022-28.html
2022-280,2023-05-03T22:00:00+00:00,"sur lensemble de la proposition de loi, adoptée par l'Assemblée nationale, visant à favoriser laccompagnement des couples confrontés à une fausse couche",,343,339,339,0,https://www.senat.fr/scrutin-public/2022/scr2022-280.html
2022-281,2023-05-08T22:00:00+00:00,sur l'ensemble du texte élaboré par la commission mixte paritaire sur le projet de loi relatif à l'accélération des procédures liées à la construction de nouvelles installations nucléaires à proximité de sites nucléaires existants et au fonctionnement des installations existantes,70363,343,328,315,13,https://www.senat.fr/scrutin-public/2022/scr2022-281.html
2022-282,2023-05-08T22:00:00+00:00,"sur lamendement n° 11, présenté par M. Daniel Salmon et plusieurs de ses collègues, tendant à rétablir larticle 2 CA de la proposition de loi, adoptée par l'Assemblée nationale après engagement de la procédure accélérée, visant à encadrer l'influence commerciale et à lutter contre les dérives des influenceurs sur les réseaux sociaux",71624,343,339,100,239,https://www.senat.fr/scrutin-public/2022/scr2022-282.html
2022-283,2023-05-15T22:00:00+00:00,"sur la motion n° 10, présentée par M. Daniel Salmon et les membres du groupe Écologiste - Solidarité et Territoires, tendant à opposer la question préalable à la proposition de loi pour un choc de compétitivité en faveur de la ferme France",,343,338,86,252,https://www.senat.fr/scrutin-public/2022/scr2022-283.html
2022-284,2023-05-15T22:00:00+00:00,sur larticle 8 de la proposition de loi pour un choc de compétitivité en faveur de la ferme France,,343,340,248,92,https://www.senat.fr/scrutin-public/2022/scr2022-284.html
2022-285,2023-05-15T22:00:00+00:00,sur larticle 11 de la proposition de loi pour un choc de compétitivité en faveur de la ferme France,,343,337,238,99,https://www.senat.fr/scrutin-public/2022/scr2022-285.html
2022-286,2023-05-15T22:00:00+00:00,sur larticle 12 de la proposition de loi pour un choc de compétitivité en faveur de la ferme France,,343,342,251,91,https://www.senat.fr/scrutin-public/2022/scr2022-286.html
2022-287,2023-05-15T22:00:00+00:00,sur larticle 13 de la proposition de loi pour un choc de compétitivité en faveur de la ferme France,,343,332,215,117,https://www.senat.fr/scrutin-public/2022/scr2022-287.html
2022-288,2023-05-15T22:00:00+00:00,sur larticle 15 de la proposition de loi pour un choc de compétitivité en faveur de la ferme France,,343,343,226,117,https://www.senat.fr/scrutin-public/2022/scr2022-288.html
2022-289,2023-05-15T22:00:00+00:00,sur larticle 19 de la proposition de loi pour un choc de compétitivité en faveur de la ferme France,,343,340,214,126,https://www.senat.fr/scrutin-public/2022/scr2022-289.html
2022-29,2022-11-03T23:00:00+00:00,sur l'ensemble du projet de loi relatif à l'accélération de la production d'énergies renouvelables (procédure accélérée),70063,343,325,320,5,https://www.senat.fr/scrutin-public/2022/scr2022-29.html
2022-290,2023-05-16T22:00:00+00:00,"sur l'ensemble de la proposition de résolution, en application de l'article 34-1 de la Constitution, relative à la reconnaissance du génocide ukrainien de 1932-1933",70702,343,343,327,16,https://www.senat.fr/scrutin-public/2022/scr2022-290.html
2022-291,2023-05-22T22:00:00+00:00,sur l'ensemble de la proposition de loi pour un choc de compétitivité en faveur de la ferme France,,332,304,210,94,https://www.senat.fr/scrutin-public/2022/scr2022-291.html
2022-292,2023-05-29T22:00:00+00:00,sur l'ensemble du projet de loi visant à donner à la douane les moyens de faire face aux nouvelles menaces,71927,340,328,313,15,https://www.senat.fr/scrutin-public/2022/scr2022-292.html
2022-293,2023-05-31T22:00:00+00:00,sur lensemble du texte élaboré par la commission mixte paritaire sur la proposition de loi visant à encadrer l'influence commerciale et à lutter contre les dérives des influenceurs sur les réseaux sociaux,71624,343,342,342,0,https://www.senat.fr/scrutin-public/2022/scr2022-293.html
2022-294,2023-05-31T22:00:00+00:00,"sur lensemble de la proposition de résolution en application de l'article 34-1 de la Constitution, visant à interdire l'importation de produits issus du travail forcé de la population ouïghoure en République populaire de Chine",,343,144,144,0,https://www.senat.fr/scrutin-public/2022/scr2022-294.html
2022-295,2023-06-06T22:00:00+00:00,"sur la motion n°5, présentée par Mme Dominique Estrosi Sassone au nom de la commission des affaires économiques, tendant à opposer la question préalable à la proposition de loi maintenant provisoirement un dispositif de plafonnement de revalorisation de la variation annuelle des indices locatifs",,343,342,146,196,https://www.senat.fr/scrutin-public/2022/scr2022-295.html
2022-296,2023-06-07T22:00:00+00:00,"sur lamendement n° 270, présenté par le Gouvernement, à larticle 6 du projet de loi d'orientation et de programmation du ministère de la justice 2023-2027 (procédure accélérée)",,343,252,39,213,https://www.senat.fr/scrutin-public/2022/scr2022-296.html
2022-297,2023-06-07T22:00:00+00:00,"sur les amendements identiques n° 23 rectifié bis, présenté par M. Serge Babary et plusieurs de ses collègues, n° 41, présenté par Mme Marie-Pierre de La Gontrie et les membres du groupe Socialiste, Écologiste et Républicain, n° 130, présenté par M. Guy Benarroche et les membres du groupe Écologiste - Solidarité et Territoires, et n° 194, présenté par Mme Cécile Cukierman et les membres du groupe communiste républicain citoyen et écologiste, tendant à supprimer l'article 7 du projet de loi d'orientation et de programmation du ministère de la justice 2023-2027 (procédure accélérée)",,342,339,97,242,https://www.senat.fr/scrutin-public/2022/scr2022-297.html
2022-298,2023-06-07T22:00:00+00:00,"sur lamendement n° 58 rectifié bis, présenté par M. Bruno Retailleau et plusieurs de ses collègues, tendant à insérer un article additionnel après larticle 8 du projet de loi organique relatif à l'ouverture, la modernisation et la responsabilité du corps judiciaire (procédure accélérée)",,331,317,238,79,https://www.senat.fr/scrutin-public/2022/scr2022-298.html
2022-299,2023-06-11T22:00:00+00:00,sur l'ensemble de la proposition de loi relative à la reconnaissance biométrique dans l'espace public,71844,343,343,226,117,https://www.senat.fr/scrutin-public/2022/scr2022-299.html
2022-3,2022-10-17T22:00:00+00:00,sur l'ensemble du projet de loi d'orientation et de programmation du ministère de l'intérieur (procédure accélérée),,336,334,307,27,https://www.senat.fr/scrutin-public/2022/scr2022-3.html
2022-30,2022-11-06T23:00:00+00:00,"sur la motion n° 762, présentée par Mme Laurence Cohen et les membres du groupe communiste républicain citoyen et écologiste, tendant à opposer la question préalable au projet de loi de financement de la sécurité sociale, considéré comme adopté par l'Assemblée nationale en application de l'article 49, alinéa 3, de la Constitution, pour 2023",,344,278,27,251,https://www.senat.fr/scrutin-public/2022/scr2022-30.html
2022-300,2023-06-12T22:00:00+00:00,sur lensemble du projet de loi d'orientation et de programmation du ministère de la justice 2023-2027 (procédure accélérée),,340,244,231,13,https://www.senat.fr/scrutin-public/2022/scr2022-300.html
2022-301,2023-06-12T22:00:00+00:00,"sur lensemble du projet de loi organique relatif à l'ouverture, la modernisation et la responsabilité du corps judiciaire (procédure accélérée)",,341,240,239,1,https://www.senat.fr/scrutin-public/2022/scr2022-301.html
2022-302,2023-06-13T22:00:00+00:00,sur lensemble de la proposition de loi visant à revaloriser le métier de secrétaire de mairie (procédure accélérée),,343,342,342,0,https://www.senat.fr/scrutin-public/2022/scr2022-302.html
2022-303,2023-06-13T22:00:00+00:00,sur lensemble de la proposition de loi visant à protéger les logements contre l'occupation illicite,70242,343,339,248,91,https://www.senat.fr/scrutin-public/2022/scr2022-303.html
2022-304,2023-06-14T22:00:00+00:00,sur l'article unique constituant l'ensemble de la proposition de loi visant à assurer la pérennité des établissements de spectacles cinématographiques et l'accès au cinéma dans les outre-mer (procédure accélérée),71846,342,341,341,0,https://www.senat.fr/scrutin-public/2022/scr2022-304.html
2022-305,2023-06-14T22:00:00+00:00,"sur lamendement n° 1 rectifié, présenté par M. Thomas Dossus et plusieurs de ses collègues, à larticle 1er de la proposition de loi visant à renforcer la protection des mineurs et l'honorabilité dans le sport",70942,343,333,92,241,https://www.senat.fr/scrutin-public/2022/scr2022-305.html
2022-306,2023-06-14T22:00:00+00:00,sur lensemble de la proposition de loi visant à renforcer la protection des mineurs et l'honorabilité dans le sport,70942,343,343,343,0,https://www.senat.fr/scrutin-public/2022/scr2022-306.html
2022-307,2023-06-14T22:00:00+00:00,sur l'article unique constituant l'ensemble de la proposition de loi visant à mettre en place un registre national des cancers,71982,344,321,321,0,https://www.senat.fr/scrutin-public/2022/scr2022-307.html
2022-308,2023-06-14T22:00:00+00:00,sur l'article unique constituant l'ensemble de la proposition de loi relative à la prévisibilité de l'organisation des services de la navigation aérienne en cas de mouvement social et à l'adéquation entre l'ampleur de la grève et la réduction du trafic (procédure accélérée),72105,343,342,250,92,https://www.senat.fr/scrutin-public/2022/scr2022-308.html
2022-309,2023-06-19T22:00:00+00:00,"sur les amendements identiques n° 64, présenté par M. Jacques Fernique et les membres du groupe  Écologiste - Solidarité et Territoires, n° 112, présenté par Mme Angèle Préville, et n° 240, présenté par Mme Marie-Claude Varaillas et les membres du groupe communiste républicain citoyen et écologiste, tendant à supprimer l'article 2 du projet de loi relatif à lindustrie verte (procédure accélérée)",72265,343,278,28,250,https://www.senat.fr/scrutin-public/2022/scr2022-309.html
2022-31,2022-11-06T23:00:00+00:00,"sur les amendements identiques n° 937 rectifié bis, présenté par Mme Raymonde Poncet Monge et plusieurs de ses collègues, et n° 1097 rectifié ter, présenté par Mme Michelle Meunier et les membres du groupe Socialiste, Écologiste et Républicain, tendant à insérer un article additionnel après l'article 5 du projet de loi de financement de la sécurité sociale, considéré comme adopté par l'Assemblée nationale en application de l'article 49, alinéa 3, de la Constitution, pour 2023",,343,338,97,241,https://www.senat.fr/scrutin-public/2022/scr2022-31.html
2022-310,2023-06-20T22:00:00+00:00,sur lensemble de la proposition de loi visant à lutter contre le dumping social sur le transmanche et à renforcer la sécurité du transport maritime,71684,343,342,342,0,https://www.senat.fr/scrutin-public/2022/scr2022-310.html
2022-311,2023-06-20T22:00:00+00:00,"sur les amendements identiques n° 65, présenté par M. Jacques Fernique et les membres du groupe Écologiste - Solidarité et Territoires, et n° 243, présenté par Mme Marie-Claude Varaillas et les membres du groupe communiste républicain citoyen et écologiste, tendant à supprimer larticle 3 du projet de loi relatif à l'industrie verte (procédure accélérée)",72265,343,279,28,251,https://www.senat.fr/scrutin-public/2022/scr2022-311.html
2022-312,2023-06-21T22:00:00+00:00,"sur les amendements identiques n° 142, présenté par M. Daniel Salmon et les membres du groupe Écologiste - Solidarité et Territoires, n° 145, présenté par M. Franck Montaugé et les membres du groupe Socialiste, Écologiste et Républicain, et n° 274 présenté par M. Fabien Gay et les membres du groupe communiste républicain citoyen et écologiste, tendant à supprimer l'article 9 du projet de loi relatif à l'industrie verte (procédure accélérée)",72265,343,329,91,238,https://www.senat.fr/scrutin-public/2022/scr2022-312.html
2022-313,2023-06-21T22:00:00+00:00,"sur lamendement n° 134, présenté par M. Daniel Salmon et les membres du groupe Écologiste - Solidarité et Territoires, tendant à supprimer l'article 9 bis du projet de loi relatif à l'industrie verte (procédure accélérée)",72265,343,263,50,213,https://www.senat.fr/scrutin-public/2022/scr2022-313.html
2022-314,2023-06-21T22:00:00+00:00,"sur la motion n° 1, présentée par Mme Dominique Estrosi Sassone au nom de la commission des affaires économiques, tendant à opposer la question préalable à la proposition de loi maintenant provisoirement un dispositif de plafonnement de revalorisation de la variation annuelle des indices locatifs (procédure accélérée)",,343,343,203,140,https://www.senat.fr/scrutin-public/2022/scr2022-314.html
2022-315,2023-06-21T22:00:00+00:00,"sur lamendement n° 280 rectifié, présenté par M. Fabien Gay et les membres du groupe communiste républicain citoyen et écologiste, tendant à insérer un article additionnel avant larticle 15 du projet de loi relatif à lindustrie verte (procédure accélérée)",72265,343,343,92,251,https://www.senat.fr/scrutin-public/2022/scr2022-315.html
2022-316,2023-06-21T22:00:00+00:00,"sur lamendement n° 14, présenté par M. Daniel Breuiller et les membres du groupe Écologiste  Solidarité et Territoires, tendant à insérer un article additionnel avant larticle 15 du projet de loi relatif à lindustrie verte (procédure accélérée)",72265,343,343,92,251,https://www.senat.fr/scrutin-public/2022/scr2022-316.html
2022-317,2023-06-21T22:00:00+00:00,"sur lamendement n° 325, présenté par le Gouvernement, sur larticle 16 du projet de loi relatif à lindustrie verte (procédure accélérée)",72265,343,249,41,208,https://www.senat.fr/scrutin-public/2022/scr2022-317.html
2022-318,2023-06-21T22:00:00+00:00,"sur lamendement n° 238 rectifié, présenté par Mme Catherine Loisier et plusieurs de ses collègues, sur larticle 17 du projet de loi relatif à lindustrie verte (procédure accélérée)",72265,343,280,71,209,https://www.senat.fr/scrutin-public/2022/scr2022-318.html
2022-319,2023-06-21T22:00:00+00:00,"sur lamendement n° 324, présenté par le Gouvernement, sur larticle 17 du projet de loi relatif à lindustrie verte (procédure accélérée)",72265,343,266,24,242,https://www.senat.fr/scrutin-public/2022/scr2022-319.html
2022-32,2022-11-06T23:00:00+00:00,"sur les amendements identiques n° 172 rectifié sexies, présenté par M. Alain Milon et plusieurs de ses collègues, et n° 205 rectifié, présenté par M. Olivier Henno et les membres du groupe Union Centriste, à l'article 6 bis du projet de loi de financement de la sécurité sociale, considéré comme adopté par l'Assemblée nationale en application de l'article 49, alinéa 3, de la Constitution, pour 2023",,344,330,302,28,https://www.senat.fr/scrutin-public/2022/scr2022-32.html
2022-320,2023-06-21T22:00:00+00:00,sur lensemble du projet de loi relatif à lindustrie verte (procédure accélérée),72265,343,263,251,12,https://www.senat.fr/scrutin-public/2022/scr2022-320.html
2022-321,2023-06-28T22:00:00+00:00,sur lensemble du projet de loi relatif à la programmation militaire pour les années 2024 à 2030 et portant diverses dispositions intéressant la défense,82341,343,331,314,17,https://www.senat.fr/scrutin-public/2022/scr2022-321.html
2022-322,2023-07-02T22:00:00+00:00,"sur la motion n° 1, présentée par M. Pascal Savoldelli et les membres du groupe communiste républicain citoyen et écologiste, tendant à opposer la question préalable au projet de loi de règlement du budget et dapprobation des comptes de lannée 2022",,343,279,27,252,https://www.senat.fr/scrutin-public/2022/scr2022-322.html
2022-323,2023-07-02T22:00:00+00:00,sur l'article 6 constituant l'ensemble du projet de loi de règlement du budget et dapprobation des comptes de lannée 2021,,343,289,54,235,https://www.senat.fr/scrutin-public/2022/scr2022-323.html
2022-324,2023-07-02T22:00:00+00:00,sur l'article 7 constituant l'ensemble du projet de loi de règlement du budget et dapprobation des comptes de lannée 2022,,343,275,41,234,https://www.senat.fr/scrutin-public/2022/scr2022-324.html
2022-325,2023-07-02T22:00:00+00:00,"sur la motion n° 1, présentée par Mme Élisabeth Doineau au nom de la commission des affaires sociales, tendant à opposer la question préalable au projet de loi d'approbation des comptes de la sécurité sociale pour l'année 2022",,343,315,200,115,https://www.senat.fr/scrutin-public/2022/scr2022-325.html
2022-326,2023-07-09T22:00:00+00:00,"sur la motion n° 457 rectifiée, présentée par Mme Éliane Assassi et les membres du groupe communiste républicain citoyen et écologiste, tendant à opposer l'exception d'irrecevabilité au projet de loi pour le plein emploi",,344,279,27,252,https://www.senat.fr/scrutin-public/2022/scr2022-326.html
2022-327,2023-07-09T22:00:00+00:00,"sur la motion n° 1, présentée par Mme Raymonde Poncet Monge et les membres du groupe Écologiste - Solidarité et Territoires, tendant à opposer la question préalable au projet de loi pour le plein emploi",,343,279,27,252,https://www.senat.fr/scrutin-public/2022/scr2022-327.html
2022-328,2023-07-09T22:00:00+00:00,"sur les amendements identiques n° 241 rectifié, présenté par Mme Émilienne Poumirol et les membres du groupe Socialiste, Écologiste et Républicain, et n° 566, présenté par Mme Raymonde Poncet Monge et les membres du groupe Écologiste - Solidarité et Territoires, à larticle 1er du projet de loi pour le plein emploi",,343,342,90,252,https://www.senat.fr/scrutin-public/2022/scr2022-328.html
2022-329,2023-07-10T22:00:00+00:00,"sur lamendement n° 369, présenté par Mme Raymonde Poncet Monge et les membres du groupe Écologiste - Solidarité et Territoires, à larticle 4 du projet de loi pour le plein emploi",,343,340,90,250,https://www.senat.fr/scrutin-public/2022/scr2022-329.html
2022-33,2022-11-07T23:00:00+00:00,"sur les amendements identiques n° 976 rectifié, présenté par M. Thomas Dossus et plusieurs de ses collègues, et n° 995 rectifié ter, présenté par M. Yan Chantrel et plusieurs de ses collègues, tendant à insérer un article additionnel après l'article 8 du projet de loi de financement de la sécurité sociale, considéré comme adopté par l'Assemblée nationale en application de l'article 49, alinéa 3, de la Constitution, pour 2023",,343,303,46,257,https://www.senat.fr/scrutin-public/2022/scr2022-33.html
2022-330,2023-07-10T22:00:00+00:00,sur l'ensemble du projet de loi pour le plein emploi,,343,341,250,91,https://www.senat.fr/scrutin-public/2022/scr2022-330.html
2022-331,2023-07-12T22:00:00+00:00,sur l'ensemble du texte élaboré par la commission mixte paritaire sur le projet de loi relatif à la programmation militaire pour les années 2024 à 2030 et portant diverses dispositions intéressant la défense,82341,343,330,313,17,https://www.senat.fr/scrutin-public/2022/scr2022-331.html
2022-332,2023-07-12T22:00:00+00:00,sur l'ensemble du texte élaboré par la commission mixte paritaire sur la proposition de loi visant à renforcer l'accompagnement des élus locaux dans la mise en uvre de la lutte contre l'artificialisation des sols,,343,327,326,1,https://www.senat.fr/scrutin-public/2022/scr2022-332.html
2022-333,2023-07-17T22:00:00+00:00,sur lensemble du projet de loi relatif à l'accélération de la reconstruction des bâtiments dégradés ou démolis au cours des violences urbaines survenues du 27 juin au 5 juillet 2023,,344,344,344,0,https://www.senat.fr/scrutin-public/2022/scr2022-333.html
2022-34,2022-11-07T23:00:00+00:00,"sur l'amendement n° 1039 rectifié quindecies, présenté par M. Bernard Jomier et plusieurs de ses collègues, tendant à insérer un article additionnel après l'article 8 du projet de loi de financement de la sécurité sociale, considéré comme adopté par l'Assemblée nationale en application de l'article 49, alinéa 3, de la Constitution, pour 2023",,342,322,103,219,https://www.senat.fr/scrutin-public/2022/scr2022-34.html
2022-35,2022-11-07T23:00:00+00:00,"sur les amendements identiques n° 582 rectifié, présenté par Mme Véronique Guillotin et plusieurs de ses collègues, et n° 1040 rectifié ter, présenté par M. Bernard Jomier et plusieurs de ses collègues, tendant à insérer un article additionnel après l'article 8 du projet de loi de financement de la sécurité sociale, considéré comme adopté par l'Assemblée nationale en application de l'article 49, alinéa 3, de la Constitution, pour 2023",,343,339,297,42,https://www.senat.fr/scrutin-public/2022/scr2022-35.html
2022-36,2022-11-07T23:00:00+00:00,"sur la troisième partie du projet de loi de financement de la sécurité sociale, considéré comme adopté par l'Assemblée nationale en application de l'article 49, alinéa 3, de la Constitution, pour 2023",,343,343,252,91,https://www.senat.fr/scrutin-public/2022/scr2022-36.html
2022-37,2022-11-08T23:00:00+00:00,"sur l'amendement n° 883, présenté par Mme Raymonde Poncet Monge et plusieurs de ses collègues, à l'article 22 du projet de loi de financement de la sécurité sociale, considéré comme adopté par l'Assemblée nationale en application de l'article 49, alinéa 3, de la Constitution, pour 2023",,343,276,45,231,https://www.senat.fr/scrutin-public/2022/scr2022-37.html
2022-38,2022-11-08T23:00:00+00:00,"sur l'amendement n° 13 rectifié, présenté par M. Hervé Maurey et plusieurs de ses collègues, à l'article 22 du projet de loi de financement de la sécurité sociale, considéré comme adopté par l'Assemblée nationale en application de l'article 49, alinéa 3, de la Constitution, pour 2023",,343,274,81,193,https://www.senat.fr/scrutin-public/2022/scr2022-38.html
2022-39,2022-11-08T23:00:00+00:00,"sur les amendements identiques n° 240 rectifié bis, présenté par Mme Béatrice Gosselin et plusieurs de ses collègues, et n° 541 rectifié ter, présenté par M. Serge Mérillou et plusieurs de ses collègues, à l'article 22 du projet de loi de financement de la sécurité sociale, considéré comme adopté par l'Assemblée nationale en application de l'article 49, alinéa 3, de la Constitution, pour 2023",,343,281,66,215,https://www.senat.fr/scrutin-public/2022/scr2022-39.html
2022-4,2022-10-17T22:00:00+00:00,sur l'article unique de la proposition de loi visant à la consolidation et à la professionnalisation de la formation des internes en médecine générale afin de lutter contre « les déserts médicaux »,68922,344,328,233,95,https://www.senat.fr/scrutin-public/2022/scr2022-4.html
2022-40,2022-11-08T23:00:00+00:00,"sur l'amendement n° 790 rectifié, présenté par Mme Laurence Cohen et les membres du groupe communiste républicain citoyen et écologiste, à l'article 22 du projet de loi de financement de la sécurité sociale, considéré comme adopté par l'Assemblée nationale en application de l'article 49, alinéa 3, de la Constitution, pour 2023",,343,280,64,216,https://www.senat.fr/scrutin-public/2022/scr2022-40.html
2022-41,2022-11-08T23:00:00+00:00,"sur l'amendement n° 14 rectifié, présenté par M. Hervé Maurey et plusieurs de ses collègues, à l'article 22 du projet de loi de financement de la sécurité sociale, considéré comme adopté par l'Assemblée nationale en application de l'article 49, alinéa 3, de la Constitution, pour 2023",,343,274,75,199,https://www.senat.fr/scrutin-public/2022/scr2022-41.html
2022-42,2022-11-08T23:00:00+00:00,"sur l'amendement n° 418 rectifié quater, présenté par M. Patrice Joly et plusieurs de ses collègues, à l'article 22 du projet de loi de financement de la sécurité sociale, considéré comme adopté par l'Assemblée nationale en application de l'article 49, alinéa 3, de la Constitution, pour 2023",,343,281,62,219,https://www.senat.fr/scrutin-public/2022/scr2022-42.html
2022-43,2022-11-08T23:00:00+00:00,"sur l'article 22 du projet de loi de financement de la sécurité sociale, considéré comme adopté par l'Assemblée nationale en application de l'article 49, alinéa 3, de la Constitution, pour 2023",,343,318,318,0,https://www.senat.fr/scrutin-public/2022/scr2022-43.html
2022-44,2022-11-08T23:00:00+00:00,"sur l'amendement n° 273 rectifié bis, présenté par M. Daniel Chasseing et plusieurs de ses collègues, tendant à insérer un article additionnel à l'article 22 du projet de loi de financement de la sécurité sociale, considéré comme adopté par l'Assemblée nationale en application de l'article 49, alinéa 3, de la Constitution, pour 2023",,343,283,46,237,https://www.senat.fr/scrutin-public/2022/scr2022-44.html
2022-45,2022-11-09T23:00:00+00:00,"sur l'amendement n° 1064 rectifié, présenté par Mme Annie Le Houerou et les membres du groupe Socialiste, Écologiste et Républicain, tendant à insérer un article additionnel après l'article 25 du projet de loi de financement de la sécurité sociale, considéré comme adopté par l'Assemblée nationale en application de l'article 49, alinéa 3, de la Constitution, pour 2023",,343,330,107,223,https://www.senat.fr/scrutin-public/2022/scr2022-45.html
2022-46,2022-11-09T23:00:00+00:00,"sur les amendements identiques n° 798, présenté par Mme Laurence Cohen et les membres du groupe communiste républicain citoyen et écologiste, et n° 1074 rectifié, présenté par Mme Émilienne Poumirol et les membres du groupe Socialiste, Écologiste et Républicain, à l'article 30 du projet de loi de financement de la sécurité sociale, considéré comme adopté par l'Assemblée nationale en application de l'article 49, alinéa 3, de la Constitution, pour 2023",,343,341,105,236,https://www.senat.fr/scrutin-public/2022/scr2022-46.html
2022-47,2022-11-11T23:00:00+00:00,"sur l'amendement n° 801 rectifié, présenté par Mme Laurence Cohen et les membres du groupe communiste républicain citoyen et écologiste, tendant à insérer un article additionnel après l'article 37 bis du projet de loi de financement de la sécurité sociale, considéré comme adopté par l'Assemblée nationale en application de l'article 49, alinéa 3, de la Constitution, pour 2023",,329,329,92,237,https://www.senat.fr/scrutin-public/2022/scr2022-47.html
2022-48,2022-11-11T23:00:00+00:00,"sur l'amendement n° 102 rectifié, présenté par M. René-Paul Savary, au nom de la commission des affaires sociales, tendant à insérer un article additionnel après l'article 37 bis du projet de loi de financement de la sécurité sociale, considéré comme adopté par l'Assemblée nationale en application de l'article 49, alinéa 3, de la Constitution, pour 2023",,344,325,195,130,https://www.senat.fr/scrutin-public/2022/scr2022-48.html
2022-49,2022-11-11T23:00:00+00:00,"sur larticle 47 du projet de loi de financement de la sécurité sociale, considéré comme adopté par l'Assemblée nationale en application de l'article 49, alinéa 3, de la Constitution, pour 2023",,343,323,24,299,https://www.senat.fr/scrutin-public/2022/scr2022-49.html
2022-5,2022-10-17T22:00:00+00:00,sur l'ensemble de la proposition de loi visant à la consolidation et à la professionnalisation de la formation des internes en médecine générale afin de lutter contre « les déserts médicaux »,68922,345,328,232,96,https://www.senat.fr/scrutin-public/2022/scr2022-5.html
2022-50,2022-11-11T23:00:00+00:00,"sur la quatrième partie du projet de loi de financement de la sécurité sociale, considéré comme adopté par l'Assemblée nationale en application de l'article 49, alinéa 3, de la Constitution, pour 2023",,343,305,213,92,https://www.senat.fr/scrutin-public/2022/scr2022-50.html
2022-51,2022-11-14T23:00:00+00:00,"sur l'ensemble du projet de loi de financement de la sécurité sociale, considéré comme adopté par l'Assemblée nationale, en application de l'article 49, alinéa 3 de la Constitution, pour 2023",,341,295,193,102,https://www.senat.fr/scrutin-public/2022/scr2022-51.html
2022-52,2022-11-14T23:00:00+00:00,"sur l'ensemble de la proposition de résolution, en application de l'article 34-1 de la Constitution, visant à appliquer des sanctions à l'encontre de l'Azerbaïdjan et exiger son retrait immédiat du territoire arménien, à faire respecter l'accord de cessez-le-feu du 9 novembre 2020, et favoriser toute initiative visant à établir une paix durable entre les deux pays",70107,332,296,295,1,https://www.senat.fr/scrutin-public/2022/scr2022-52.html
2022-53,2022-11-14T23:00:00+00:00,"sur lensemble de la proposition de loi visant à permettre aux assemblées délus et aux différentes associations d'élus de se constituer partie civile pour soutenir pleinement, au pénal, une personne investie dun mandat électif public victime d'agression",69442,344,344,344,0,https://www.senat.fr/scrutin-public/2022/scr2022-53.html
2022-54,2022-11-15T23:00:00+00:00,"sur l'ensemble du projet de loi, adopté par l'Assemblée nationale, de finances rectificative pour 2022",,344,279,251,28,https://www.senat.fr/scrutin-public/2022/scr2022-54.html
2022-55,2022-11-16T23:00:00+00:00,"sur l'ensemble de la proposition de résolution, en application de l'article 34-1 de la Constitution, portant sur le développement économique de la filière du chanvre en France et l'amélioration de la réglementation des produits issus du chanvre",69662,208,186,179,7,https://www.senat.fr/scrutin-public/2022/scr2022-55.html
2022-56,2022-11-16T23:00:00+00:00,sur l'ensemble du texte élaboré par la commission mixte paritaire sur le projet de loi portant mesures d'urgence relatives au fonctionnement du marché du travail en vue du plein emploi,69946,343,333,242,91,https://www.senat.fr/scrutin-public/2022/scr2022-56.html
2022-57,2022-11-16T23:00:00+00:00,"sur la motion n° I-1287, présentée par Mme Éliane Assassi et les membres du groupe communiste républicain citoyen et écologiste, tendant à opposer la question préalable sur le projet de loi, considéré comme adopté par l'Assemblée nationale en application de l'article 49, alinéa 3, de la Constitution, de finances pour 2023",,344,279,27,252,https://www.senat.fr/scrutin-public/2022/scr2022-57.html
2022-58,2022-11-16T23:00:00+00:00,"sur larticle liminaire du projet de loi, considéré comme adopté par lAssemblée nationale en application de larticle 49, alinéa 3, de la Constitution, de finances pour 2023",,343,274,247,27,https://www.senat.fr/scrutin-public/2022/scr2022-58.html
2022-59,2022-11-18T23:00:00+00:00,"sur l'amendement n° I-98, présenté par M. Jean-François Husson au nom de la commission des finances, à l'article 3 decies du projet de loi, considéré comme adopté par l'Assemblée nationale en application de l'article 49, alinéa 3, de la Constitution, de finances pour 2023",,343,343,228,115,https://www.senat.fr/scrutin-public/2022/scr2022-59.html
2022-6,2022-10-17T22:00:00+00:00,sur l'ensemble de la proposition de loi encadrant l'intervention des cabinets de conseil privés dans les politiques publiques,,344,331,331,0,https://www.senat.fr/scrutin-public/2022/scr2022-6.html
2022-60,2022-11-18T23:00:00+00:00,"sur l'amendement n° I-1257 rectifié ter, présenté par M. Jean-Marie Vanlerenberghe et plusieurs de ses collègues, tendant à insérer un article additionnel après l'article 4 nonies du projet de loi, considéré comme adopté par l'Assemblée nationale en application de l'article 49, alinéa 3, de la Constitution, de finances pour 2023",,343,331,150,181,https://www.senat.fr/scrutin-public/2022/scr2022-60.html
2022-61,2022-11-18T23:00:00+00:00,"sur les amendements identiques n° I-614 rectifié, présenté par M. Daniel Breuiller et les membres du groupe Écologiste - Solidarité et Territoires, n° I-682 rectifié, présenté par M. Rémi Féraud et les membres du groupe Socialiste, Écologiste et Républicain, et n° I-817 rectifié, présenté par M. Éric Bocquet et les membres du groupe communiste républicain citoyen et écologiste, tendant à insérer un article additionnel après l'article 4 nonies du projet de loi, considéré comme adopté par l'Assemblée nationale en application de l'article 49, alinéa 3, de la Constitution, de finances pour 2023",,343,332,150,182,https://www.senat.fr/scrutin-public/2022/scr2022-61.html
2022-62,2022-11-18T23:00:00+00:00,"sur les amendements identiques n° I-434 rectifié, présenté par M. Patrick Kanner et plusieurs de ses collègues et n° I-845, présenté par M. Éric Bocquet et les membres du groupe communiste républicain citoyen et écologiste, tendant à insérer un article additionnel après l'article 4 nonies du projet de loi, considéré comme adopté par l'Assemblée nationale en application de l'article 49, alinéa 3, de la Constitution, de finances pour 2023",,343,278,97,181,https://www.senat.fr/scrutin-public/2022/scr2022-62.html
2022-63,2022-11-18T23:00:00+00:00,"sur l'amendement n° I-17, présenté par Mme Sylvie Vermeillet et les membres du groupe Union Centriste, tendant à insérer un article additionnel après l'article 4 nonies du projet de loi, considéré comme adopté par l'Assemblée nationale en application de l'article 49, alinéa 3, de la Constitution, de finances pour 2023",,343,333,152,181,https://www.senat.fr/scrutin-public/2022/scr2022-63.html
2022-64,2022-11-20T23:00:00+00:00,"sur les amendements identiques n° I-19 présenté par Mme Sylvie Vermeillet et les membres du groupe Union Centriste, n° I-463, présenté par M. Thierry Cozic et les membres du groupe Socialiste, Écologiste et Républicain, n° I-588, présenté par M. Daniel Breuiller et les membres du groupe Écologiste - Soldiarité et Territoires, n° I-707 rectifié bis, présenté par M. Dany Wattebled et plusieurs de ses collègues, n° I-843 présenté par M. Éric Bocquet et les membres du groupe communiste républicain citoyen et écologiste, et n° I-1327 rectifié, présenté par Mme Nathalie Delattre et plusieurs de ses collègues, tendant à supprimer l'article 5 du projet de loi, considéré comme adopté par l'Assemblée nationale en application de l'article 49, alinéa 3, de la Constitution, de finances pour 2023",,344,339,160,179,https://www.senat.fr/scrutin-public/2022/scr2022-64.html
2022-65,2022-11-20T23:00:00+00:00,"sur l'amendement n° I-1686 rectifié bis, présenté par M. Bruno Retailleau et plusieurs de ses collègues, à l'article 5 du projet de loi, considéré comme adopté par l'Assemblée nationale en application de l'article 49, alinéa 3, de la Constitution, de finances pour 2023",,343,275,142,133,https://www.senat.fr/scrutin-public/2022/scr2022-65.html
2022-66,2022-11-22T23:00:00+00:00,"sur l'amendement n° I-840 rectifié, présenté par M. Éric Bocquet et les membres du groupe communiste républicain citoyen et écologiste, tendant à insérer un article additionnel après l'article 11 octies du projet de loi, considéré comme adopté par l'Assemblée nationale en application de l'article 49, alinéa 3, de la Constitution, de finances pour 2023",,343,329,91,238,https://www.senat.fr/scrutin-public/2022/scr2022-66.html
2022-67,2022-11-22T23:00:00+00:00,"sur les amendements identiques n° I-715 rectifié ter, présenté par M. Philippe Tabarot et plusieurs de ses collègues, et n° I-958 rectifié bis, présenté par M. Vincent Capo-Canellas, tendant à insérer un article additionnel après l'article 11 octies du projet de loi, considéré comme adopté par l'Assemblée nationale en application de l'article 49, alinéa 3, de la Constitution, de finances pour 2023",,343,329,121,208,https://www.senat.fr/scrutin-public/2022/scr2022-67.html
2022-68,2022-11-23T23:00:00+00:00,"sur l'ensemble de la première partie du projet de loi, considéré comme adopté par l'Assemblée nationale en application de l'article 49, alinéa 3, de la Constitution, de finances pour 2023",,344,307,216,91,https://www.senat.fr/scrutin-public/2022/scr2022-68.html
2022-69,2022-11-24T23:00:00+00:00,"sur l'ensemble du texte élaboré par la commission mixte paritaire, modifié par les amendements présentés par le Gouvernement, sur le projet de loi de finances rectificative pour 2022",,344,268,252,16,https://www.senat.fr/scrutin-public/2022/scr2022-69.html
2022-7,2022-10-18T22:00:00+00:00,"sur la motion n°1, présentée par M. Stéphane Ravier, tendant à opposer la question préalable à la proposition de loi constitutionnelle visant à protéger et à garantir le droit fondamental à l'interruption volontaire de grossesse et à la contraception",70127,345,345,1,344,https://www.senat.fr/scrutin-public/2022/scr2022-7.html
2022-70,2022-11-24T23:00:00+00:00,"sur les crédits de la mission « Sécurités » figurant à l'état B du projet de loi, considéré comme adopté par l'Assemblée nationale en application de l'article 49, alinéa 3, de la Constitution, de finances pour 2023",,343,343,316,27,https://www.senat.fr/scrutin-public/2022/scr2022-70.html
2022-71,2022-11-24T23:00:00+00:00,"sur l'amendement n° II-306, présenté par M. Jean-Pierre Sueur et les membres du groupe Socialiste, Écologiste et Républicain, sur les crédits de la mission « Justice » figurant à l'état B du projet de loi, considéré comme adopté par l'Assemblée nationale en application de l'article 49, alinéa 3, de la Constitution, de finances pour 2023",,344,344,92,252,https://www.senat.fr/scrutin-public/2022/scr2022-71.html
2022-72,2022-11-24T23:00:00+00:00,"sur l'amendement n° II-308, présenté par Mme Marie-Pierre de La Gontrie et les membres du groupe Socialiste, Écologiste et Républicain, sur les crédits de la mission « Justice » figurant à l'état B du projet de loi, considéré comme adopté par l'Assemblée nationale en application de l'article 49, alinéa 3, de la Constitution, de finances pour 2023",,344,344,92,252,https://www.senat.fr/scrutin-public/2022/scr2022-72.html
2022-73,2022-11-24T23:00:00+00:00,"sur l'amendement n° II-285, présenté par Mme Cécile Cukierman et les membres du groupe communiste républicain citoyen et écologiste, sur les crédits de la mission « Justice » figurant à l'état B du projet de loi, considéré comme adopté par l'Assemblée nationale en application de l'article 49, alinéa 3, de la Constitution, de finances pour 2023",,344,344,92,252,https://www.senat.fr/scrutin-public/2022/scr2022-73.html
2022-74,2022-11-24T23:00:00+00:00,"sur l'amendement n° II-286, présenté par Mme Cécile Cukierman et les membres du groupe communiste républicain citoyen et écologiste, sur les crédits de la mission « Justice » figurant à l'état B du projet de loi, considéré comme adopté par l'Assemblée nationale en application de l'article 49, alinéa 3, de la Constitution, de finances pour 2023",,344,344,92,252,https://www.senat.fr/scrutin-public/2022/scr2022-74.html
2022-75,2022-11-24T23:00:00+00:00,"sur l'amendement n° II-442, présenté par M. Jérôme Bascher au nom de la commission des finances, sur les crédits de la mission « Engagements financiers de l'État » figurant à l'état B du projet de loi, considéré comme adopté par l'Assemblée nationale en application de l'article 49, alinéa 3, de la Constitution, de finances pour 2023",,343,225,200,25,https://www.senat.fr/scrutin-public/2022/scr2022-75.html
2022-76,2022-11-24T23:00:00+00:00,"sur les crédits de la mission « Engagements financiers de lÉtat » figurant à l'état B du projet de loi, considéré comme adopté par l'Assemblée nationale en application de l'article 49, alinéa 3, de la Constitution, de finances pour 2023",,343,280,229,51,https://www.senat.fr/scrutin-public/2022/scr2022-76.html
2022-77,2022-11-27T23:00:00+00:00,"sur l'amendement n° II-377, présenté par Mme Frédérique Puissat au nom de la commission des affaires sociales, sur les crédits de la mission « Travail et emploi » figurant à l'état B du projet de loi, considéré comme adopté par l'Assemblée nationale en application de l'article 49, alinéa 3, de la Constitution, de finances pour 2023",,343,331,201,130,https://www.senat.fr/scrutin-public/2022/scr2022-77.html
2022-78,2022-11-27T23:00:00+00:00,"sur les crédits de la mission « Travail et emploi » figurant à l'état B du projet de loi, considéré comme adopté par l'Assemblée nationale en application de l'article 49, alinéa 3, de la Constitution, de finances pour 2023",,343,331,240,91,https://www.senat.fr/scrutin-public/2022/scr2022-78.html
2022-8,2022-10-18T22:00:00+00:00,sur l'ensemble de la proposition de loi constitutionnelle visant à protéger et à garantir le droit fondamental à l'interruption volontaire de grossesse et à la contraception,70127,336,311,139,172,https://www.senat.fr/scrutin-public/2022/scr2022-8.html
2022-80,2022-11-28T23:00:00+00:00,"sur la motion n° 6, présentée par Mme Élisabeth Doineau au nom de la commission des affaires sociales, tendant à opposer la question préalable au projet de loi de financement de la sécurité sociale, considéré comme adopté par l'Assemblée nationale en application de l'article 49, alinéa 3 de la Constitution en nouvelle lecture, pour 2023",,343,329,264,65,https://www.senat.fr/scrutin-public/2022/scr2022-80.html
2022-81,2022-11-28T23:00:00+00:00,"sur l'amendement n° II-24, présenté par M. Christian Klinger, au nom de la commission des finances, sur les crédits de la mission « Santé » figurant à l'état B du projet de loi, considéré comme adopté par l'Assemblée nationale en application de l'article 49, alinéa 3, de la Constitution, de finances pour 2023",,343,330,199,131,https://www.senat.fr/scrutin-public/2022/scr2022-81.html
2022-82,2022-11-28T23:00:00+00:00,"sur l'amendement n° II-212 rectifié, présenté par M. Philippe Mouiller et plusieurs de ses collègues, sur les crédits de la mission « Santé » figurant à l'état B du projet de loi, considéré comme adopté par l'Assemblée nationale en application de l'article 49, alinéa 3, de la Constitution, de finances pour 2023",,343,330,201,129,https://www.senat.fr/scrutin-public/2022/scr2022-82.html
2022-83,2022-11-28T23:00:00+00:00,"sur l'amendement n° II-328, présenté par Mme Annie Delmont-Koropoulis, au nom de la commission des affaires sociales, sur les crédits de la mission « Santé » figurant à l'état B du projet de loi, considéré comme adopté par l'Assemblée nationale en application de l'article 49, alinéa 3, de la Constitution, de finances pour 2023",,343,330,201,129,https://www.senat.fr/scrutin-public/2022/scr2022-83.html
2022-84,2022-11-28T23:00:00+00:00,"sur l'amendement n° II-25, présenté par M. Christian Klinger au nom de la commission des finances, tendant à insérer un article additionnel après l'article 46 bis du projet de loi, considéré comme adopté par l'Assemblée nationale en application de l'article 49, alinéa 3, de la Constitution, de finances pour 2023",,343,342,211,131,https://www.senat.fr/scrutin-public/2022/scr2022-84.html
2022-85,2022-11-28T23:00:00+00:00,"sur l'amendement n° II-27, présenté par M. Jean-François Husson au nom de la commission des finances, sur les crédits de la mission « Plan de relance » figurant à l'état B du projet de loi, considéré comme adopté par l'Assemblée nationale en application de l'article 49, alinéa 3, de la Constitution, de finances pour 2023",,343,279,243,36,https://www.senat.fr/scrutin-public/2022/scr2022-85.html
2022-86,2022-11-28T23:00:00+00:00,"sur les crédits de la mission « Plan de relance » figurant à l'état B du projet de loi, considéré comme adopté par l'Assemblée nationale en application de l'article 49, alinéa 3, de la Constitution, de finances pour 2023",,343,329,302,27,https://www.senat.fr/scrutin-public/2022/scr2022-86.html
2022-87,2022-11-28T23:00:00+00:00,"sur les crédits de la mission « Investir pour la France de 2030 » figurant à l'état B du projet de loi, considéré comme adopté par l'Assemblée nationale en application de l'article 49, alinéa 3, de la Constitution, de finances pour 2023",,343,343,316,27,https://www.senat.fr/scrutin-public/2022/scr2022-87.html
2022-88,2022-11-29T23:00:00+00:00,"sur les crédits de la mission « Agriculture, alimentation, forêt et affaires rurales » figurant à l'état B du projet de loi, considéré comme adopté par l'Assemblée nationale en application de l'article 49, alinéa 3, de la Constitution, de finances pour 2023",,343,293,55,238,https://www.senat.fr/scrutin-public/2022/scr2022-88.html
2022-89,2022-11-30T23:00:00+00:00,"sur l'amendement II-757 rectifié bis, présenté par Mme Lana Tetuanui et plusieurs de ses collègues, sur les crédits de la mission « Outre-mer » figurant à l'état B du projet de loi,  considéré comme adopté par l'Assemblée nationale en application de l'article 49, alinéa 3, de la Constitution, de finances pour 2023",,343,150,150,0,https://www.senat.fr/scrutin-public/2022/scr2022-89.html
2022-9,2022-10-19T22:00:00+00:00,sur lensemble de la proposition de loi visant à accompagner la mise en place de comités sociaux et économiques à La Poste,69944,344,344,253,91,https://www.senat.fr/scrutin-public/2022/scr2022-9.html
2022-90,2022-11-30T23:00:00+00:00,"sur les crédits de la mission « Enseignement scolaire » figurant à l'état B du projet de loi, considéré comme adopté par l'Assemblée nationale en application de l'article 49, alinéa 3, de la Constitution, de finances pour 2023",,343,201,110,91,https://www.senat.fr/scrutin-public/2022/scr2022-90.html
2022-91,2022-12-04T23:00:00+00:00,"sur les amendements identiques n° II-4, présenté par Mm. Michel Canévet et Jean-Claude Requier au nom de la commission des finances, et n° II-499 rectifié, présenté par M. Jérôme Bascher et plusieurs de ses collègues, sur les crédits de la mission « Aide publique au développement » figurant à l'état B du projet de loi, considéré comme adopté par l'Assemblée nationale en application de l'article 49, alinéa 3, de la Constitution, de finances pour 2023",,343,334,213,121,https://www.senat.fr/scrutin-public/2022/scr2022-91.html
2022-92,2022-12-04T23:00:00+00:00,"sur les crédits de la mission « Aide publique au développement » figurant à l'état B du projet de loi, considéré comme adopté par l'Assemblée nationale en application de l'article 49, alinéa 3, de la Constitution, de finances pour 2023",,342,261,246,15,https://www.senat.fr/scrutin-public/2022/scr2022-92.html
2022-93,2022-12-04T23:00:00+00:00,"sur les amendements identiques n° II-375, présenté par M. Hervé Marseille et les membres du groupe Union centriste, n° II-408, présenté par M. François Bonhomme, n° II-704, présenté par Mme Cécile Cukierman et les membres du groupe communiste républicain citoyen et écologiste, n° II-1041, présenté par M. Jean-François Husson au nom de la commission des finances, et n° II-1161, présenté par M. Rémi Féraud et les membres du groupe Socialiste, Écologiste et Républicain, tendant à supprimer l'article 40 quater du projet de loi, considéré comme adopté par l'Assemblée nationale en application de l'article 49, alinéa 3, de la Constitution, de finances pour 2023",,344,340,302,38,https://www.senat.fr/scrutin-public/2022/scr2022-93.html
2022-95,2022-12-06T23:00:00+00:00,sur l'article 1er de la proposition de loi visant à protéger les collectivités territoriales de la hausse des prix de l'énergie en leur permettant de bénéficier des tarifs réglementés de vente de l'énergie,,343,329,98,231,https://www.senat.fr/scrutin-public/2022/scr2022-95.html
2022-96,2022-12-06T23:00:00+00:00,sur l'article 2 constituant l'ensemble de la proposition de loi visant à protéger les collectivités territoriales de la hausse des prix de l'énergie en leur permettant de bénéficier des tarifs réglementés de vente de l'énergie,,343,330,98,232,https://www.senat.fr/scrutin-public/2022/scr2022-96.html
2022-97,2022-12-07T23:00:00+00:00,sur l'article unique constituant l'ensemble de la proposition de loi tendant à la création de délégations parlementaires aux droits de l'enfant,69882,345,331,153,178,https://www.senat.fr/scrutin-public/2022/scr2022-97.html
2022-98,2022-12-07T23:00:00+00:00,sur l'article 1er de la proposition de loi visant à rétablir l'équité territoriale face aux déserts médicaux et à garantir l'accès à la santé pour tous,70285,317,293,97,196,https://www.senat.fr/scrutin-public/2022/scr2022-98.html
2022-99,2022-12-07T23:00:00+00:00,sur l'article 2 de la proposition de loi visant à rétablir l'équité territoriale face aux déserts médicaux et à garantir l'accès à la santé pour tous,70285,317,297,99,198,https://www.senat.fr/scrutin-public/2022/scr2022-99.html
2023-1,2023-10-09T22:00:00+00:00,"sur lamendement n° 9, présenté par M. Yannick Jadot et les membres du groupe Écologiste - Solidarité et Territoires, à larticle unique constituant l'ensemble de la proposition de loi visant à renforcer le rôle des maires dans l'attribution des logements sociaux",71803,345,345,99,246,https://www.senat.fr/scrutin-public/2023/scr2023-1.html
2023-10,2023-10-23T22:00:00+00:00,"sur l'amendement n° 185 rectifié, présenté par Mme Anne Souyris et les membres du groupe Écologiste-Solidarité et Territoires, tendant à insérer un article additionnel après l'article 2 bis de la proposition de loi visant à améliorer l'accès aux soins par l'engagement territorial des professionnels",72083,342,263,53,210,https://www.senat.fr/scrutin-public/2023/scr2023-10.html
2023-100,2023-12-12T23:00:00+00:00,sur l'article unique constituant l'ensemble de la proposition de loi visant à lutter contre la précarité de la jeunesse par l'instauration d'une allocation autonomie universelle d'études,73104,341,331,103,228,https://www.senat.fr/scrutin-public/2023/scr2023-100.html
2023-101,2023-12-13T23:00:00+00:00,sur l'ensemble de la proposition de loi tendant à tenir compte de la capacité contributive des collectivités territoriales dans l'attribution des subventions et dotations destinées aux investissements relatifs à la transition écologique des bâtiments scolaires,72945,340,340,340,0,https://www.senat.fr/scrutin-public/2023/scr2023-101.html
2023-102,2023-12-13T23:00:00+00:00,sur l'article unique constituant l'ensemble de la proposition de loi organique visant à rétablir la réserve parlementaire en faveur des communes et des associations,73154,286,268,226,42,https://www.senat.fr/scrutin-public/2023/scr2023-102.html
2023-103,2023-12-13T23:00:00+00:00,sur lensemble de la proposition de loi relative à l'entretien régulier de relations personnelles entre l'enfant et ses parents en cas de séparation de ces derniers,68706,334,314,279,35,https://www.senat.fr/scrutin-public/2023/scr2023-103.html
2023-104,2023-12-17T23:00:00+00:00,sur lensemble du texte élaboré par la commission mixte paritaire sur la proposition de loi relative à l'ouverture à la concurrence du réseau de bus francilien de la RATP,73072,340,340,242,98,https://www.senat.fr/scrutin-public/2023/scr2023-104.html
2023-105,2023-12-17T23:00:00+00:00,sur l'ensemble du texte élaboré par la commission mixte paritaire sur la proposition de loi visant à revaloriser le métier de secrétaire de mairie,,343,334,334,0,https://www.senat.fr/scrutin-public/2023/scr2023-105.html
2023-106,2023-12-17T23:00:00+00:00,sur l'ensemble du texte élaboré par la commission mixte paritaire sur la proposition de loi visant à améliorer l'accès aux soins par l'engagement territorial des professionnels,72083,340,322,241,81,https://www.senat.fr/scrutin-public/2023/scr2023-106.html
2023-107,2023-12-17T23:00:00+00:00,"sur l'ensemble de la proposition de loi, adoptée par l'Assemblée nationale après engagement de la procédure accélérée, visant à prolonger en 2024 l'utilisation des titres-restaurant pour des achats de produits alimentaires non directement consommables",,340,324,322,2,https://www.senat.fr/scrutin-public/2023/scr2023-107.html
2023-108,2023-12-18T23:00:00+00:00,"sur la motion n° I-1, présentée par M. Jean-François Husson au nom de la commission des finances, tendant à opposer la question préalable au projet de loi de finances pour 2024 (nouvelle lecture)",,341,306,251,55,https://www.senat.fr/scrutin-public/2023/scr2023-108.html
2023-109,2023-12-18T23:00:00+00:00,"sur l'ensemble du texte élaboré par la commission mixte paritaire sur le projet de loi pour contrôler limmigration, améliorer lintégration",,340,328,214,114,https://www.senat.fr/scrutin-public/2023/scr2023-109.html
2023-11,2023-10-23T22:00:00+00:00,"sur l'amendement n° 128 rectifié, présenté par Mme Céline Brulin et les membres du groupe Communiste Républicain Citoyen et Écologiste - Kanaky, tendant à insérer un article additionnel après l'article 2 bis de la proposition de loi visant à améliorer l'accès aux soins par l'engagement territorial des professionnels",72083,342,323,107,216,https://www.senat.fr/scrutin-public/2023/scr2023-11.html
2023-110,2024-01-16T23:00:00+00:00,"sur l'ensemble de la proposition de résolution en application de l'article 34-1 de la Constitution, visant à condamner l'offensive militaire de l'Azerbaïdjan au Haut-Karabagh et à prévenir toute autre tentative d'agression et de violation de l'intégrité territoriale de la République d'Arménie, appelant à des sanctions envers l'Azerbaïdjan et demandant la garantie du droit au retour des populations arméniennes au Haut-Karabagh",73409,339,337,336,1,https://www.senat.fr/scrutin-public/2023/scr2023-110.html
2023-111,2024-01-16T23:00:00+00:00,"sur l'ensemble de la proposition de résolution en application de l'article 34-1 de la Constitution, invitant le Gouvernement à ériger la santé mentale des jeunes en grande cause nationale",,339,339,339,0,https://www.senat.fr/scrutin-public/2023/scr2023-111.html
2023-112,2024-01-23T23:00:00+00:00,"sur les amendements identiques n° 1 rectifié ter, présenté par M. Victorin Lurel et les membres du groupe Socialiste, Écologiste et Républicain, et n° 12 rectifié, présenté par M. Christian Bilhac et les membres du groupe du Rassemblement Démocratique et Social Européen, à larticle 2 de la proposition de loi visant à protéger le groupe Électricité de France d'un démembrement (deuxième lecture)",70842,342,341,173,168,https://www.senat.fr/scrutin-public/2023/scr2023-112.html
2023-113,2024-01-24T23:00:00+00:00,"sur lensemble de la proposition de loi visant à améliorer le dépistage des troubles du neuro-développement, l'accompagnement des personnes qui en sont atteintes et le répit de leurs proches aidants",,339,339,339,0,https://www.senat.fr/scrutin-public/2023/scr2023-113.html
2023-114,2024-01-29T23:00:00+00:00,sur lensemble de la proposition de loi instituant des mesures judiciaires de sûreté applicables aux condamnés terroristes et renforçant la lutte antiterroriste,,331,327,235,92,https://www.senat.fr/scrutin-public/2023/scr2023-114.html
2023-115,2024-02-05T23:00:00+00:00,sur lensemble de la proposition de loi portant mesures pour bâtir la société du bien-vieillir en France,,332,250,233,17,https://www.senat.fr/scrutin-public/2023/scr2023-115.html
2023-116,2024-02-05T23:00:00+00:00,"sur les amendements identiques n° 3 rectifié ter, présenté par Mme Nathalie Delattre et plusieurs de ses collègues, n° 4 rectifié bis, présenté par Mme Annick Billon et plusieurs de ses collègues, n° 7 rectifié, présenté par M. Thani Mohamed Soilihi et les membres du groupe Rassemblement des démocrates, progressistes et indépendants, et n° 12 rectifié, présenté par Mme Dominique Vérien et plusieurs de ses collègues, à larticle 1er de la proposition de loi visant à mieux protéger et accompagner les enfants victimes et covictimes de violences intrafamiliales",70760,340,277,276,1,https://www.senat.fr/scrutin-public/2023/scr2023-116.html
2023-117,2024-02-05T23:00:00+00:00,sur lensemble de la proposition de loi relative au régime juridique des actions de groupe,70741,339,241,241,0,https://www.senat.fr/scrutin-public/2023/scr2023-117.html
2023-118,2024-02-12T23:00:00+00:00,sur l'ensemble du projet de loi relatif à l'organisation de la gouvernance de la sûreté nucléaire et de la radioprotection pour répondre au défi de la relance de la filière nucléaire,73548,340,326,228,98,https://www.senat.fr/scrutin-public/2023/scr2023-118.html
2023-119,2024-02-12T23:00:00+00:00,sur l'ensemble du projet de loi organique modifiant la loi organique n° 2010-837 du 23 juillet 2010 relative à l'application du cinquième alinéa de l'article 13 de la Constitution,73549,333,319,222,97,https://www.senat.fr/scrutin-public/2023/scr2023-119.html
2023-12,2023-10-23T22:00:00+00:00,"sur l'amendement n° 44 rectifié bis, présenté par M. Stéphane Sautarel et plusieurs de ses collègues, tendant à insérer un article additionnel après l'article 2 bis de la proposition de loi visant à améliorer l'accès aux soins par l'engagement territorial des professionnels",72083,341,312,124,188,https://www.senat.fr/scrutin-public/2023/scr2023-12.html
2023-120,2024-02-12T23:00:00+00:00,sur lensemble de la proposition de loi relative au renforcement de la sûreté dans les transports,73603,339,336,227,109,https://www.senat.fr/scrutin-public/2023/scr2023-120.html
2023-121,2024-02-13T23:00:00+00:00,"sur lamendement n° 2, présenté par Mme Mélanie Vogel et les membres du groupe Écologiste - Solidarité et Territoires, à l'article 1er de la proposition de loi visant à garantir la confidentialité des consultations juridiques des juristes d'entreprise",73342,339,260,34,226,https://www.senat.fr/scrutin-public/2023/scr2023-121.html
2023-122,2024-02-13T23:00:00+00:00,"sur les amendements n° 1, présenté par M. Claude Raynal et les membres du groupe Socialiste, Écologiste et Républicain, n° 4 rectifié bis, présenté par Mme Nicole Duranton, et n° 8 rectifié, présenté par Mme Nathalie Delattre et plusieurs de ses collègues, à l'article 1er de la proposition de loi visant à garantir la confidentialité des consultations juridiques des juristes dentreprise",73342,339,339,140,199,https://www.senat.fr/scrutin-public/2023/scr2023-122.html
2023-123,2024-02-13T23:00:00+00:00,sur l'ensemble de la proposition de loi visant à garantir la confidentialité des consultations juridiques des juristes dentreprise,73342,339,331,220,111,https://www.senat.fr/scrutin-public/2023/scr2023-123.html
2023-124,2024-02-14T23:00:00+00:00,sur larticle 1er de la proposition de loi visant à préserver des sols vivants,73223,318,313,110,203,https://www.senat.fr/scrutin-public/2023/scr2023-124.html
2023-125,2024-02-14T23:00:00+00:00,sur larticle 2 de la proposition de loi visant à préserver des sols vivants,73223,339,310,105,205,https://www.senat.fr/scrutin-public/2023/scr2023-125.html
2023-126,2024-02-14T23:00:00+00:00,sur l'article 3 constituant l'ensemble de la proposition de loi visant à préserver des sols vivants,73223,339,302,98,204,https://www.senat.fr/scrutin-public/2023/scr2023-126.html
2023-127,2024-02-14T23:00:00+00:00,"sur lamendement n° 6 rectifié bis, présenté par Mme Annick Billon et plusieurs de ses collègues, à larticle 1er de la proposition de loi visant à améliorer et garantir la santé et le bien-être des femmes au travail",71962,339,336,135,201,https://www.senat.fr/scrutin-public/2023/scr2023-127.html
2023-128,2024-02-14T23:00:00+00:00,"sur lamendement n° 14 rectifié bis, présenté par Mme Annick Billon et plusieurs de ses collègues, à larticle 1er de la proposition de loi visant à améliorer et garantir la santé et le bien-être des femmes au travail",71962,339,336,133,203,https://www.senat.fr/scrutin-public/2023/scr2023-128.html
2023-129,2024-02-14T23:00:00+00:00,sur larticle 1er de la proposition de loi visant à améliorer et garantir la santé et le bien-être des femmes au travail,71962,339,323,117,206,https://www.senat.fr/scrutin-public/2023/scr2023-129.html
2023-13,2023-10-23T22:00:00+00:00,"sur l'amendement n° 78 rectifié ter, présenté par M. Patrice Joly et plusieurs de ses collègues, tendant à insérer un article additionnel après l'article 2 bis de la proposition de loi visant à améliorer l'accès aux soins par l'engagement territorial des professionnels",72083,342,257,27,230,https://www.senat.fr/scrutin-public/2023/scr2023-13.html
2023-130,2024-02-14T23:00:00+00:00,sur larticle 2 de la proposition de loi visant à améliorer et garantir la santé et le bien-être des femmes au travail,71962,339,322,116,206,https://www.senat.fr/scrutin-public/2023/scr2023-130.html
2023-131,2024-02-14T23:00:00+00:00,sur larticle 4 constituant l'ensemble de la proposition de loi visant à améliorer et garantir la santé et le bien-être des femmes au travail,71962,339,328,115,213,https://www.senat.fr/scrutin-public/2023/scr2023-131.html
2023-132,2024-02-26T23:00:00+00:00,sur l'ensemble du projet de loi organique portant report du renouvellement général des membres du congrès et des assemblées de province de la Nouvelle-Calédonie,73785,342,341,307,34,https://www.senat.fr/scrutin-public/2023/scr2023-132.html
2023-133,2024-02-27T23:00:00+00:00,"sur la motion n° 4, présentée par M. Stéphane Ravier, tendant à opposer la question préalable au projet de loi constitutionnelle relatif à la liberté de recourir à l'interruption volontaire de grossesse",73485,343,343,1,342,https://www.senat.fr/scrutin-public/2023/scr2023-133.html
2023-134,2024-02-27T23:00:00+00:00,"sur lamendement n° 2 rectifié, présenté par M. Philippe Bas et plusieurs de ses collègues, à larticle unique constituant l'ensemble du projet de loi constitutionnelle relatif à la liberté de recourir à l'interruption volontaire de grossesse",73485,342,318,104,214,https://www.senat.fr/scrutin-public/2023/scr2023-134.html
2023-135,2024-02-27T23:00:00+00:00,"sur lamendement n° 1 rectifié sexies, présenté par M. Alain Milon et plusieurs de ses collègues, à larticle unique constituant lensemble du projet de loi constitutionnelle relatif à la liberté de recourir à l'interruption volontaire de grossesse",73485,341,304,85,219,https://www.senat.fr/scrutin-public/2023/scr2023-135.html
2023-136,2024-02-27T23:00:00+00:00,sur larticle unique constituant lensemble du projet de loi constitutionnelle relatif à la liberté de recourir à l'interruption volontaire de grossesse,73485,339,317,267,50,https://www.senat.fr/scrutin-public/2023/scr2023-136.html
2023-137,2024-02-27T23:00:00+00:00,"sur le sous-amendement n° 159, présenté par le Gouvernement, à l'amendement n° 39 rectifié, présenté par Mme Anne-Catherine Loisier et plusieurs de ses collègues, tendant à insérer un article additionnel après l'article 9 ter du projet de loi relatif à l'accélération et à la simplification de la rénovation de l'habitat dégradé et des grandes opérations d'aménagement",73486,339,339,130,209,https://www.senat.fr/scrutin-public/2023/scr2023-137.html
2023-138,2024-02-27T23:00:00+00:00,"sur l'amendement n° 131, présenté par le Gouvernement, tendant à supprimer l'article 9 quinquies du projet de loi relatif à l'accélération et à la simplification de la rénovation de l'habitat dégradé et des grandes opérations d'aménagement",73486,339,338,37,301,https://www.senat.fr/scrutin-public/2023/scr2023-138.html
2023-139,2024-02-27T23:00:00+00:00,"sur l'amendement n° 155, présenté par M. Bernard Buis et les membres du groupe Rassemblement des démocrates, progressistes et indépendants, à larticle 10 du projet de loi relatif à l'accélération et à la simplification de la rénovation de l'habitat dégradé et des grandes opérations d'aménagement",73486,336,336,39,297,https://www.senat.fr/scrutin-public/2023/scr2023-139.html
2023-14,2023-10-24T22:00:00+00:00,"sur l'amendement n° 57 rectifié bis, présenté par Mme Emilienne Poumirol et les membres du groupe Socialiste, Écologiste et Républicain, tendant à rétablir larticle 5 quater de la proposition de loi visant à améliorer l'accès aux soins par l'engagement territorial des professionnels",72083,342,317,99,218,https://www.senat.fr/scrutin-public/2023/scr2023-14.html
2023-140,2024-02-27T23:00:00+00:00,"sur l'amendement n° 171, présenté par Mme Amel Gacquerre au nom de la commission des affaires économiques, à larticle 10 du projet de loi relatif à l'accélération et à la simplification de la rénovation de l'habitat dégradé et des grandes opérations d'aménagement",73486,339,339,222,117,https://www.senat.fr/scrutin-public/2023/scr2023-140.html
2023-141,2024-03-04T23:00:00+00:00,sur lensemble de la proposition de loi relative au financement des entreprises de la base industrielle et technologique de défense française,73484,342,278,244,34,https://www.senat.fr/scrutin-public/2023/scr2023-141.html
2023-142,2024-03-04T23:00:00+00:00,"sur lamendement n° 98, présenté par M. Ronan Dantec et les membres du groupe Écologiste - Solidarité et Territoires, à l'article 1er de la proposition de loi portant création d'un statut de l'élu local",73711,296,280,110,170,https://www.senat.fr/scrutin-public/2023/scr2023-142.html
2023-143,2024-03-05T23:00:00+00:00,"sur l'amendement n° 128 rectifié, présenté par M. Xavier Iacovelli et plusieurs de ses collègues, tendant à insérer un article additionnel après l'article 7 de la proposition de loi portant création d'un statut de l'élu local",73711,294,276,63,213,https://www.senat.fr/scrutin-public/2023/scr2023-143.html
2023-144,2024-03-06T23:00:00+00:00,"sur lamendement n° 243 rectifié, présenté par Mme Cécile Cukierman et les membres du groupe Communiste Républicain Citoyen et Écologiste  Kanaky, tendant à insérer un article additionnel après l'article 9 de la proposition de loi portant création d'un statut de l'élu local",73711,286,220,49,171,https://www.senat.fr/scrutin-public/2023/scr2023-144.html
2023-145,2024-03-06T23:00:00+00:00,"sur lamendement n° 45 rectifié bis, présenté par M. Pierre-Alain Roiron et les membres du groupe Socialiste, Écologiste et Républicain,  tendant à insérer un article additionnel après l'article 9 de la proposition de loi portant création d'un statut de l'élu local",73711,288,267,96,171,https://www.senat.fr/scrutin-public/2023/scr2023-145.html
2023-146,2024-03-06T23:00:00+00:00,"sur lamendement n° 170, présenté par M. André Reichardt et plusieurs de ses collègues, tendant à insérer un article additionnel après l'article 9 de la proposition de loi portant création d'un statut de l'élu local",73711,288,220,51,169,https://www.senat.fr/scrutin-public/2023/scr2023-146.html
2023-147,2024-03-06T23:00:00+00:00,"sur lamendement n° 223, présenté par M. Guy Benarroche et les membres du groupe Écologiste - Solidarité et Territoires, tendant à insérer un article additionnel après l'article 9 de la proposition de loi portant création d'un statut de l'élu local",73711,289,284,113,171,https://www.senat.fr/scrutin-public/2023/scr2023-147.html
2023-148,2024-03-06T23:00:00+00:00,"sur l'amendement n° 308 rectifié, présenté par Mme Ghislaine Senée et les membres du groupe Écologiste - Solidarité et Territoires, à l'article 14 de la proposition de loi portant création d'un statut de l'élu local",73711,291,275,80,195,https://www.senat.fr/scrutin-public/2023/scr2023-148.html
2023-149,2024-03-06T23:00:00+00:00,"sur les amendements identiques n° 189 rectifié, présenté par M. Thomas Dossus et les membres du groupe Écologiste - Solidarité et Territoires, et n° 247, présenté par Mme Cécile Cukierman et les membres du groupe Communiste Républicain Citoyen et Écologiste - Kanaky, tendant à supprimer l'article 23 de la proposition de loi portant création d'un statut de l'élu local",73711,287,209,57,152,https://www.senat.fr/scrutin-public/2023/scr2023-149.html
2023-15,2023-10-24T22:00:00+00:00,"sur les amendements identiques n° 43 rectifié bis, présenté par M. Stéphane Sautarel et plusieurs de ses collègues, et n° 105 rectifié quinquies, présenté par M. Daniel Chasseing et plusieurs de ses collègues, tendant à rétablir larticle 5 quater de la proposition de loi visant à améliorer l'accès aux soins par l'engagement territorial des professionnels",72083,342,335,117,218,https://www.senat.fr/scrutin-public/2023/scr2023-15.html
2023-150,2024-03-06T23:00:00+00:00,sur l'ensemble de la proposition de loi portant création d'un statut de l'élu local,73711,342,342,342,0,https://www.senat.fr/scrutin-public/2023/scr2023-150.html
2023-151,2024-03-11T23:00:00+00:00,"sur lamendement n° 16, présenté par le Gouvernement, à larticle 1er de la proposition de loi visant à lutter contre les discriminations par la pratique de tests individuels et statistiques",72685,340,324,22,302,https://www.senat.fr/scrutin-public/2023/scr2023-151.html
2023-152,2024-03-11T23:00:00+00:00,"sur lamendement n° 1, présenté par Mme Corinne Narassiguin et les membres du groupe Socialiste, Écologiste et Républicain, à larticle 1er de la proposition de loi visant à lutter contre les discriminations par la pratique de tests individuels et statistiques",72685,340,340,136,204,https://www.senat.fr/scrutin-public/2023/scr2023-152.html
2023-153,2024-03-11T23:00:00+00:00,"sur lamendement n° 4 rectifié bis, présenté M. Olivier Rietmann et plusieurs de ses collègues, à larticle 1er de la proposition de loi visant à lutter contre les discriminations par la pratique de tests individuels et statistiques",72685,340,324,188,136,https://www.senat.fr/scrutin-public/2023/scr2023-153.html
2023-154,2024-03-11T23:00:00+00:00,sur lensemble de la proposition de loi visant à lutter contre les discriminations par la pratique de tests individuels et statistiques,72685,340,324,226,98,https://www.senat.fr/scrutin-public/2023/scr2023-154.html
2023-156,2024-03-13T23:00:00+00:00,"sur lensemble du projet de loi ratifiant l'ordonnance n° 2023-285 du 19 avril 2023 portant extension et adaptation à la Polynésie française, à la Nouvelle-Calédonie et aux îles Wallis et Futuna de diverses dispositions législatives relatives à la santé",73365,340,337,335,2,https://www.senat.fr/scrutin-public/2023/scr2023-156.html
2023-157,2024-03-18T23:00:00+00:00,sur l'ensemble de la proposition de loi visant à garantir un mode de calcul juste et équitable des pensions de retraite de base des travailleurs non salariés des professions agricoles,73803,343,305,305,0,https://www.senat.fr/scrutin-public/2023/scr2023-157.html
2023-158,2024-03-20T23:00:00+00:00,"sur la motion n° 1 rectifiée bis, présentée par M. Hervé Marseille et les membres du groupe Union Centriste, tendant au renvoi en commission du projet de loi de ratification de l'accord de partenariat stratégique entre l'Union européenne et ses États membres, d'une part, et le Canada, d'autre part",,344,337,106,231,https://www.senat.fr/scrutin-public/2023/scr2023-158.html
2023-159,2024-03-20T23:00:00+00:00,"sur l'article 1er du projet de loi de ratification de l'accord de partenariat stratégique entre l'Union européenne et ses États membres, d'une part, et le Canada, d'autre part",,269,255,44,211,https://www.senat.fr/scrutin-public/2023/scr2023-159.html
2023-16,2023-10-24T22:00:00+00:00,"sur l'amendement n° 148, présenté par Mme Céline Brulin et les membres du groupe Communiste Républicain Citoyen et Écologiste - Kanaky, tendant à rétablir larticle 10 de la proposition de loi visant à améliorer l'accès aux soins par l'engagement territorial des professionnels",72083,342,325,81,244,https://www.senat.fr/scrutin-public/2023/scr2023-16.html
2023-160,2024-03-20T23:00:00+00:00,"sur l'ensemble du projet de loi de ratification de l'accord de partenariat stratégique entre l'Union européenne et ses États membres, d'une part, et le Canada, d'autre part",,297,269,243,26,https://www.senat.fr/scrutin-public/2023/scr2023-160.html
2023-161,2024-03-25T23:00:00+00:00,sur l'ensemble de la proposition de loi rendant obligatoires les « tests PME » et créant un dispositif « Impact Entreprises »,,334,265,232,33,https://www.senat.fr/scrutin-public/2023/scr2023-161.html
2023-162,2024-03-25T23:00:00+00:00,"sur la motion n° 22, présentée par M. Robert Wienie Xowie et les membres du groupe Communiste Républicain Citoyen et Écologiste  Kanaky, tendant à opposer la question préalable au projet de loi constitutionnelle portant modification du corps électoral pour les élections au congrès et aux assemblées de province de la Nouvelle-Calédonie",73786,340,340,98,242,https://www.senat.fr/scrutin-public/2023/scr2023-162.html
2023-163,2024-03-25T23:00:00+00:00,"sur le sous-amendement n° 35, présenté par M. François-Noël Buffet, à lamendement n° 4, présenté par M. Philippe Bas au nom de la commission des lois, à larticle 1er du projet de loi constitutionnelle portant modification du corps électoral pour les élections au congrès et aux assemblées de province de la Nouvelle-Calédonie",73786,338,284,204,80,https://www.senat.fr/scrutin-public/2023/scr2023-163.html
2023-164,2024-03-25T23:00:00+00:00,"sur lamendement n° 4, présenté par M. Philippe Bas au nom de la commission des lois, à larticle 1er du projet de loi constitutionnelle portant modification du corps électoral pour les élections au congrès et aux assemblées de province de la Nouvelle-Calédonie",73786,338,256,255,1,https://www.senat.fr/scrutin-public/2023/scr2023-164.html
2023-165,2024-03-25T23:00:00+00:00,"sur lamendement n° 8 rectifié, présenté par M. Michel Canévet et plusieurs de ses collègues, à larticle unique de la proposition de loi relative à la mise en place et au fonctionnement de la commission d'évaluation de l'aide publique au développement instituée par la loi n° 2021-1031 du 4 août 2021",,286,285,114,171,https://www.senat.fr/scrutin-public/2023/scr2023-165.html
2023-166,2024-03-25T23:00:00+00:00,sur l'ensemble de la proposition de loi relative à la mise en place et au fonctionnement de la commission d'évaluation de l'aide publique au développement instituée par la loi n° 2021-1031 du 4 août 2021,,340,338,273,65,https://www.senat.fr/scrutin-public/2023/scr2023-166.html
2023-167,2024-03-26T23:00:00+00:00,"sur les amendements identiques n° 4 rectifié, présenté par  M. Michel Masset et plusieurs de ses collègues, n° 13, présenté par M. Guy Benarroche et les membres du groupe Écologiste - Solidarité et Territoires, n° 18 rectifié bis, présenté par Mme Patricia Schillinger et les membres du groupe Rassemblement des Démocrates, Progressistes et Indépendants, n° 29, présenté par Mme Silvana Silvani et les membres du groupe Communiste Républicain Citoyen et Écologiste  Kanaky, et n° 38 rectifié, présenté par Mme Marie-Pierre de La Gontrie et les membres du groupe Socialiste, Écologiste et Républicain tendant à supprimer l'article 1er ter A de la proposition de loi créant l'homicide routier et visant à lutter contre la violence routière.",73167,340,338,204,134,https://www.senat.fr/scrutin-public/2023/scr2023-167.html
2023-168,2024-04-01T22:00:00+00:00,sur lensemble du projet de loi constitutionnelle portant modification du corps électoral pour les élections au congrès et aux assemblées de province de la Nouvelle-Calédonie,73786,339,332,233,99,https://www.senat.fr/scrutin-public/2023/scr2023-168.html
2023-169,2024-04-01T22:00:00+00:00,sur l'ensemble du texte élaboré par la commission mixte paritaire sur le projet de loi visant à sécuriser et réguler l'espace numérique,72203,340,304,302,2,https://www.senat.fr/scrutin-public/2023/scr2023-169.html
2023-17,2023-10-24T22:00:00+00:00,"sur les amendements identiques n° 88 rectifié, présenté par Mme Véronique Guillotin et plusieurs de ses collègues, n° 176, présenté Mme Anne Souyris et les membres du groupe Écologiste-Solidarité et Territoires, et n° 209, présenté par le Gouvernement, tendant à rétablir larticle 10 de la proposition de loi visant à améliorer l'accès aux soins par l'engagement territorial des professionnels",72083,342,342,154,188,https://www.senat.fr/scrutin-public/2023/scr2023-17.html
2023-170,2024-04-01T22:00:00+00:00,"sur la motion n° 5, présentée par Mme Lauriane Josende au nom de la commission des lois, tendant à opposer la question préalable au projet de loi visant à renforcer la lutte contre les dérives sectaires et à améliorer l'accompagnement des victimes (nouvelle lecture)",73326,341,341,189,152,https://www.senat.fr/scrutin-public/2023/scr2023-170.html
2023-171,2024-04-08T22:00:00+00:00,"sur la motion n° 9, présentée par MM. Jacques Fernique et Olivier Jacquin, les membres du groupe Écologiste - Solidarité et Territoires et les membres du groupe Socialiste, Écologiste et Républicain, tendant à opposer la question préalable à la proposition de loi visant à concilier la continuité du service public de transports avec l'exercice du droit de grève",73884,341,341,98,243,https://www.senat.fr/scrutin-public/2023/scr2023-171.html
2023-172,2024-04-08T22:00:00+00:00,sur lensemble de la proposition de loi visant à concilier la continuité du service public de transports avec l'exercice du droit de grève,73884,344,323,211,112,https://www.senat.fr/scrutin-public/2023/scr2023-172.html
2023-173,2024-04-08T22:00:00+00:00,sur l'ensemble de la proposition de loi visant à proroger la loi n° 2017-285 du 6 mars 2017 relative à l'assainissement cadastral et à la résorption du désordre de la propriété,73128,341,341,341,0,https://www.senat.fr/scrutin-public/2023/scr2023-173.html
2023-174,2024-04-08T22:00:00+00:00,sur l'ensemble du texte élaboré par la commission mixte paritaire sur le projet de loi relatif à l'organisation de la gouvernance de la sûreté nucléaire et de la radioprotection pour répondre au défi de la relance de la filière nucléaire,73548,344,342,233,109,https://www.senat.fr/scrutin-public/2023/scr2023-174.html
2023-175,2024-04-08T22:00:00+00:00,sur l'ensemble du texte élaboré par la commission mixte paritaire sur le projet de loi organique modifiant la loi organique n° 2010-837 du 23 juillet 2010 relative à l'application du cinquième alinéa de l'article 13 de la Constitution,73549,344,342,233,109,https://www.senat.fr/scrutin-public/2023/scr2023-175.html
2023-176,2024-04-09T22:00:00+00:00,"sur l'amendement n° 10 rectifié bis, présenté par Mme Annick Billon et plusieurs de ses collègues, à l'article 1er de la proposition de loi visant à renforcer le service civique",72244,341,324,189,135,https://www.senat.fr/scrutin-public/2023/scr2023-176.html
2023-177,2024-04-09T22:00:00+00:00,"sur les amendements identiques n° 3 rectifié, présenté par M. Stéphane Piednoir et plusieurs de ses collègues, et n° 4 rectifié quater, présenté par M. Cédric Vial et plusieurs de ses collègues, à l'article 1er de la proposition de loi visant à renforcer le service civique",72244,341,341,245,96,https://www.senat.fr/scrutin-public/2023/scr2023-177.html
2023-178,2024-04-09T22:00:00+00:00,"sur l'amendement n° 11 rectifié ter, présenté par Mme Annick Billon et plusieurs de ses collègues, à l'article 3 de la proposition de loi visant à renforcer le service civique",72244,341,341,227,114,https://www.senat.fr/scrutin-public/2023/scr2023-178.html
2023-179,2024-04-09T22:00:00+00:00,sur l'ensemble de la proposition de loi visant à renforcer le service civique,72244,341,323,307,16,https://www.senat.fr/scrutin-public/2023/scr2023-179.html
2023-18,2023-10-24T22:00:00+00:00,sur l'ensemble de la proposition de loi visant à améliorer l'accès aux soins par l'engagement territorial des professionnels,72083,342,315,235,80,https://www.senat.fr/scrutin-public/2023/scr2023-18.html
2023-180,2024-04-10T22:00:00+00:00,"sur lamendement n° 5, présenté par M. Cédric Vial et plusieurs de ses collègues, tendant à insérer un article additionnel avant larticle unique de la proposition de loi tendant à préserver l'accès aux pharmacies dans les communes rurales",73923,340,335,211,124,https://www.senat.fr/scrutin-public/2023/scr2023-180.html
2023-181,2024-04-10T22:00:00+00:00,"sur lamendement n° 6, présenté par M. Cédric Vial et plusieurs de ses collègues, tendant à insérer un article additionnel avant larticle unique de la proposition de loi tendant à préserver l'accès aux pharmacies dans les communes rurales",73923,319,317,158,159,https://www.senat.fr/scrutin-public/2023/scr2023-181.html
2023-182,2024-05-06T22:00:00+00:00,sur l'ensemble de la proposition de loi conférant un statut de personne morale de droit public à statut particulier à l'Académie nationale de chirurgie,,344,249,188,61,https://www.senat.fr/scrutin-public/2023/scr2023-182.html
2023-183,2024-05-20T22:00:00+00:00,"sur l'amendement n° 159, présenté par Mme Sylviane Noël au nom de la commission des affaires économiques, à l'article 1er A de la proposition de loi visant à remédier aux déséquilibres du marché locatif",,341,239,205,34,https://www.senat.fr/scrutin-public/2023/scr2023-183.html
2023-184,2024-05-20T22:00:00+00:00,"sur les amendements identiques n° 32 rectifié bis, présenté par M. Cédric Chevalier et plusieurs de ses collègues, n° 60 rectifié, présenté par M. Rémi Féraud et les membres du groupe Socialiste, Écologiste et Républicain, n° 70 rectifié bis, présenté par Mme Nadège Havet et plusieurs de ses collègues, et n° 115, présenté par Mme Marianne Margaté et les membres du groupe Communiste Républicain Citoyen et Écologiste  Kanaky, à larticle 1er A de la proposition de loi visant à remédier aux déséquilibres du marché locatif",,341,334,110,224,https://www.senat.fr/scrutin-public/2023/scr2023-184.html
2023-185,2024-05-20T22:00:00+00:00,"sur les amendements identiques n° 7 rectifié bis, présenté par M. Max Brisson et plusieurs de ses collègues, et n° 118, présenté par Mme Marianne Margaté et les membres du groupe Communiste Républicain Citoyen et Écologiste - Kanaky, à l'article 1er A de la proposition de loi visant à remédier aux déséquilibres du marché locatif",,339,239,36,203,https://www.senat.fr/scrutin-public/2023/scr2023-185.html
2023-186,2024-05-20T22:00:00+00:00,"sur les amendements identiques n° 9 rectifié bis, présenté par M. Max Brisson et plusieurs de ses collègues, et n° 119, présenté par M. Ian Brossat et les membres du groupe Communiste Républicain Citoyen et Écologiste - Kanaky, à l'article 1er A de la proposition de loi visant à remédier aux déséquilibres du marché locatif",,341,341,132,209,https://www.senat.fr/scrutin-public/2023/scr2023-186.html
2023-187,2024-05-20T22:00:00+00:00,"sur les amendements identiques n° 108, présenté par M. Ian Brossat et les membres du groupe Communiste Républicain Citoyen et Écologiste  Kanaky, et n° 133, présenté par Mme Amel Gacquerre, à l'article 1er A de la proposition de loi visant à remédier aux déséquilibres du marché locatif",,341,341,120,221,https://www.senat.fr/scrutin-public/2023/scr2023-187.html
2023-188,2024-05-20T22:00:00+00:00,"sur les amendements identiques n° 63, présenté par Mme Viviane Artigalas et les membres du groupe Socialiste, Écologiste et Républicain, n° 71 rectifié bis, présenté par Mme Nadège Havet et plusieurs de ses collègues, et n° 141, présenté par M. Daniel Salmon et les membres du groupe Écologiste - Solidarité et Territoires, à larticle 1er de la proposition de loi visant à remédier aux déséquilibres du marché locatif",,341,324,98,226,https://www.senat.fr/scrutin-public/2023/scr2023-188.html
2023-189,2024-05-20T22:00:00+00:00,"sur lamendement n° 65, présenté par M. Bernard Buis et les membres du groupe Rassemblement des démocrates, progressistes et indépendants, et n° 128 rectifié, présenté par M. Emmanuel Capus et plusieurs de ses collègues, à l'article 1er de la proposition de loi visant à remédier aux déséquilibres du marché locatif",,341,341,60,281,https://www.senat.fr/scrutin-public/2023/scr2023-189.html
2023-19,2023-10-25T22:00:00+00:00,sur l'ensemble du projet de loi portant mesures d'urgence pour lutter contre l'inflation concernant les produits de grande consommation,73064,341,244,209,35,https://www.senat.fr/scrutin-public/2023/scr2023-19.html
2023-190,2024-05-20T22:00:00+00:00,"sur lamendement n° 1 rectifié quater, présenté par Mme Anne Chain-Larché et plusieurs de ses collègues, à l'article 1er bis de la proposition de loi visant à remédier aux déséquilibres du marché locatif",,341,325,226,99,https://www.senat.fr/scrutin-public/2023/scr2023-190.html
2023-191,2024-05-20T22:00:00+00:00,"sur les amendements identiques n° 12 rectifié bis, présenté par M. Max Brisson et plusieurs de ses collègues, n° 33 rectifié bis, présenté par M. Cédric Chevalier et plusieurs de ses collègues, n° 39 rectifié, présenté par M. Rémi Féraud et les membres du groupe Socialiste, Écologiste et Républicain, et n° 111, présenté par M. Ian Brossat et les membres du groupe Communiste Républicain Citoyen et Écologiste - Kanaky, à l'article 2 de la proposition de loi visant à remédier aux déséquilibres du marché locatif",,341,341,132,209,https://www.senat.fr/scrutin-public/2023/scr2023-191.html
2023-192,2024-05-20T22:00:00+00:00,"sur les amendements identiques n° 46 rectifié bis, présenté par M. Rémi Féraud et les membres du groupe Socialiste, Écologiste et Républicain, n° 95 rectifié, présenté par Mme Marianne Margaté et les membres du groupe Communiste Républicain Citoyen et Écologiste  Kanaky, et n° 140 rectifié, présenté par Mme Antoinette Guhl  et les membres du groupe Écologiste - Solidarité et Territoires, tendant à insérer un article additionnel après l'article 2 de la proposition de loi visant à remédier aux déséquilibres du marché locatif",,341,341,136,205,https://www.senat.fr/scrutin-public/2023/scr2023-192.html
2023-193,2024-05-20T22:00:00+00:00,"sur l'amendement n° 99, présenté par Mme Marianne Margaté et les membres du groupe Communiste Républicain Citoyen et Écologiste - Kanaky, tendant à insérer un article additionnel après l'article 2 de la proposition de loi visant à remédier aux déséquilibres du marché locatif",,341,277,34,243,https://www.senat.fr/scrutin-public/2023/scr2023-193.html
2023-194,2024-05-20T22:00:00+00:00,"sur les amendements identiques n° 53 rectifié bis, présenté par M. Rémi Féraud et les membres du groupe Socialiste, Écologiste et Républicain, et n° 104 rectifié, présenté par Mme Marianne Margaté et les membres du groupe Communiste Républicain Citoyen et Écologiste  Kanaky, tendant à insérer un article additionnel après l'article 2 de la proposition de loi visant à remédier aux déséquilibres du marché locatif",,341,338,111,227,https://www.senat.fr/scrutin-public/2023/scr2023-194.html
2023-195,2024-05-21T22:00:00+00:00,"sur les amendements identiques n° 6 rectifié, présenté par M. Christian Redon-Sarrazy et les membres du groupe Socialiste, Écologiste et Républicain, et n° 14, présenté par Mme Antoinette Guhl et les membres du groupe Écologiste - Solidarité et Territoires, à larticle 1er de la proposition de loi visant à faciliter la transformation des bureaux en logements",,341,341,131,210,https://www.senat.fr/scrutin-public/2023/scr2023-195.html
2023-196,2024-05-21T22:00:00+00:00,"sur lamendement n° 1, présenté par Mme Marianne Margaté et les membres du groupe Communiste Républicain Citoyen et Écologiste - Kanaky, à larticle 1er de la proposition de loi visant à faciliter la transformation des bureaux en logements",,341,325,115,210,https://www.senat.fr/scrutin-public/2023/scr2023-196.html
2023-197,2024-05-21T22:00:00+00:00,"sur lamendement n° 13, présenté par Mme Antoinette Guhl et les membres du groupe Écologiste - Solidarité et Territoires, à larticle 1er de la proposition de loi visant à faciliter la transformation des bureaux en logements",,341,261,34,227,https://www.senat.fr/scrutin-public/2023/scr2023-197.html
2023-198,2024-05-21T22:00:00+00:00,"sur lamendement n° 15, présenté par Mme Antoinette Guhl et les membres du groupe Écologiste - Solidarité et Territoires, à larticle 1er de la proposition de loi visant à faciliter la transformation des bureaux en logements",,341,261,34,227,https://www.senat.fr/scrutin-public/2023/scr2023-198.html
2023-199,2024-05-21T22:00:00+00:00,"sur lamendement n° 16, présenté par Mme Antoinette Guhl et les membres du groupe Écologiste - Solidarité et Territoires, à larticle 1er de la proposition de loi visant à faciliter la transformation des bureaux en logements",,341,261,34,227,https://www.senat.fr/scrutin-public/2023/scr2023-199.html
2023-2,2023-10-10T22:00:00+00:00,"sur l'ensemble du texte élaboré par la commission mixte paritaire sur le projet de loi organique relatif à l'ouverture, à la modernisation et à la responsabilité du corps judiciaire",72124,343,251,233,18,https://www.senat.fr/scrutin-public/2023/scr2023-2.html
2023-20,2023-10-29T23:00:00+00:00,sur l'ensemble de la proposition de loi visant à protéger la langue française des dérives de l'écriture dite inclusive,68911,325,303,221,82,https://www.senat.fr/scrutin-public/2023/scr2023-20.html
2023-200,2024-05-21T22:00:00+00:00,"sur les amendements identiques n° 29, présenté par Mme Mélanie Vogel et les membres du groupe Écologiste  Solidarité et Territoires, et n° 44, présenté par M. Pascal Savoldelli et les membres du groupe Communiste Républicain Citoyen et Écologiste  Kanaky, tendant à supprimer larticle 3 de la proposition de loi visant à prévenir les ingérences étrangères en France",73823,344,344,33,311,https://www.senat.fr/scrutin-public/2023/scr2023-200.html
2023-201,2024-05-27T22:00:00+00:00,"sur la motion n° 1, présentée par Mme Mélanie Vogel et les membres du groupe Écologiste - Solidarité et Territoires, tendant à opposer la question préalable à la proposition de loi visant à encadrer les pratiques médicales mises en uvre dans la prise en charge des mineurs en questionnement de genre",,328,324,118,206,https://www.senat.fr/scrutin-public/2023/scr2023-201.html
2023-202,2024-05-27T22:00:00+00:00,"sur la motion préjudicielle n° 42, présentée par Mme Anne Souyris et les membres du groupe Écologiste - Solidarité et Territoires, tendant à suspendre le débat sur la proposition de loi visant à encadrer les pratiques médicales mises en uvre dans la prise en charge des mineurs en questionnement de genre",,320,300,115,185,https://www.senat.fr/scrutin-public/2023/scr2023-202.html
2023-203,2024-05-27T22:00:00+00:00,"sur les amendements identiques n° 4, présenté par Mme Silvana Silvani et plusieurs de ses collègues, n° 8 rectifié, présenté par Mme Véronique Guillotin et plusieurs de ses collègues, et n° 32, présenté par Mme Anne Souyris et les membres du groupe Écologiste - Solidarité, et Territoires, tendant à supprimer larticle 1er de la proposition de loi visant à encadrer les pratiques médicales mises en uvre dans la prise en charge des mineurs en questionnement de genre",,322,315,136,179,https://www.senat.fr/scrutin-public/2023/scr2023-203.html
2023-204,2024-05-27T22:00:00+00:00,sur l'ensemble de la proposition de loi visant à encadrer les pratiques médicales mises en uvre dans la prise en charge des mineurs en questionnement de genre,,324,316,180,136,https://www.senat.fr/scrutin-public/2023/scr2023-204.html
2023-205,2024-05-28T22:00:00+00:00,sur larticle 1er constituant lensemble de la proposition de loi ouvrant la possibilité de concilier une activité professionnelle avec la fonction dassistant familial,,341,247,246,1,https://www.senat.fr/scrutin-public/2023/scr2023-205.html
2023-206,2024-05-29T22:00:00+00:00,"sur lamendement n° 4, présenté par M. Hervé Gillé et les membres du groupe Socialiste, Écologiste et Républicain, à larticle 1er de la proposition de loi visant à protéger la population des risques liés aux substances perfluoroalkylées et polyfluoroalkylées",73906,341,340,99,241,https://www.senat.fr/scrutin-public/2023/scr2023-206.html
2023-207,2024-05-29T22:00:00+00:00,"sur lamendement n° 25 rectifié, présenté par M. Didier Rambaud et les membres du groupe Rassemblement des démocrates, progressistes et indépendants, à larticle 1er de la proposition de loi visant à protéger la population des risques liés aux substances perfluoroalkylées et polyfluoroalkylées",73906,341,324,25,299,https://www.senat.fr/scrutin-public/2023/scr2023-207.html
2023-208,2024-05-29T22:00:00+00:00,"sur lamendement n° 14, présenté par Mme Anne Souyris et les membres du groupe Écologiste - Solidarité, et Territoires, à larticle 1er de la proposition de loi visant à protéger la population des risques liés aux substances perfluoroalkylées et polyfluoroalkylées",73906,341,341,101,240,https://www.senat.fr/scrutin-public/2023/scr2023-208.html
2023-209,2024-05-29T22:00:00+00:00,sur larticle 1er A de la proposition de loi visant à mieux indemniser les dégâts sur les biens immobiliers causés par le retrait-gonflement de l'argile,71353,341,341,113,228,https://www.senat.fr/scrutin-public/2023/scr2023-209.html
2023-21,2023-10-30T23:00:00+00:00,sur l'article 5 constituant l'ensemble de la proposition de loi portant amnistie des faits commis à l'occasion de mouvements sociaux et d'activités syndicales et revendicatives,73024,344,280,34,246,https://www.senat.fr/scrutin-public/2023/scr2023-21.html
2023-210,2024-05-29T22:00:00+00:00,"sur l'amendement n° 1 rectifié, présenté par Mme Marie-Claude Lermytte et plusieurs de ses collègues, à l'article 1er de la proposition de loi visant à mieux indemniser les dégâts sur les biens immobiliers causés par le retrait-gonflement de l'argile",71353,341,325,114,211,https://www.senat.fr/scrutin-public/2023/scr2023-210.html
2023-211,2024-05-29T22:00:00+00:00,"sur l'amendement n° 2 rectifié, présenté par Mme Marie-Claude Lermytte et plusieurs de ses collègues, à l'article 1er de la proposition de loi visant à mieux indemniser les dégâts sur les biens immobiliers causés par le retrait-gonflement de l'argile",71353,341,341,152,189,https://www.senat.fr/scrutin-public/2023/scr2023-211.html
2023-212,2024-05-29T22:00:00+00:00,sur larticle 2 nonies de la proposition de loi visant à mieux indemniser les dégâts sur les biens immobiliers causés par le retrait-gonflement de l'argile,71353,324,324,96,228,https://www.senat.fr/scrutin-public/2023/scr2023-212.html
2023-213,2024-06-03T22:00:00+00:00,"sur lamendement n° 476, présenté par le Gouvernement, à larticle 6 du projet de loi de simplification de la vie économique",,341,227,38,189,https://www.senat.fr/scrutin-public/2023/scr2023-213.html
2023-214,2024-06-03T22:00:00+00:00,"sur lamendement n° 376, présenté par Mme Raymonde Poncet Monge et les membres du groupe Écologiste - Solidarité et Territoires, à larticle 6 du projet de loi de simplification de la vie économique",,341,341,113,228,https://www.senat.fr/scrutin-public/2023/scr2023-214.html
2023-215,2024-06-04T22:00:00+00:00,"sur les amendements identiques n° 338, présenté par M. Thomas Dossus et les membres du groupe Écologiste - Solidarité et Territoires, n° 537 rectifié bis, présenté par M. Emmanuel Capus et plusieurs de ses collègues, et n° 575, présenté par M. Michaël Weber et les membres du groupe Socialiste, Écologiste et Républicain, à larticle 18 du projet de loi de simplification de la vie économique",,341,326,116,210,https://www.senat.fr/scrutin-public/2023/scr2023-215.html
2023-22,2023-10-30T23:00:00+00:00,sur l'ensemble de la proposition de loi constitutionnelle visant à abroger l'article 40 de la Constitution,72502,344,343,100,243,https://www.senat.fr/scrutin-public/2023/scr2023-22.html
2023-23,2023-11-06T23:00:00+00:00,"sur les amendements identiques n° 25 rectifié, présenté par M. Ian Brossat et  les membres du groupe Communiste Républicain Citoyen et Écologiste  Kanaky, n° 167, présenté par Mme Marie-Pierre de La Gontrie et les membres du groupe Socialiste, Écologiste et Républicain, n° 329 rectifié, présenté par M. Guy Benarroche et plusieurs de ses collègues, et n° 433 rectifié, présenté par M. Ahmed Laouedj et plusieurs de ses collègues, tendant à supprimer l'article 1er I du projet de loi pour contrôler l'immigration, améliorer l'intégration",,341,331,140,191,https://www.senat.fr/scrutin-public/2023/scr2023-23.html
2023-24,2023-11-06T23:00:00+00:00,"sur l'article 1er I du projet de loi pour contrôler l'immigration, améliorer l'intégration",,343,336,200,136,https://www.senat.fr/scrutin-public/2023/scr2023-24.html
2023-25,2023-11-07T23:00:00+00:00,"sur l'amendement n° 344 rectifié, présenté par Mme Valérie Boyer et plusieurs de ses collègues, à l'article 2 bis du projet de loi pour contrôler l'immigration, améliorer l'intégration",,343,343,133,210,https://www.senat.fr/scrutin-public/2023/scr2023-25.html
2023-26,2023-11-07T23:00:00+00:00,"sur les amendements identiques n° 655, présenté par Mme Muriel Jourda et M. Philippe Bonnecarrère au nom de la commission des lois, n° 126, présenté par M. Christopher Szczurek et plusieurs de ses collègues, n° 366 rectifié ter, présenté par M. Alain Duffourg, et n° 530, présenté par M. Stéphane Ravier, tendant à supprimer l'article 3 du projet de loi pour contrôler l'immigration, améliorer l'intégration",,345,329,191,138,https://www.senat.fr/scrutin-public/2023/scr2023-26.html
2023-27,2023-11-07T23:00:00+00:00,"sur les amendements identiques n° 656, présenté par Mme Muriel Jourda et M. Philippe Bonnecarrère au nom de la commission des lois, n° 127, présenté par M Christopher Szczurek et plusieurs de ses collègues, n° 365 rectifié ter, présenté par M. Alain Duffourg et M. Jean Hingray, et n° 531, présenté par M. Stéphane Ravier, tendant à supprimer l'article 4 du projet de loi pour contrôler l'immigration, améliorer l'intégration",,345,329,191,138,https://www.senat.fr/scrutin-public/2023/scr2023-27.html
2023-28,2023-11-07T23:00:00+00:00,"sur lamendement n° 657, présenté par Mme Muriel Jourda et M. Philippe Bonnecarrère au nom de la commission des lois, tendant à insérer un article additionnel après l'article 4 du projet de loi pour contrôler l'immigration, améliorer l'intégration",,345,345,226,119,https://www.senat.fr/scrutin-public/2023/scr2023-28.html
2023-29,2023-11-08T23:00:00+00:00,sur l'ensemble du texte élaboré par la commission mixte paritaire sur le projet de loi pour le plein emploi,,342,342,243,99,https://www.senat.fr/scrutin-public/2023/scr2023-29.html
2023-3,2023-10-10T22:00:00+00:00,sur l'ensemble du texte élaboré par la commission mixte paritaire sur le projet de loi relatif à lindustrie verte,72265,343,260,243,17,https://www.senat.fr/scrutin-public/2023/scr2023-3.html
2023-30,2023-11-08T23:00:00+00:00,sur l'ensemble du texte élaboré par la commission mixte paritaire sur le projet de loi portant mesures d'urgence pour lutter contre l'inflation concernant les produits de grande consommation,73064,342,260,225,35,https://www.senat.fr/scrutin-public/2023/scr2023-30.html
2023-31,2023-11-08T23:00:00+00:00,"sur lamendement n° 350 rectifié, présenté par M. Bruno Retailleau et plusieurs de ses collègues, à larticle 10 du projet de loi pour contrôler l'immigration, améliorer l'intégration",,342,316,204,112,https://www.senat.fr/scrutin-public/2023/scr2023-31.html
2023-32,2023-11-08T23:00:00+00:00,"sur les amendements identiques n° 181, présenté par Marie-Pierre de La Gontrie et les membres du groupe Socialiste, Écologiste et Républicain, et n° 290 rectifié, présenté par M. Guy Benarroche et plusieurs de ses collègues, tendant à supprimer l'article 11 ter du projet de loi pour contrôler l'immigration, améliorer l'intégration",,341,337,111,226,https://www.senat.fr/scrutin-public/2023/scr2023-32.html
2023-33,2023-11-08T23:00:00+00:00,"sur l'article 11 ter du projet de loi pour contrôler l'immigration, améliorer l'intégration",,341,338,205,133,https://www.senat.fr/scrutin-public/2023/scr2023-33.html
2023-34,2023-11-08T23:00:00+00:00,"sur l'amendement n° 182, présenté par Mme Marie-Pierre de La Gontrie et les membres du groupe Socialiste, Écologiste et Républicain, à l'article 12 du projet de loi pour contrôler l'immigration, améliorer l'intégration",,342,341,138,203,https://www.senat.fr/scrutin-public/2023/scr2023-34.html
2023-35,2023-11-08T23:00:00+00:00,"sur l'amendement n° 39 rectifié,  présenté par Mme Cécile Cukierman, M. Ian Brossat et les membres du groupe Communiste Républicain Citoyen et Écologiste - Kanaky, à l'article 12 du projet de loi pour contrôler l'immigration, améliorer l'intégration",,342,342,138,204,https://www.senat.fr/scrutin-public/2023/scr2023-35.html
2023-36,2023-11-08T23:00:00+00:00,"sur l'amendement n° 298, présenté par M. Guy Benarroche et plusieurs de ses collègues, à l'article 12 du projet de loi pour contrôler l'immigration, améliorer l'intégration",,342,342,138,204,https://www.senat.fr/scrutin-public/2023/scr2023-36.html
2023-37,2023-11-08T23:00:00+00:00,"sur l'amendement n° 7 rectifié bis, présenté par Mme Maryse Carrère et plusieurs de ses collègues, à l'article 12 du projet de loi pour contrôler l'immigration, améliorer l'intégration",,340,340,138,202,https://www.senat.fr/scrutin-public/2023/scr2023-37.html
2023-38,2023-11-08T23:00:00+00:00,"sur l'amendement n° 183, présenté par Mme Marie-Pierre de La Gontrie et les membres du groupe Socialiste, Écologiste et Républicain, à l'article 12 du projet de loi pour contrôler l'immigration, améliorer l'intégration",,342,342,138,204,https://www.senat.fr/scrutin-public/2023/scr2023-38.html
2023-39,2023-11-08T23:00:00+00:00,"sur l'amendement n° 299, présenté par M. Guy Benarroche et plusieurs de ses collègues, à l'article 12 du projet de loi pour contrôler l'immigration, améliorer l'intégration",,341,341,137,204,https://www.senat.fr/scrutin-public/2023/scr2023-39.html
2023-4,2023-10-15T22:00:00+00:00,sur l'ensemble du projet de loi de programmation des finances publiques pour les années 2023 à 2027 (nouvelle lecture),,344,306,204,102,https://www.senat.fr/scrutin-public/2023/scr2023-4.html
2023-40,2023-11-08T23:00:00+00:00,"sur les amendements identiques n° 154, présenté par Mme Hélène Conway-Mouret et les membres du groupe Socialiste, Écologiste et Républicain, n° 320 rectifié, présenté par M. Guy Benarroche et plusieurs de ses collègues, n° 429 rectifié bis, présenté par Mme Olivia Richard et plusieurs de ses collègues, et n° 455, présenté par M. Ian Brossat et les membres du groupe Communiste Républicain Citoyen et Écologiste - Kanaky, tendant à supprimer l'article 14 A du projet de loi pour contrôler l'immigration, améliorer l'intégration",,345,344,114,230,https://www.senat.fr/scrutin-public/2023/scr2023-40.html
2023-41,2023-11-09T23:00:00+00:00,"sur lamendement n° 194, présenté par Mme Marie-Pierre de La Gontrie et les membres du groupe Socialiste, Écologiste et Républicain, tendant à insérer un article additionnel après larticle 14 du projet de loi pour contrôler l'immigration, améliorer l'intégration",,345,342,111,231,https://www.senat.fr/scrutin-public/2023/scr2023-41.html
2023-42,2023-11-12T23:00:00+00:00,"sur la motion n° 944, présentée par Mme Cathy Apourceau-Poly et les membres du groupe Communiste Républicain Citoyen et Écologiste - Kanaky, tendant à opposer la question préalable au projet de loi de financement de la sécurité sociale pour 2024",,342,278,35,243,https://www.senat.fr/scrutin-public/2023/scr2023-42.html
2023-43,2023-11-13T23:00:00+00:00,"sur lensemble du projet de loi pour contrôler l'immigration, améliorer l'intégration",,341,325,210,115,https://www.senat.fr/scrutin-public/2023/scr2023-43.html
2023-44,2023-11-13T23:00:00+00:00,"sur les amendements identiques n° 807 rectifié, présenté par Mme Raymonde Poncet Monge et plusieurs de ses collègues, n° 901, présenté par Mme Cathy Apourceau-Poly et les membres du groupe Communiste Républicain Citoyen et Écologiste - Kanaky, et n° 1212, présenté par Mme Monique Lubin et les membres du groupe Socialiste, Écologiste et Républicain, tendant à supprimer larticle 9 du projet de loi de financement de la sécurité sociale pour 2024",,343,343,102,241,https://www.senat.fr/scrutin-public/2023/scr2023-44.html
2023-45,2023-11-14T23:00:00+00:00,"sur lamendement n° 1003 rectifié, présenté par M. Thomas Dossus et plusieurs de ses collègues, tendant à insérer un article additionnel après larticle 10 decies du projet de loi de financement de la sécurité sociale pour 2024",,343,267,24,243,https://www.senat.fr/scrutin-public/2023/scr2023-45.html
2023-46,2023-11-14T23:00:00+00:00,sur lensemble de la deuxième partie du projet de loi de financement de la sécurité sociale pour 2024,,340,324,225,99,https://www.senat.fr/scrutin-public/2023/scr2023-46.html
2023-47,2023-11-15T23:00:00+00:00,"sur l'amendement n° 260, présenté par Mme Corinne Imbert au nom de la commission des affaires sociales, à l'article 23 du projet de loi de financement de la sécurité sociale pour 2024",,340,322,184,138,https://www.senat.fr/scrutin-public/2023/scr2023-47.html
2023-48,2023-11-15T23:00:00+00:00,"sur l'amendement n° 481 rectifié ter, présenté par M. Alexandre Ouizille et plusieurs de ses collègues, tendant à insérer un article additionnel après larticle 26 du projet de loi de financement de la sécurité sociale pour 2024",,340,337,75,262,https://www.senat.fr/scrutin-public/2023/scr2023-48.html
2023-49,2023-11-15T23:00:00+00:00,"sur l'amendement n° 450 rectifié quater, présenté par M. Patrice Joly et plusieurs de ses collègues, tendant à insérer un article additionnel après larticle 26 du projet de loi de financement de la sécurité sociale pour 2024",,340,334,69,265,https://www.senat.fr/scrutin-public/2023/scr2023-49.html
2023-5,2023-10-16T22:00:00+00:00,sur lensemble du projet de loi portant transposition de l'accord national interprofessionnel relatif au partage de la valeur au sein de l'entreprise,72323,342,262,244,18,https://www.senat.fr/scrutin-public/2023/scr2023-5.html
2023-50,2023-11-15T23:00:00+00:00,"sur l'amendement n° 957, présenté par Mme Céline Brulin et les membres du groupe Communiste Républicain Citoyen et Écologiste - Kanaky, tendant à insérer un article additionnel après larticle 26 du projet de loi de financement de la sécurité sociale pour 2024",,342,278,51,227,https://www.senat.fr/scrutin-public/2023/scr2023-50.html
2023-51,2023-11-16T23:00:00+00:00,"sur lamendement n° 1325, présenté par Mme Mathilde Ollivier et plusieurs de ses collègues, tendant à insérer un article additionnel après larticle 40 sexies du projet de loi de financement de sécurité sociale pour 2024",,342,342,99,243,https://www.senat.fr/scrutin-public/2023/scr2023-51.html
2023-52,2023-11-16T23:00:00+00:00,"sur les amendements identiques n° 331, présenté par Mme Corinne Imbert au nom de la commission des affaires sociales, et n° 935, présenté par Mme Cathy Apourceau-Poly et les membres du groupe Communiste Républicain Citoyen et Écologiste - Kanaky, tendant à supprimer l'article 43 du projet de loi de financement de la sécurité sociale pour 2024",,342,342,303,39,https://www.senat.fr/scrutin-public/2023/scr2023-52.html
2023-53,2023-11-19T23:00:00+00:00,"sur lamendement n° 16, présenté par Mme Cathy Apourceau-Poly et les membres du groupe Communiste Républicain Citoyen et Écologiste  Kanaky, tendant à insérer un article additionnel avant larticle 1er du projet de loi de finances de fin de gestion pour 2023",,341,325,102,223,https://www.senat.fr/scrutin-public/2023/scr2023-53.html
2023-54,2023-11-19T23:00:00+00:00,"sur l'amendement n° 17, présenté par M. Pascal Savoldelli et les membres du groupe Communiste Républicain Citoyen et Écologiste - Kanaky, tendant à insérer un article additionnel après l'article 3 du projet de loi de finances de fin de gestion pour 2023",,341,341,98,243,https://www.senat.fr/scrutin-public/2023/scr2023-54.html
2023-55,2023-11-19T23:00:00+00:00,sur l'ensemble du projet de loi de finances de fin de gestion pour 2023,,341,260,242,18,https://www.senat.fr/scrutin-public/2023/scr2023-55.html
2023-56,2023-11-20T23:00:00+00:00,sur lensemble du projet de loi de financement de la sécurité sociale pour 2024,,342,292,184,108,https://www.senat.fr/scrutin-public/2023/scr2023-56.html
2023-57,2023-11-21T23:00:00+00:00,"sur le sous-amendement n° 3, présenté par M. Hussein Bourgi et les membres du groupe Socialiste, Écologiste et Républicain, à l'amendement n° 1, présenté par M. Francis Szpiner au nom de la commission des lois, à l'article 1er de la proposition de loi portant réparation des personnes condamnées pour homosexualité entre 1942 et 1982",,344,321,122,199,https://www.senat.fr/scrutin-public/2023/scr2023-57.html
2023-58,2023-11-21T23:00:00+00:00,"sur l'amendement n° 1, présenté par M. Francis Szpiner au nom de la commission des lois, à l'article 1er de la proposition de loi portant réparation des personnes condamnées pour homosexualité entre 1942 et 1982",,344,337,221,116,https://www.senat.fr/scrutin-public/2023/scr2023-58.html
2023-59,2023-11-21T23:00:00+00:00,sur l'article 2 de la proposition de loi portant réparation des personnes condamnées pour homosexualité entre 1942 et 1982,,344,306,103,203,https://www.senat.fr/scrutin-public/2023/scr2023-59.html
2023-6,2023-10-22T22:00:00+00:00,"sur la motion n° 1, présentée par M. Olivier Jacquin et plusieurs de ses collègues, tendant à opposer la question préalable à la proposition de loi relative à l'ouverture à la concurrence du réseau de bus francilien de la RATP",73072,344,344,98,246,https://www.senat.fr/scrutin-public/2023/scr2023-6.html
2023-60,2023-11-21T23:00:00+00:00,sur l'article 3 de la proposition de loi portant réparation des personnes condamnées pour homosexualité entre 1942 et 1982,,344,322,119,203,https://www.senat.fr/scrutin-public/2023/scr2023-60.html
2023-61,2023-11-21T23:00:00+00:00,sur l'article 4 de la proposition de loi portant réparation des personnes condamnées pour homosexualité entre 1942 et 1982,,344,325,119,206,https://www.senat.fr/scrutin-public/2023/scr2023-61.html
2023-62,2023-11-21T23:00:00+00:00,"sur l'amendement n° 2, présenté par M. Francis Szpiner au nom de la commission des lois, tendant à modifier l'intitulé de la proposition de loi portant réparation des personnes condamnées pour homosexualité entre 1942 et 1982",,344,341,243,98,https://www.senat.fr/scrutin-public/2023/scr2023-62.html
2023-63,2023-11-21T23:00:00+00:00,sur l'ensemble de la proposition de loi portant réparation des personnes condamnées pour homosexualité entre 1942 et 1982,,344,343,343,0,https://www.senat.fr/scrutin-public/2023/scr2023-63.html
2023-64,2023-11-21T23:00:00+00:00,sur lensemble de la proposition de loi constitutionnelle visant à faciliter le déclenchement du référendum d'initiative partagée,72125,344,326,102,224,https://www.senat.fr/scrutin-public/2023/scr2023-64.html
2023-65,2023-11-21T23:00:00+00:00,sur l'ensemble du texte élaboré par la commission mixte paritaire sur le projet de loi de finances de fin de gestion pour 2023,,341,261,242,19,https://www.senat.fr/scrutin-public/2023/scr2023-65.html
2023-66,2023-11-22T23:00:00+00:00,"sur la motion n° I-1666, présentée par M. Éric Bocquet et les membres du groupe Communiste Républicain Citoyen et Écologiste - Kanaky, tendant à opposer la question préalable au projet de loi de finances pour 2024",,344,260,18,242,https://www.senat.fr/scrutin-public/2023/scr2023-66.html
2023-67,2023-11-24T23:00:00+00:00,"sur lamendement n° I-1641 rectifié bis, présenté par M. Bruno Retailleau et plusieurs de ses collègues, tendant à insérer un article additionnel après larticle 3 unvicies du projet de loi de finances pour 2024",,341,308,188,120,https://www.senat.fr/scrutin-public/2023/scr2023-67.html
2023-68,2023-11-24T23:00:00+00:00,"sur lamendement n° I-168, présenté par M. Jean-François Husson au nom de la commission des finances, tendant à insérer un article additionnel après larticle 3 unvicies du projet de loi de finances pour 2024",,341,324,205,119,https://www.senat.fr/scrutin-public/2023/scr2023-68.html
2023-69,2023-11-24T23:00:00+00:00,"sur lamendement n° I-1131, présenté par M. Thomas Dossus et plusieurs de ses collègues, tendant à insérer un article additionnel après l'article 3 duovicies du projet de loi de finances pour 2024",,341,325,99,226,https://www.senat.fr/scrutin-public/2023/scr2023-69.html
2023-7,2023-10-22T22:00:00+00:00,sur larticle 4 de la proposition de loi relative à l'ouverture à la concurrence du réseau de bus francilien de la RATP,73072,344,343,243,100,https://www.senat.fr/scrutin-public/2023/scr2023-7.html
2023-70,2023-11-24T23:00:00+00:00,"sur lamendement n° I-891 rectifié, présenté par M. Éric Bocquet et les membres du groupe Communiste Républicain Citoyen et Écologiste  Kanaky, tendant à insérer un article additionnel après l'article 3 duovicies du projet de loi de finances pour 2024",,341,325,99,226,https://www.senat.fr/scrutin-public/2023/scr2023-70.html
2023-71,2023-11-25T23:00:00+00:00,"sur lamendement n° I-729, présenté par M. Grégory Blanc et les membres du groupe Écologiste  Solidarité et Territoires, à larticle 6 du projet de loi de finances pour 2024",,341,341,187,154,https://www.senat.fr/scrutin-public/2023/scr2023-71.html
2023-72,2023-11-26T23:00:00+00:00,"sur lamendement n° I-2136 rectifié bis, présenté par M. Gilbert-Luc Devinaz et les membres du groupe Socialiste, Écologiste et Républicain, tendant à insérer un article additionnel après larticle 11 du projet de loi de finances pour 2024",,341,324,100,224,https://www.senat.fr/scrutin-public/2023/scr2023-72.html
2023-73,2023-11-26T23:00:00+00:00,"sur l'amendement n° I-617 rectifié bis, présenté par M. Vincent Capo-Canellas et plusieurs de ses collègues, tendant à supprimer l'article 15 du projet de loi de finances pour 2024",,341,340,14,326,https://www.senat.fr/scrutin-public/2023/scr2023-73.html
2023-74,2023-11-27T23:00:00+00:00,"sur les amendements identiques n° I-807 rectifié, présenté par M. Emmanuel Capus et plusieurs de ses collègues, n° I-1021 rectifié bis, présenté par M. Olivier Rietmann et plusieurs de ses collègues, et n° I-1708 rectifié, présenté par Mme Nathalie Delattre et plusieurs de ses collègues, à l'article 22 du projet de loi de finances pour 2024",,344,341,160,181,https://www.senat.fr/scrutin-public/2023/scr2023-74.html
2023-75,2023-11-27T23:00:00+00:00,"sur l'amendement n° I-2073 rectifié bis, présenté par M. Thierry Cozic et les membres du groupe Socialiste, Écologiste et Républicain, tendant à insérer un article additionnel après l'article 22 du projet de loi de finances pour 2024",,344,341,170,171,https://www.senat.fr/scrutin-public/2023/scr2023-75.html
2023-76,2023-11-27T23:00:00+00:00,"sur les amendements identiques n° I-536 rectifié, présenté par Mme Françoise Gatel et plusieurs de ses collègues, n° I-1714 rectifié, présenté par Mme Nathalie Delattre et plusieurs de ses collègues et n° I-2154, présenté par Mme Corinne Narassiguin et les membres du groupe Socialiste, Écologiste et Républicain, à l'article 24 du projet de loi de finances pour 2024",,341,340,136,204,https://www.senat.fr/scrutin-public/2023/scr2023-76.html
2023-77,2023-11-27T23:00:00+00:00,"sur lamendement n° I-2107 rectifié bis, présenté par Mme Monique de Marco et les membres du groupe Écologiste  Solidarité et Territoires, tendant à insérer un article additionnel après larticle 27 du projet de loi de finances pour 2024",,341,340,41,299,https://www.senat.fr/scrutin-public/2023/scr2023-77.html
2023-78,2023-11-28T23:00:00+00:00,"sur les amendements identiques n° I-83 rectifié ter, présenté par M. Jean-Claude Anglars et plusieurs de ses collègues, n° I-265 rectifié quater, présenté par Mme Jocelyne Guidez et plusieurs de ses collègues, n° I-283 rectifié bis, présenté par M. Franck Menonville et plusieurs de ses collègues, n° I-813 rectifié bis, présenté par M. Emmanuel Capus et plusieurs de ses collègues, n° I-1117 rectifié bis, présenté par M. Pierre Jean Rochette et plusieurs de ses collègues, n° I-1254 rectifié ter, présenté par M. Fabien Genet et plusieurs de ses collègues, n° I-1331, présenté par M. Laurent Duplomb et plusieurs de ses collègues, n° I-1652 rectifié bis, présenté par M. Christian Bilhac et plusieurs de ses collègues, n° I-1779 rectifié quater, présenté par M. Jean-François Longeot et plusieurs de ses collègues, n° I-1813, présenté par M. Daniel Salmon et les membres du groupe Écologiste - Solidarité et Territoires, n° I-2102 rectifié, présenté par Mme Patricia Schillinger et plusieurs de ses collègues, et n° I-2176, présenté par M. Jean-Claude Tissot et les membres du groupe Socialiste, Écologiste et Républicain, à larticle 28 du projet de loi de finances pour 2024",,341,339,339,0,https://www.senat.fr/scrutin-public/2023/scr2023-78.html
2023-79,2023-11-29T23:00:00+00:00,sur l'ensemble de la première partie du projet de loi de finances pour 2024,,345,322,219,103,https://www.senat.fr/scrutin-public/2023/scr2023-79.html
2023-8,2023-10-22T22:00:00+00:00,sur lensemble de la proposition de loi relative à l'ouverture à la concurrence du réseau de bus francilien de la RATP,73072,344,343,243,100,https://www.senat.fr/scrutin-public/2023/scr2023-8.html
2023-80,2023-11-30T23:00:00+00:00,"sur la motion n° 1, présentée par Mme Élisabeth Doineau au nom de la commission des affaires sociales, tendant à opposer la question préalable au projet de loi de financement de la sécurité sociale pour 2024 (nouvelle lecture)",,341,324,286,38,https://www.senat.fr/scrutin-public/2023/scr2023-80.html
2023-81,2023-11-30T23:00:00+00:00,"sur les amendements identiques n° II-262, présenté par  Mme Mathilde Ollivier les membres du 
groupe Écologiste - Solidarité et Territoires, et n° II-417 rectifié bis, présenté par Mme Annick Billon et plusieurs de ses collègues, sur les crédits de la mission « Cohésion des territoires » figurant à l'état B du projet de loi de finances pour 2024",,341,319,170,149,https://www.senat.fr/scrutin-public/2023/scr2023-81.html
2023-82,2023-11-30T23:00:00+00:00,"sur lamendement n° II-298 rectifié bis, présenté par M. Simon Uzenat et les membres du groupe Socialiste, Écologiste et Républicain, sur les crédits de la mission « Cohésion des territoires » figurant à l'état B du projet de loi de finances pour 2024",,341,341,115,226,https://www.senat.fr/scrutin-public/2023/scr2023-82.html
2023-83,2023-11-30T23:00:00+00:00,"sur lamendement n° II-297, présenté par M. Simon Uzenat et les membres du groupe Socialiste, Écologiste et Républicain, sur les crédits de la mission « Cohésion des territoires » figurant à l'état B du projet de loi de finances pour 2024",,341,341,115,226,https://www.senat.fr/scrutin-public/2023/scr2023-83.html
2023-84,2023-11-30T23:00:00+00:00,sur les crédits de la mission « Cohésion des territoires » figurant à l'état B du projet de loi de finances pour 2024,,341,328,27,301,https://www.senat.fr/scrutin-public/2023/scr2023-84.html
2023-85,2023-12-01T23:00:00+00:00,"sur les amendements identiques n° II-540 rectifié, présenté par Mme Ghislaine Senée et les membres du groupe Écologiste - Solidarité et Territoires, n° II-572 rectifié, présenté par M. Fabien Gay et les membres du groupe Communiste Républicain Citoyen et Écologiste - Kanaky, et n° II-614 rectifié, présenté par M. Franck Montaugé et les membres du groupe Socialiste, Écologiste et Républicain, sur les crédits du compte spécial « Participations financières de lÉtat » figurant à l'état D du projet de loi de finances pour 2024",,344,340,113,227,https://www.senat.fr/scrutin-public/2023/scr2023-85.html
2023-86,2023-12-01T23:00:00+00:00,"sur lamendement n° II-491, présenté par Mme Audrey Linkenheld et les membres du groupe Socialiste, Écologiste et Républicain, sur les crédits de la mission « Direction de laction du Gouvernement » figurant à l'état B du projet de loi de finances pour 2024",,344,324,115,209,https://www.senat.fr/scrutin-public/2023/scr2023-86.html
2023-87,2023-12-01T23:00:00+00:00,"sur l'amendement n° II-631 rectifié bis, présenté par M. Éric Kerrouche et plusieurs de ses collègues, tendant à insérer un article additionnel après l'article 50 F, rattaché à la mission « Direction de laction du Gouvernement », du projet de loi de finances pour 2024",,344,325,99,226,https://www.senat.fr/scrutin-public/2023/scr2023-87.html
2023-88,2023-12-03T23:00:00+00:00,"sur lamendement n° II-755 rectifié, présenté par MM. Olivier Jacquin et Michaël Weber, sur les crédits de la mission « Écologie » figurant à l'état B du projet de loi de finances pour 2024",,341,341,99,242,https://www.senat.fr/scrutin-public/2023/scr2023-88.html
2023-89,2023-12-04T23:00:00+00:00,"sur lamendement n° II-7, présenté par M. Vincent Delahaye au nom de la commission des finances, sur les crédits de la mission « Santé » figurant à l'état B du projet de loi de finances pour 2024",,343,340,180,160,https://www.senat.fr/scrutin-public/2023/scr2023-89.html
2023-9,2023-10-23T22:00:00+00:00,"sur l'amendement n° 2 rectifié quinquies, présenté par M. Jean-Luc Fichet et plusieurs de ses collègues, tendant à insérer un article additionnel après l'article 2 bis de la proposition de loi visant à améliorer l'accès aux soins par l'engagement territorial des professionnels",72083,342,307,70,237,https://www.senat.fr/scrutin-public/2023/scr2023-9.html
2023-90,2023-12-06T23:00:00+00:00,"sur les amendements identiques n° II-1113 rectifié, présenté par M. Victorin Lurel et plusieurs de ses collègues, et n° II-1131, présenté par Mme Micheline Jacques, à larticle 55 rattaché à lexamen des crédits de la mission Outre-mer du projet de loi de finances pour 2024",,341,278,238,40,https://www.senat.fr/scrutin-public/2023/scr2023-90.html
2023-91,2023-12-06T23:00:00+00:00,"sur l'amendement n° II-538 rectifié ter, présenté par M. François Patriat et plusieurs de ses collègues, sur les crédits de la mission « Culture » figurant à l'état B du projet de loi de finances pour 2024",,341,157,157,0,https://www.senat.fr/scrutin-public/2023/scr2023-91.html
2023-92,2023-12-06T23:00:00+00:00,"sur lamendement n° II-5, présenté par M. Jean-Raymond Hugonet au nom de la commission des finances, sur les crédits du compte spécial « Avances à laudiovisuel public » figurant à l'état D du projet de loi de finances pour 2024",,340,338,129,209,https://www.senat.fr/scrutin-public/2023/scr2023-92.html
2023-93,2023-12-07T23:00:00+00:00,"sur lamendement n° II-31, présenté par Mme Nathalie Goulet au nom de la commission des finances, sur les crédits de la mission « Action extérieure de lÉtat » figurant à l'état B du projet de loi de finances pour 2024",,295,294,129,165,https://www.senat.fr/scrutin-public/2023/scr2023-93.html
2023-94,2023-12-07T23:00:00+00:00,"sur lamendement n° II-32, présenté par MM. Michel Canévet et Raphaël Daubet, au nom de la commission des finances, sur les crédits de la mission « Aide publique au développement » figurant à l'état B du projet de loi de finances pour 2024",,293,285,144,141,https://www.senat.fr/scrutin-public/2023/scr2023-94.html
2023-95,2023-12-07T23:00:00+00:00,"sur lamendement n° II-672, présenté par M. Franck Montaugé et les membres du groupe Socialiste, Écologiste et Républicain sur les crédits de la mission « Agriculture, alimentation, forêt et affaires rurales » figurant à l'état B du projet de loi de finances pour 2024",,341,324,98,226,https://www.senat.fr/scrutin-public/2023/scr2023-95.html
2023-96,2023-12-07T23:00:00+00:00,"sur lamendement n° II-661, présenté par M. Franck Montaugé et les membres du groupe Socialiste, Écologiste et Républicain sur les crédits de la mission « Agriculture, alimentation, forêt et affaires rurales » figurant à l'état B du projet de loi de finances pour 2024",,341,341,117,224,https://www.senat.fr/scrutin-public/2023/scr2023-96.html
2023-97,2023-12-10T23:00:00+00:00,sur les crédits de la mission « Justice » figurant à l'état B du projet de loi de finances pour 2024,,341,324,306,18,https://www.senat.fr/scrutin-public/2023/scr2023-97.html
2023-99,2023-12-12T23:00:00+00:00,"sur l'ensemble de la proposition de loi visant à favoriser le réemploi des véhicules, au service des mobilités durables et solidaires sur les territoires",72964,341,341,341,0,https://www.senat.fr/scrutin-public/2023/scr2023-99.html
2024-1,2024-10-09T22:00:00+00:00,"sur lamendement n° 3, présenté par M. Pascal Savoldelli et les membres du groupe Communiste Républicain Citoyen et Écologiste - Kanaky, à larticle 1er de la  proposition de loi visant à mettre en place une imposition des sociétés plus juste et plus écologique",72703,331,267,34,233,https://www.senat.fr/scrutin-public/2024/scr2024-1.html
2024-10,2024-10-15T22:00:00+00:00,sur l'ensemble de la proposition de loi portant programmation nationale et simplification normative dans le secteur économique de l'énergie,74288,331,323,220,103,https://www.senat.fr/scrutin-public/2024/scr2024-10.html
2024-100,2024-11-29T23:00:00+00:00,"sur les amendements identiques n° I-77 rectifié, présenté par M. Antoine Lefèvre et plusieurs de ses collègues, n° I-444 rectifié bis, présenté par M. Philippe Grosvalet et plusieurs de ses collègues, n° I-593 rectifié, présenté par MM. Pierre-Jean Verzelen et Vincent Louault, n° I-626 rectifié bis, présenté par Mme Brigitte Devésa et plusieurs de ses collègues, n° I-717 rectifié bis, présenté par M. Pascal Savoldelli et les membres du groupe Communiste Républicain Citoyen et Écologiste - Kanaky, n° I-935, présenté par M. Thierry Cozic et les membres du groupe Socialiste, Écologiste et Républicain, n° I-1188 rectifié, présenté par Mme Ghislaine Senée et les membres du groupe Écologiste - Solidarité et Territoires, n° I-1216 rectifié ter, présenté par Mme Annick Jacquemet et plusieurs de ses collègues, et n° I-1586 rectifié, présenté par M. Arnaud Bazin et Mme Jacqueline Eustache-Brinio, à l'article 29 du projet de loi de finances pour 2025",,340,339,136,203,https://www.senat.fr/scrutin-public/2024/scr2024-100.html
2024-101,2024-11-29T23:00:00+00:00,"sur les amendements identiques n° I-939, présenté par M. Patrick Kanner et les membres du groupe Socialiste, Écologiste et Républicain, et n° I-1189, présenté par Mme Ghislaine Senée et les membres du groupe Écologiste - Solidarité et Territoires, à larticle 29 du projet de loi de finances pour 2025",,340,340,120,220,https://www.senat.fr/scrutin-public/2024/scr2024-101.html
2024-102,2024-11-29T23:00:00+00:00,"sur les amendements identiques n° I-149, présenté par Mme Frédérique Espagnac, et n° I-612 rectifié bis, présenté par Mme Brigitte Devésa et plusieurs de ses collègues, à larticle 29 du projet de loi de finances pour 2025",,340,340,120,220,https://www.senat.fr/scrutin-public/2024/scr2024-102.html
2024-103,2024-11-29T23:00:00+00:00,"sur les amendements identiques n° I-445 rectifié, présenté par M. Philippe Grosvalet et plusieurs de ses collègues, n° I-721, présenté par Mme Cécile Cukierman et plusieurs de ses collègues, n° I-878 rectifié quater, présenté par M. Vincent Louault et plusieurs de ses collègues, n° I-947, présenté par M. Thierry Cozic et les membres du groupe Socialiste, Écologiste et Républicain, et n° I-1191, présenté par Mme Ghislaine Senée et les membres du groupe Écologiste - Solidarité et Territoires, tendant à supprimer l'article 31 du projet de loi de finances pour 2025",,340,340,115,225,https://www.senat.fr/scrutin-public/2024/scr2024-103.html
2024-104,2024-11-29T23:00:00+00:00,"sur les amendements identiques n° I-1484 rectifié ter, présenté par Mme Christine Lavarde et plusieurs de ses collègues, et n° I-1779 rectifié ter, présenté par M. Rémi Féraud et plusieurs de ses collègues, tendant à insérer un article additionnel après l'article 31 du projet de loi de finances pour 2025",,341,340,340,0,https://www.senat.fr/scrutin-public/2024/scr2024-104.html
2024-105,2024-11-29T23:00:00+00:00,"sur lamendement n° I-299 rectifié bis, présenté par M. Max Brisson et plusieurs de ses collègues, tendant à insérer un article additionnel après l'article 31 du projet de loi de finances pour 2025",,341,339,165,174,https://www.senat.fr/scrutin-public/2024/scr2024-105.html
2024-106,2024-11-30T23:00:00+00:00,"sur lamendement n° I-2295, présenté par le Gouvernement, à larticle 41 du projet de loi de finances pour 2025",,343,277,226,51,https://www.senat.fr/scrutin-public/2024/scr2024-106.html
2024-107,2024-11-30T23:00:00+00:00,"sur lamendement n° I-2197, présenté par M. Jean-François Husson au nom de la commission des finances, à larticle 41 du projet de loi de finances pour 2025",,343,329,228,101,https://www.senat.fr/scrutin-public/2024/scr2024-107.html
2024-108,2024-11-30T23:00:00+00:00,"sur l'amendement n° A-20, présenté par M. Jean-François Husson au nom de la commission des finances, tendant à supprimer larticle 2 ter du projet de loi de finances pour 2025",,242,242,241,1,https://www.senat.fr/scrutin-public/2024/scr2024-108.html
2024-109,2024-11-30T23:00:00+00:00,"sur l'amendement n° A-5, présenté par le Gouvernement, tendant à supprimer larticle 3 ter du projet de loi de finances pour 2025",,242,239,225,14,https://www.senat.fr/scrutin-public/2024/scr2024-109.html
2024-11,2024-10-16T22:00:00+00:00,"sur lamendement n° 10 rectifié, présenté par M. Max Brisson et plusieurs de ses collègues, tendant à supprimer larticle 1er de la proposition de loi visant à renforcer l'indépendance des médias et à mieux protéger les journalistes",74724,330,328,215,113,https://www.senat.fr/scrutin-public/2024/scr2024-11.html
2024-110,2024-11-30T23:00:00+00:00,"sur l'amendement n° A-3, présenté par le Gouvernement, tendant à supprimer larticle 3 decies du projet de loi de finances pour 2025",,242,240,226,14,https://www.senat.fr/scrutin-public/2024/scr2024-110.html
2024-111,2024-11-30T23:00:00+00:00,"sur l'amendement n° A-4, présenté par le Gouvernement, à larticle 7 du projet de loi de finances pour 2025",,242,242,228,14,https://www.senat.fr/scrutin-public/2024/scr2024-111.html
2024-112,2024-11-30T23:00:00+00:00,"sur l'amendement n° A-21, présenté par M. Jean-François Husson au nom de la commission des finances, à larticle 9 bis du projet de loi de finances pour 2025",,242,242,227,15,https://www.senat.fr/scrutin-public/2024/scr2024-112.html
2024-113,2024-11-30T23:00:00+00:00,"sur l'amendement n° A-19, présenté par le Gouvernement, à larticle 10 du projet de loi de finances pour 2025",,242,242,228,14,https://www.senat.fr/scrutin-public/2024/scr2024-113.html
2024-114,2024-11-30T23:00:00+00:00,"sur l'amendement n° A-12, présenté par le Gouvernement, tendant à supprimer larticle 10 duodecies du projet de loi de finances pour 2025",,242,242,207,35,https://www.senat.fr/scrutin-public/2024/scr2024-114.html
2024-115,2024-11-30T23:00:00+00:00,"sur l'amendement n° A-13, présenté par le Gouvernement, tendant à supprimer larticle 11 bis du projet de loi de finances pour 2025",,242,242,226,16,https://www.senat.fr/scrutin-public/2024/scr2024-115.html
2024-116,2024-11-30T23:00:00+00:00,"sur l'amendement n° A-15, présenté par le Gouvernement, tendant à supprimer larticle 11 ter du projet de loi de finances pour 2025",,242,242,228,14,https://www.senat.fr/scrutin-public/2024/scr2024-116.html
2024-117,2024-11-30T23:00:00+00:00,"sur l'amendement n° A-9, présenté par le Gouvernement, tendant à supprimer larticle 11 sexies du projet de loi de finances pour 2025",,242,241,225,16,https://www.senat.fr/scrutin-public/2024/scr2024-117.html
2024-118,2024-11-30T23:00:00+00:00,"sur l'amendement n° A-10, présenté par le Gouvernement, tendant à supprimer l'article 11 septies du projet de loi de finances pour 2025",,242,241,225,16,https://www.senat.fr/scrutin-public/2024/scr2024-118.html
2024-119,2024-11-30T23:00:00+00:00,"sur l'amendement n° A-17, présenté par le Gouvernement, à larticle 14 bis du projet de loi de finances pour 2025",,242,240,206,34,https://www.senat.fr/scrutin-public/2024/scr2024-119.html
2024-12,2024-10-16T22:00:00+00:00,"sur lamendement n° 6 rectifié bis, présenté par M. Cédric Vial et plusieurs de ses collègues, tendant à supprimer larticle 2 de la proposition de loi visant à renforcer l'indépendance des médias et à mieux protéger les journalistes",74724,333,333,221,112,https://www.senat.fr/scrutin-public/2024/scr2024-12.html
2024-120,2024-11-30T23:00:00+00:00,"sur l'amendement n° A-22, présenté par M. Jean-François Husson au nom de la commission des finances, à larticle 14 bis du projet de loi de finances pour 2025",,242,242,210,32,https://www.senat.fr/scrutin-public/2024/scr2024-120.html
2024-121,2024-11-30T23:00:00+00:00,"sur l'amendement n° A-14, présenté par le Gouvernement, tendant à supprimer larticle 14 quater du projet de loi de finances pour 2025",,242,239,205,34,https://www.senat.fr/scrutin-public/2024/scr2024-121.html
2024-122,2024-11-30T23:00:00+00:00,"sur l'amendement n° A-6, présenté par le Gouvernement, tendant à supprimer larticle 17 bis du projet de loi de finances pour 2025",,242,240,224,16,https://www.senat.fr/scrutin-public/2024/scr2024-122.html
2024-123,2024-11-30T23:00:00+00:00,"sur l'amendement n° A-7, présenté par le Gouvernement, tendant à supprimer larticle 17 ter du projet de loi de finances pour 2025",,242,240,224,16,https://www.senat.fr/scrutin-public/2024/scr2024-123.html
2024-124,2024-11-30T23:00:00+00:00,"sur l'amendement n° A-8, présenté par le Gouvernement, tendant à supprimer larticle 17 quater du projet de loi de finances pour 2025",,242,240,224,16,https://www.senat.fr/scrutin-public/2024/scr2024-124.html
2024-125,2024-11-30T23:00:00+00:00,"sur l'amendement n° A-2, présenté par le Gouvernement, tendant à supprimer larticle 19 ter du projet de loi de finances pour 2025",,242,218,204,14,https://www.senat.fr/scrutin-public/2024/scr2024-125.html
2024-126,2024-11-30T23:00:00+00:00,"sur l'amendement n° A-23, présenté par M. Jean-François Husson au nom de la commission des finances, tendant à supprimer larticle 24 bis du projet de loi de finances pour 2025",,242,240,226,14,https://www.senat.fr/scrutin-public/2024/scr2024-126.html
2024-127,2024-11-30T23:00:00+00:00,"sur l'amendement n° A-1, présenté par le Gouvernement, tendant à supprimer larticle 24 quinquies du projet de loi de finances pour 2025",,242,242,227,15,https://www.senat.fr/scrutin-public/2024/scr2024-127.html
2024-128,2024-11-30T23:00:00+00:00,"sur l'amendement n° A-18, présenté par le Gouvernement, à larticle 26 du projet de loi de finances pour 2025",,242,242,228,14,https://www.senat.fr/scrutin-public/2024/scr2024-128.html
2024-129,2024-11-30T23:00:00+00:00,"sur l'amendement n° A-24, présenté par M. Jean-François Husson au nom de la commission des finances, à larticle 26 quater du projet de loi de finances pour 2025",,241,239,207,32,https://www.senat.fr/scrutin-public/2024/scr2024-129.html
2024-13,2024-10-16T22:00:00+00:00,"sur lamendement n° 1 rectifié quinquies, présenté par M. Michel Laugier et plusieurs de ses collègues, tendant à supprimer larticle 6 de la proposition de loi visant à renforcer l'indépendance des médias et à mieux protéger les journalistes",74724,330,330,220,110,https://www.senat.fr/scrutin-public/2024/scr2024-13.html
2024-130,2024-11-30T23:00:00+00:00,"sur l'amendement n° A-25, présenté par M. Jean-François Husson, au nom de la commission des finances, tendant à supprimer larticle 30 bis du projet de loi de finances pour 2025",,242,241,224,17,https://www.senat.fr/scrutin-public/2024/scr2024-130.html
2024-131,2024-11-30T23:00:00+00:00,"sur l'amendement n° A-11, présenté par le Gouvernement, tendant à supprimer larticle 31 ter du projet de loi de finances pour 2025",,242,242,228,14,https://www.senat.fr/scrutin-public/2024/scr2024-131.html
2024-132,2024-11-30T23:00:00+00:00,"sur l'amendement n° A-16, présenté par le Gouvernement, à larticle 40 du projet de loi de finances pour 2025",,242,242,228,14,https://www.senat.fr/scrutin-public/2024/scr2024-132.html
2024-133,2024-11-30T23:00:00+00:00,"sur l'amendement n° A-27 rectifié, présenté par le Gouvernement, à larticle 41 du projet de loi de finances pour 2025",,242,237,223,14,https://www.senat.fr/scrutin-public/2024/scr2024-133.html
2024-134,2024-11-30T23:00:00+00:00,"sur l'amendement n° A-26 rectifié, présenté par le Gouvernement, à larticle liminaire du projet de loi de finances pour 2025",,242,237,223,14,https://www.senat.fr/scrutin-public/2024/scr2024-134.html
2024-135,2024-11-30T23:00:00+00:00,sur l'ensemble de la première partie du projet de loi de finances pour 2025,,245,215,200,15,https://www.senat.fr/scrutin-public/2024/scr2024-135.html
2024-136,2024-12-01T23:00:00+00:00,"sur lamendement n° II-18, présenté par M. Olivier Paccaud au nom de la commission des finances, sur les crédits de la mission « Enseignement scolaire » figurant à l'état B du projet de loi de finances pour 2025",,344,344,228,116,https://www.senat.fr/scrutin-public/2024/scr2024-136.html
2024-137,2024-12-01T23:00:00+00:00,"sur les amendements identiques n° II-19, présenté par M. Olivier Paccaud au nom de la commission des finances, et n° II-543 rectifié bis, présenté par Mme Annick Billon et plusieurs de ses collègues, sur les crédits de la mission « Enseignement scolaire » figurant à l'état B du projet de loi de finances pour 2025",,343,309,193,116,https://www.senat.fr/scrutin-public/2024/scr2024-137.html
2024-138,2024-12-01T23:00:00+00:00,"sur lamendement n° II-451, présenté par M. Yan Chantrel et les membres du groupe Socialiste, Écologiste et Républicain, sur les crédits de la mission « Enseignement scolaire » figurant à l'état B du projet de loi de finances pour 2025",,343,343,115,228,https://www.senat.fr/scrutin-public/2024/scr2024-138.html
2024-139,2024-12-01T23:00:00+00:00,"sur les amendements identiques n° II-21, présenté par M. Olivier Paccaud au nom de la commission des finances, n° II-150 rectifié, présenté par M. Jacques Grosperrin au nom de la commission de la culture, n° II-289, présenté par Mme Mathilde Ollivier et plusieurs de ses collègues, et n° II-544 rectifié bis, présenté par Mme Annick Billon et les membres du groupe Union Centriste, sur les crédits de la mission « Enseignement scolaire » figurant à l'état B du projet de loi de finances pour 2025",,340,340,340,0,https://www.senat.fr/scrutin-public/2024/scr2024-139.html
2024-14,2024-10-16T22:00:00+00:00,"sur lamendement n° 15 rectifié, présenté par Mme Monique de Marco et plusieurs de ses collègues, tendant à insérer un article additionnel après l'article 6 de la proposition de loi visant à renforcer l'indépendance des médias et à mieux protéger les journalistes",74724,330,330,110,220,https://www.senat.fr/scrutin-public/2024/scr2024-14.html
2024-140,2024-12-01T23:00:00+00:00,"sur les amendements identiques n° II-36, présenté par M. Vincent Delahaye au nom de la commission des finances, et n° II-249, présenté par Mme Florence Lassarade au nom de la commission des affaires sociales, sur les crédits de la mission « Santé » figurant à l'état B du projet de loi de finances pour 2025",,340,327,201,126,https://www.senat.fr/scrutin-public/2024/scr2024-140.html
2024-141,2024-12-01T23:00:00+00:00,"sur les amendements identiques n° II-86 rectifié, présenté par M. Michel Canévet et plusieurs de ses collègues, et n° II-577, présenté par le Gouvernement, sur les crédits de la mission « Santé » figurant à l'état B du projet de loi de finances pour 2025",,340,310,204,106,https://www.senat.fr/scrutin-public/2024/scr2024-141.html
2024-142,2024-12-01T23:00:00+00:00,"sur les amendements identiques n° II-37, présenté par M. Vincent Delahaye au nom de la commission des finances, et n° II-250, présenté par Mme Florence Lassarade au nom de la commission des affaires sociales, sur les crédits de la mission « Santé » figurant à l'état B du projet de loi de finances pour 2025",,340,337,210,127,https://www.senat.fr/scrutin-public/2024/scr2024-142.html
2024-143,2024-12-01T23:00:00+00:00,"sur lamendement n° II-353, présenté par M. Grégory Blanc, sur les crédits de la mission « Sécurités » figurant à l'état B du projet de loi de finances pour 2025",,343,343,113,230,https://www.senat.fr/scrutin-public/2024/scr2024-143.html
2024-144,2024-12-01T23:00:00+00:00,"sur lamendement n° II-360, présenté par M. Jérôme Durain et les membres du groupe Socialiste, Écologiste et Républicain, sur les crédits de la mission « Sécurités » figurant à l'état B du projet de loi de finances pour 2025",,343,325,112,213,https://www.senat.fr/scrutin-public/2024/scr2024-144.html
2024-145,2024-12-02T23:00:00+00:00,"sur l'amendement n° II-1099, présenté par Mme Raymonde Poncet Monge et les membres du groupe Écologiste - Solidarité et Territoires, sur les crédits de la mission « Travail, emploi et administration des ministères sociaux » figurant à l'état B du projet de loi de finances pour 2025",,340,325,98,227,https://www.senat.fr/scrutin-public/2024/scr2024-145.html
2024-146,2024-12-02T23:00:00+00:00,"sur lamendement n° II-767, présenté par Mme Marie-Pierre de La Gontrie et les membres du groupe Socialiste, Écologiste et Républicain, sur les crédits de la mission « Justice » figurant à l'état B du projet de loi de finances pour 2025",,340,326,98,228,https://www.senat.fr/scrutin-public/2024/scr2024-146.html
2024-147,2024-12-03T23:00:00+00:00,sur l'ensemble du texte élaboré par la commission mixte paritaire sur le projet de loi de finances de fin de gestion pour 2024,,340,340,243,97,https://www.senat.fr/scrutin-public/2024/scr2024-147.html
2024-148,2024-12-03T23:00:00+00:00,"sur les amendements identiques n° II-11 rectifié, présenté par M. Stéphane Sautarel au nom de la commission des finances, et n° II-248 rectifié, présenté par M. Jean-Michel Arnaud au nom de la commission des lois, tendant à insérer un article additionnel après larticle 64 du projet de loi de finances pour 2025",,343,310,183,127,https://www.senat.fr/scrutin-public/2024/scr2024-148.html
2024-149,2024-12-17T23:00:00+00:00,sur l'ensemble du projet de loi spéciale prévue par l'article 45 de la loi organique n° 2001-692 du 1er août 2001 relative aux lois de finances,,346,345,345,0,https://www.senat.fr/scrutin-public/2024/scr2024-149.html
2024-15,2024-10-16T22:00:00+00:00,"sur lamendement n° 2 rectifié quinquies, présenté par M. Michel Laugier et plusieurs de ses collègues, à larticle 7 de la proposition de loi visant à renforcer l'indépendance des médias et à mieux protéger les journalistes",74724,330,330,220,110,https://www.senat.fr/scrutin-public/2024/scr2024-15.html
2024-150,2025-01-13T23:00:00+00:00,"sur les amendements identiques n° 2 rectifié, présenté par Mme Véronique Guillotin et plusieurs de ses collègues, n° 3 rectifié quater, présenté par Mme Nadia Sollogoub et plusieurs de ses collègues, et n° 4, présenté par M. Xavier Iacovelli et les membres du groupe Rassemblement des démocrates, progressistes et indépendants, à larticle unique de la proposition de loi visant à prolonger la dérogation d'usage des titres-restaurant pour tout produit alimentaire",75366,340,337,220,117,https://www.senat.fr/scrutin-public/2024/scr2024-150.html
2024-151,2025-01-15T23:00:00+00:00,"sur les amendements identiques n° II-1172 rectifié, présenté par M. Pierre Jean Rochette et plusieurs de ses collègues, et n° II-2071, présenté par le Gouvernement, sur les crédits de la mission « Aide publique au développement » figurant à l'état B du projet de loi de finances pour 2025",,340,319,207,112,https://www.senat.fr/scrutin-public/2024/scr2024-151.html
2024-152,2025-01-15T23:00:00+00:00,"sur lamendement n° II-1327 rectifié, présenté par Mme Michelle Gréaume et les membres du groupe Communiste Républicain Citoyen et Écologiste - Kanaky, sur les crédits de la mission « Aide publique au développement » figurant à l'état B du projet de loi de finances pour 2025",,340,340,112,228,https://www.senat.fr/scrutin-public/2024/scr2024-152.html
2024-153,2025-01-15T23:00:00+00:00,sur les crédits de la mission « Aide publique au développement » figurant à l'état B du projet de loi de finances pour 2025,,340,340,228,112,https://www.senat.fr/scrutin-public/2024/scr2024-153.html
2024-154,2025-01-16T23:00:00+00:00,"sur lamendement n° II-2105, présenté par le Gouvernement, sur les crédits de la mission « Culture » figurant à l'état B du projet de loi de finances pour 2025",,340,340,340,0,https://www.senat.fr/scrutin-public/2024/scr2024-154.html
2024-155,2025-01-16T23:00:00+00:00,"sur lamendement n° II-2091, présenté par le Gouvernement, sur les crédits de la mission « Culture » figurant à l'état B du projet de loi de finances pour 2025",,340,323,222,101,https://www.senat.fr/scrutin-public/2024/scr2024-155.html
2024-156,2025-01-16T23:00:00+00:00,"sur lamendement n° II-2102, présenté par le Gouvernement, sur les crédits de la mission « Agriculture, alimentation, forêt et affaires rurales » figurant à l'état B du projet de loi de finances pour 2025",,340,322,2,320,https://www.senat.fr/scrutin-public/2024/scr2024-156.html
2024-157,2025-01-16T23:00:00+00:00,"sur les amendements identiques n° II-675 rectifié, présenté par Mme Marie-Lise Housseau et plusieurs de ses collègues, n° II-800 rectifié, présenté par M. Sébastien Pla et plusieurs de ses collègues, n° II-1468, présenté par M. Gérard Lahellec et les membres du groupe Communiste Républicain Citoyen et Écologiste - Kanaky, et n° II-1560 rectifié quater, présenté par M. Lucien Stanzione et plusieurs de ses collègues, sur les crédits de la mission « Agriculture, alimentation, forêt et affaires rurales » figurant à l'état B du projet de loi de finances pour 2025",,340,340,114,226,https://www.senat.fr/scrutin-public/2024/scr2024-157.html
2024-158,2025-01-17T23:00:00+00:00,"sur les amendements identiques n° II-236 rectifié, présenté par Mme Monique de Marco et les membres du groupe Écologiste - Solidarité et Territoires, et n° II-452, présenté par Mme Karine Daniel et les membres du groupe Socialiste, Écologiste et Républicain, sur les crédits de la mission « Enseignement scolaire » figurant à l'état B du projet de loi de finances pour 2025",,340,340,115,225,https://www.senat.fr/scrutin-public/2024/scr2024-158.html
2024-159,2025-01-17T23:00:00+00:00,"sur lamendement n° II-433, présenté par Mme Colombe Brossel et les membres du groupe Socialiste, Écologiste et Républicain, sur les crédits de la mission « Enseignement scolaire » figurant à l'état B du projet de loi de finances pour 2025",,340,340,115,225,https://www.senat.fr/scrutin-public/2024/scr2024-159.html
2024-16,2024-10-16T22:00:00+00:00,sur lensemble de la proposition de loi visant à mettre à contribution les Ehpad privés à but lucratif réalisant des profits excessifs,74552,330,328,111,217,https://www.senat.fr/scrutin-public/2024/scr2024-16.html
2024-160,2025-01-17T23:00:00+00:00,"sur lamendement n° II-485, présenté par Mme Monique de Marco et les membres du groupe Écologiste - Solidarité et Territoires, sur les crédits de la mission « Enseignement scolaire » figurant à l'état B du projet de loi de finances pour 2025",,340,320,115,205,https://www.senat.fr/scrutin-public/2024/scr2024-160.html
2024-161,2025-01-17T23:00:00+00:00,"sur les amendements identiques n° II-205 rectifié, présenté par M. Ahmed Laouedj et plusieurs de ses collègues, n° II-449, présenté par Mme Colombe Brossel et les membres du groupe Socialiste, Écologiste et Républicain, et n° II-470, présenté par Mme Samantha Cazebonne et les membres du groupe Rassemblement des démocrates, progressistes et indépendants, sur les crédits de la mission « Enseignement scolaire » figurant à l'état B du projet de loi de finances pour 2025",,340,340,135,205,https://www.senat.fr/scrutin-public/2024/scr2024-161.html
2024-162,2025-01-17T23:00:00+00:00,"sur lamendement n° II-79 rectifié, présenté par Mme Mathilde Ollivier et les membres du groupe Écologiste - Solidarité et Territoires, sur les crédits de la mission « Enseignement scolaire » figurant à l'état B du projet de loi de finances pour 2025",,340,340,135,205,https://www.senat.fr/scrutin-public/2024/scr2024-162.html
2024-163,2025-01-17T23:00:00+00:00,"sur lamendement n° II-80 rectifié, présenté par Mme Mathilde Ollivier et les membres du groupe Écologiste - Solidarité et Territoires, sur les crédits de la mission « Enseignement scolaire » figurant à l'état B du projet de loi de finances pour 2025",,340,323,98,225,https://www.senat.fr/scrutin-public/2024/scr2024-163.html
2024-164,2025-01-19T23:00:00+00:00,"sur lamendement n° II-2195, présenté par le Gouvernement, sur les crédits de la mission « Recherche et enseignement supérieur » figurant à l'état B du projet de loi de finances pour 2025",,340,339,240,99,https://www.senat.fr/scrutin-public/2024/scr2024-164.html
2024-165,2025-01-19T23:00:00+00:00,"sur les amendements identiques n° II-1188 rectifié ter, présenté par Mme Mireille Jouve et plusieurs de ses collègues, et n° II-1628, présenté par M. Yan Chantrel et les membres du groupe Socialiste, Écologiste et Républicain, sur les crédits de la mission « Recherche et enseignement supérieur » figurant à l'état B du projet de loi de finances pour 2025",,340,337,115,222,https://www.senat.fr/scrutin-public/2024/scr2024-165.html
2024-166,2025-01-20T23:00:00+00:00,"sur lamendement n° II-1888, présenté par M. Yan Chantrel et les membres du groupe Socialiste, Écologiste et Républicain, sur les crédits de la mission « Action extérieure de lÉtat » figurant à l'état B du projet de loi de finances pour 2025",,340,338,112,226,https://www.senat.fr/scrutin-public/2024/scr2024-166.html
2024-167,2025-01-20T23:00:00+00:00,"sur lamendement n° II-2121 rectifié, présenté par Mme Marianne Margaté et les membres du groupe Communiste Républicain Citoyen et Écologiste - Kanaky, sur les crédits de la mission « Cohésion des territoires » figurant à l'état B du projet de loi de finances pour 2025",,340,340,111,229,https://www.senat.fr/scrutin-public/2024/scr2024-167.html
2024-168,2025-01-20T23:00:00+00:00,"sur les amendements identiques n° II-340, présenté par Mme Amel Gacquerre au nom de la commission des affaires économiques, et n° II-1450, présenté par Mme Mathilde Ollivier et les membres du groupe Écologiste - Solidarité et Territoires, sur les crédits de la mission « Cohésion des territoires » figurant à l'état B du projet de loi de finances pour 2025",,340,337,147,190,https://www.senat.fr/scrutin-public/2024/scr2024-168.html
2024-169,2025-01-20T23:00:00+00:00,"sur lamendement n° II-2028 rectifié ter, présenté par M. Ahmed Laouedj et plusieurs de ses collègues, sur les crédits de la mission « Cohésion des territoires » figurant à l'état B du projet de loi de finances pour 2025",,340,340,113,227,https://www.senat.fr/scrutin-public/2024/scr2024-169.html
2024-17,2024-10-16T22:00:00+00:00,"sur les amendements identiques n° 3 rectifié, présenté par Mme Cécile Cukierman et les membres du groupe Communiste Républicain Citoyen et Écologiste  Kanaky, n° 9 rectifié bis, présenté par Mme Maryse Carrère et plusieurs de ses collègues, n° 13 rectifié ter, présenté par M. Bernard Buis et plusieurs de ses collègues, et n° 14, présenté par M. Alain Marc au nom de la commission des lois, à larticle 1er de la proposition de loi de loi visant à assouplir la gestion des compétences « eau » et « assainissement »",74304,329,322,277,45,https://www.senat.fr/scrutin-public/2024/scr2024-17.html
2024-170,2025-01-20T23:00:00+00:00,"sur lamendement n° II-2081, présenté par Mme Olivia Richard et plusieurs de ses collègues, sur les crédits de la mission « Cohésion des territoires » figurant à l'état B du projet de loi de finances pour 2025",,340,337,114,223,https://www.senat.fr/scrutin-public/2024/scr2024-170.html
2024-171,2025-01-20T23:00:00+00:00,"sur lamendement n° II-2128, présenté par Mme Marianne Margaté et les membres du groupe Communiste Républicain Citoyen et Écologiste - Kanaky, sur les crédits de la mission « Cohésion des territoires » figurant à l'état B du projet de loi de finances pour 2025",,340,337,118,219,https://www.senat.fr/scrutin-public/2024/scr2024-171.html
2024-172,2025-01-21T23:00:00+00:00,"sur l'amendement n° II-2222, présenté par le Gouvernement, à larticle 47 du projet de loi de finances pour 2025",,340,319,136,183,https://www.senat.fr/scrutin-public/2024/scr2024-172.html
2024-173,2025-01-21T23:00:00+00:00,"sur l'amendement n° II-2220, présenté par le Gouvernement, à larticle 48 du projet de loi de finances pour 2025",,340,208,23,185,https://www.senat.fr/scrutin-public/2024/scr2024-173.html
2024-174,2025-01-21T23:00:00+00:00,"sur l'amendement n° II-1164 rectifié, présenté par M. Mathieu Darnaud et plusieurs de ses collègues, à larticle 48 du projet de loi de finances pour 2025",,340,340,146,194,https://www.senat.fr/scrutin-public/2024/scr2024-174.html
2024-176,2025-01-22T23:00:00+00:00,sur lensemble du texte élaboré par la commission mixte paritaire sur le projet de loi de financement de la sécurité sociale pour 2025,,340,326,228,98,https://www.senat.fr/scrutin-public/2024/scr2024-176.html
2024-177,2025-01-26T23:00:00+00:00,sur larticle 1er de la proposition de loi visant à lever les contraintes à l'exercice du métier d'agriculteur,75364,341,335,230,105,https://www.senat.fr/scrutin-public/2024/scr2024-177.html
2024-178,2025-01-26T23:00:00+00:00,sur larticle 2 de la proposition de loi visant à lever les contraintes à l'exercice du métier d'agriculteur,75364,324,308,197,111,https://www.senat.fr/scrutin-public/2024/scr2024-178.html
2024-179,2025-01-26T23:00:00+00:00,sur larticle 3 de la proposition de loi visant à lever les contraintes à l'exercice du métier d'agriculteur,75364,341,338,230,108,https://www.senat.fr/scrutin-public/2024/scr2024-179.html
2024-18,2024-10-16T22:00:00+00:00,sur lensemble de la proposition de loi visant à assouplir la gestion des compétences « eau » et « assainissement »,74304,331,326,282,44,https://www.senat.fr/scrutin-public/2024/scr2024-18.html
2024-180,2025-01-26T23:00:00+00:00,sur larticle 6 de la proposition de loi visant à lever les contraintes à l'exercice du métier d'agriculteur,75364,344,342,234,108,https://www.senat.fr/scrutin-public/2024/scr2024-180.html
2024-181,2025-01-26T23:00:00+00:00,sur lensemble de la proposition de loi visant à lever les contraintes à l'exercice du métier d'agriculteur,75364,344,342,233,109,https://www.senat.fr/scrutin-public/2024/scr2024-181.html
2024-182,2025-01-28T23:00:00+00:00,"sur l'amendement n° 271, présenté par le Gouvernement, à l'article 16 de la proposition de loi visant à sortir la France du piège du narcotrafic",74675,341,308,227,81,https://www.senat.fr/scrutin-public/2024/scr2024-182.html
2024-183,2025-01-29T23:00:00+00:00,"sur lensemble de la proposition de résolution, en application de l'article 34-1 de la Constitution, appelant à l'introduction de la proportionnelle pour les élections législatives",,341,314,162,152,https://www.senat.fr/scrutin-public/2024/scr2024-183.html
2024-184,2025-01-29T23:00:00+00:00,sur l'ensemble de la proposition de loi en faveur de la préservation et de la reconquête de la haie,,341,323,323,0,https://www.senat.fr/scrutin-public/2024/scr2024-184.html
2024-185,2025-02-03T23:00:00+00:00,sur lensemble de la proposition de loi visant à sortir la France du piège du narcotrafic,74675,339,339,338,1,https://www.senat.fr/scrutin-public/2024/scr2024-185.html
2024-186,2025-02-03T23:00:00+00:00,sur lensemble de la proposition de loi organique fixant le statut du procureur national anti-stupéfiants,,336,336,336,0,https://www.senat.fr/scrutin-public/2024/scr2024-186.html
2024-187,2025-02-03T23:00:00+00:00,sur l'ensemble du projet de loi d'urgence pour Mayotte,,344,344,344,0,https://www.senat.fr/scrutin-public/2024/scr2024-187.html
2024-188,2025-02-05T23:00:00+00:00,sur l'ensemble du texte élaboré par la commission mixte paritaire sur le projet de loi de finances pour 2025,,345,326,219,107,https://www.senat.fr/scrutin-public/2024/scr2024-188.html
2024-189,2025-02-10T23:00:00+00:00,"sur les amendements identiques n° 384 rectifié ter, présenté par M. Jean-Claude Tissot et les membres du groupe Socialiste, Écologiste et Républicain, n° 577, présenté par M. Daniel Salmon et les membres du groupe Écologiste - Solidarité et Territoires, et n° 711 rectifié, présenté par Mme Marie-Claude Varaillas et les membres du groupe Communiste Républicain Citoyen et Écologiste - Kanaky, tendant à supprimer l'article 13 du projet de loi d'orientation pour la souveraineté alimentaire et agricole et le renouvellement des générations en agriculture",,341,332,107,225,https://www.senat.fr/scrutin-public/2024/scr2024-189.html
2024-19,2024-10-21T22:00:00+00:00,sur l'ensemble du projet de loi de simplification de la vie économique,,340,335,232,103,https://www.senat.fr/scrutin-public/2024/scr2024-19.html
2024-190,2025-02-10T23:00:00+00:00,"sur lamendement n° 874, présenté par le Gouvernement, à larticle 13 du projet de loi d'orientation pour la souveraineté alimentaire et agricole et le renouvellement des générations en agriculture",,341,256,41,215,https://www.senat.fr/scrutin-public/2024/scr2024-190.html
2024-191,2025-02-10T23:00:00+00:00,sur l'article 13 du projet de loi d'orientation pour la souveraineté alimentaire et agricole et le renouvellement des générations en agriculture,,341,314,206,108,https://www.senat.fr/scrutin-public/2024/scr2024-191.html
2024-192,2025-02-11T23:00:00+00:00,"sur lamendement n° 3 rectifié bis, présenté par M. Jean-Michel Arnaud et plusieurs de ses collègues, tendant à insérer un article additionnel après l'article 18 du projet de loi dorientation pour la souveraineté alimentaire et agricole et le renouvellement des générations en agriculture",,341,247,247,0,https://www.senat.fr/scrutin-public/2024/scr2024-192.html
2024-193,2025-02-16T23:00:00+00:00,"sur l'amendement n° 49, présenté par Mme Annie Le Houerou et les membres du groupe Socialiste, Écologiste et Républicain, à larticle 14 du projet de loi de financement de la sécurité sociale pour 2025 (nouvelle lecture)",,344,327,99,228,https://www.senat.fr/scrutin-public/2024/scr2024-193.html
2024-194,2025-02-16T23:00:00+00:00,sur l'ensemble de la deuxième partie du projet de loi de financement de la sécurité sociale pour 2025 (nouvelle lecture),,344,331,228,103,https://www.senat.fr/scrutin-public/2024/scr2024-194.html
2024-195,2025-02-16T23:00:00+00:00,sur l'ensemble du projet de loi de financement de la sécurité sociale pour 2025 (nouvelle lecture),,344,329,225,104,https://www.senat.fr/scrutin-public/2024/scr2024-195.html
2024-196,2025-02-17T23:00:00+00:00,sur l'ensemble du projet de loi d'orientation pour la souveraineté alimentaire et agricole et le renouvellement des générations en agriculture,,338,325,218,107,https://www.senat.fr/scrutin-public/2024/scr2024-196.html
2024-197,2025-02-17T23:00:00+00:00,"sur les amendements identiques n° 4, présenté par Mme Sylvie Robert et les membres du groupe Socialiste, Écologiste et Républicain, n° 9, présenté par Mme Mathilde Ollivier et plusieurs de ses collègues, et n° 28 rectifié quinquies, présenté par M. Pierre Ouzoulias et plusieurs de ses collègues, tendant à supprimer larticle 1er de la proposition de loi visant à assurer le respect du principe de laïcité dans le sport",73963,341,340,113,227,https://www.senat.fr/scrutin-public/2024/scr2024-197.html
2024-198,2025-02-17T23:00:00+00:00,sur l'article 1er de la proposition de loi visant à assurer le respect du principe de laïcité dans le sport,73963,340,315,223,92,https://www.senat.fr/scrutin-public/2024/scr2024-198.html
2024-199,2025-02-17T23:00:00+00:00,sur l'ensemble de la proposition de loi visant à assurer le respect du principe de laïcité dans le sport,73963,329,291,210,81,https://www.senat.fr/scrutin-public/2024/scr2024-199.html
2024-2,2024-10-09T22:00:00+00:00,sur larticle 1er de la proposition de loi visant à mettre en place une imposition des sociétés plus juste et plus écologique,72703,331,331,98,233,https://www.senat.fr/scrutin-public/2024/scr2024-2.html
2024-20,2024-10-21T22:00:00+00:00,sur larticle 9 constituant lensemble du projet de loi relative aux résultats de la gestion et portant approbation des comptes de l'année 2023,74683,343,202,19,183,https://www.senat.fr/scrutin-public/2024/scr2024-20.html
2024-200,2025-02-18T23:00:00+00:00,sur l'article 1er de la proposition de loi visant à indexer les salaires sur linflation,75644,341,338,112,226,https://www.senat.fr/scrutin-public/2024/scr2024-200.html
2024-201,2025-02-18T23:00:00+00:00,sur l'article 2 de la proposition de loi visant à indexer les salaires sur l'inflation,75644,341,338,112,226,https://www.senat.fr/scrutin-public/2024/scr2024-201.html
2024-202,2025-02-18T23:00:00+00:00,sur l'article 3 de la proposition de loi visant à indexer les salaires sur l'inflation,75644,341,337,112,225,https://www.senat.fr/scrutin-public/2024/scr2024-202.html
2024-203,2025-02-18T23:00:00+00:00,"sur l'amendement n° 1 rectifié, présenté Mme Audrey Bélim et les membres du groupe Socialiste, Écologiste et Républicain, tendant à insérer un article additionnel après l'article 3 de la proposition de loi visant à indexer les salaires sur l'inflation",75644,341,329,112,217,https://www.senat.fr/scrutin-public/2024/scr2024-203.html
2024-204,2025-02-18T23:00:00+00:00,sur l'article 4 de la proposition de loi visant à indexer les salaires sur l'inflation,75644,341,336,111,225,https://www.senat.fr/scrutin-public/2024/scr2024-204.html
2024-205,2025-02-18T23:00:00+00:00,"sur l'ensemble de la proposition de résolution, en application de l'article 34-1 de la Constitution, tendant à l'application en droit français de la directive européenne relative à l'amélioration des conditions de travail des travailleurs des plateformes numériques",74270,341,341,115,226,https://www.senat.fr/scrutin-public/2024/scr2024-205.html
2024-206,2025-02-19T23:00:00+00:00,"sur la motion n° 1, présentée par Mme Marianne Margaté et les membres du groupe Communiste Républicain Citoyen et Écologiste - Kanaky, tendant à opposer l'exception d'irrecevabilité sur la proposition de loi visant à interdire un mariage en France lorsque l'un des futurs époux réside de façon irrégulière sur le territoire",,343,343,100,243,https://www.senat.fr/scrutin-public/2024/scr2024-206.html
2024-207,2025-02-19T23:00:00+00:00,"sur les amendements identiques n° 2, présenté par Mme Mélanie Vogel et les membres du groupe Écologiste - Solidarité et Territoires, n° 8, présenté par Mme Corinne Narassiguin et les membres du groupe Socialiste, Écologiste et Républicain, et n° 9, présenté par Mme Marianne Margaté et les membres du groupe Communiste Républicain Citoyen et Écologiste - Kanaky, tendant à supprimer larticle unique de la proposition de loi visant à interdire un mariage en France lorsque l'un des futurs époux réside de façon irrégulière sur le territoire",,343,343,113,230,https://www.senat.fr/scrutin-public/2024/scr2024-207.html
2024-208,2025-02-19T23:00:00+00:00,sur l'article unique de la proposition de loi visant à interdire un mariage en France lorsque l'un des futurs époux réside de façon irrégulière sur le territoire,,343,342,229,113,https://www.senat.fr/scrutin-public/2024/scr2024-208.html
2024-209,2025-02-19T23:00:00+00:00,sur l'ensemble de la proposition de loi visant à interdire un mariage en France lorsque l'un des futurs époux réside de façon irrégulière sur le territoire,,344,337,227,110,https://www.senat.fr/scrutin-public/2024/scr2024-209.html
2024-21,2024-10-21T22:00:00+00:00,"sur la motion n° 1, présentée par Mme Élisabeth Doineau au nom de la commission des affaires sociales, tendant à opposer la question préalable au projet de loi d'approbation des comptes de la sécurité sociale de l'année 2023",,340,340,287,53,https://www.senat.fr/scrutin-public/2024/scr2024-21.html
2024-210,2025-02-19T23:00:00+00:00,sur l'ensemble de la proposition de loi relative à la lutte contre l'antisémitisme dans l'enseignement supérieur,,344,344,344,0,https://www.senat.fr/scrutin-public/2024/scr2024-210.html
2024-211,2025-02-19T23:00:00+00:00,sur l'ensemble du texte élaboré par la commission mixte paritaire sur le projet de loi d'orientation pour la souveraineté alimentaire et le renouvellement des générations en agriculture,,341,339,236,103,https://www.senat.fr/scrutin-public/2024/scr2024-211.html
2024-212,2025-03-05T23:00:00+00:00,"sur lamendement n° 5, présenté par M. Pierre Ouzoulias et les membres du groupe 
Groupe Communiste Républicain Citoyen et Écologiste - Kanaky, tendant à insérer un article additionnel après l'article 1er de la proposition de loi visant à protéger l'école de la République et les personnels qui y travaillent",75738,341,338,115,223,https://www.senat.fr/scrutin-public/2024/scr2024-212.html
2024-213,2025-03-05T23:00:00+00:00,sur lensemble de la proposition de loi visant à protéger l'école de la République et les personnels qui y travaillent,75738,341,341,341,0,https://www.senat.fr/scrutin-public/2024/scr2024-213.html
2024-214,2025-03-05T23:00:00+00:00,"sur lamendement n° 10 rectifié, présenté par Mme Anne Souyris et les membres du groupe Écologiste  Solidarité et Territoires, à larticle 1er de la proposition de loi visant à renforcer la lutte contre les usages détournés du protoxyde d'azote",75649,341,341,98,243,https://www.senat.fr/scrutin-public/2024/scr2024-214.html
2024-215,2025-03-10T23:00:00+00:00,"sur les amendements identiques n° 7 rectifié ter, présenté par M. Cédric Chevalier et plusieurs de ses collègues, et n° 25 rectifié ter, présenté par M. Cédric Vial et plusieurs de ses collègues, tendant à supprimer larticle 1er de la proposition de loi visant à renforcer la parité dans les fonctions électives et exécutives du bloc communal",,345,311,120,191,https://www.senat.fr/scrutin-public/2024/scr2024-215.html
2024-216,2025-03-10T23:00:00+00:00,"sur lamendement n° 2 rectifié, présenté par M. Jean-Marie Mizzon et plusieurs de ses collègues, à larticle 1er de la proposition de loi visant à renforcer la parité dans les fonctions électives et exécutives du bloc communal",,340,306,73,233,https://www.senat.fr/scrutin-public/2024/scr2024-216.html
2024-217,2025-03-10T23:00:00+00:00,"sur lamendement n° 3 rectifié, présenté par M. Jean-Marie Mizzon et plusieurs de ses collègues, à larticle 1er de la proposition de loi visant à renforcer la parité dans les fonctions électives et exécutives du bloc communal",,340,307,68,239,https://www.senat.fr/scrutin-public/2024/scr2024-217.html
2024-218,2025-03-10T23:00:00+00:00,"sur les amendements identiques n° 37 rectifié, présenté par le Gouvernement, et n° 44, présenté par Mme Nadine Bellurot et M. Éric Kerrouche au nom de la commission des lois, à larticle 1er de la proposition de loi visant à renforcer la parité dans les fonctions électives et exécutives du bloc communal",,308,268,245,23,https://www.senat.fr/scrutin-public/2024/scr2024-218.html
2024-219,2025-03-10T23:00:00+00:00,"sur lamendement n° 28 rectifié bis, présenté par M. Daniel Chasseing et plusieurs de ses collègues, à larticle 1er de la proposition de loi visant à renforcer la parité dans les fonctions électives et exécutives du bloc communal",,341,325,17,308,https://www.senat.fr/scrutin-public/2024/scr2024-219.html
2024-22,2024-10-22T22:00:00+00:00,sur lensemble de la proposition de loi organique visant à reporter le renouvellement général des membres du congrès et des assemblées de province de la Nouvelle-Calédonie,74884,343,324,324,0,https://www.senat.fr/scrutin-public/2024/scr2024-22.html
2024-220,2025-03-10T23:00:00+00:00,sur l'article 1er de la proposition de loi visant à renforcer la parité dans les fonctions électives et exécutives du bloc communal,,340,312,233,79,https://www.senat.fr/scrutin-public/2024/scr2024-220.html
2024-221,2025-03-10T23:00:00+00:00,"sur l'amendement n° 27 rectifié bis, présenté par Mme Anne-Sophie Romagny et plusieurs de ses collègues, à l'article 1er ter de la proposition de loi visant à renforcer la parité dans les fonctions électives et exécutives du bloc communal",,341,312,120,192,https://www.senat.fr/scrutin-public/2024/scr2024-221.html
2024-222,2025-03-10T23:00:00+00:00,sur l'article 1er ter de la proposition de loi visant à renforcer la parité dans les fonctions électives et exécutives du bloc communal,,334,307,252,55,https://www.senat.fr/scrutin-public/2024/scr2024-222.html
2024-223,2025-03-10T23:00:00+00:00,"sur l'amendement n° 20 rectifié quater, repris par M. Jean-Baptiste Lemoyne, tendant à insérer un article additionnel après l'article 1er ter de la proposition de loi visant à renforcer la parité dans les fonctions électives et exécutives du bloc communal",,340,319,54,265,https://www.senat.fr/scrutin-public/2024/scr2024-223.html
2024-224,2025-03-10T23:00:00+00:00,sur l'article 3 de la proposition de loi visant à renforcer la parité dans les fonctions électives et exécutives du bloc communal,,339,310,249,61,https://www.senat.fr/scrutin-public/2024/scr2024-224.html
2024-225,2025-03-10T23:00:00+00:00,sur lensemble de la proposition de loi visant à renforcer la parité dans les fonctions électives et exécutives du bloc communal,,342,303,192,111,https://www.senat.fr/scrutin-public/2024/scr2024-225.html
2024-226,2025-03-10T23:00:00+00:00,"sur lensemble de la proposition de loi organique visant à harmoniser le mode de scrutin aux élections municipales afin de garantir la vitalité démocratique, la cohésion municipale et la parité",,343,324,164,160,https://www.senat.fr/scrutin-public/2024/scr2024-226.html
2024-227,2025-03-11T23:00:00+00:00,"sur l'amendement n° 1 rectifié quinquies, présenté par M. Olivier Cadic et plusieurs de ses collègues, tendant à insérer un article additionnel après l'article 16 du projet de loi relatif à la résilience des infrastructures critiques et au renforcement de la cybersécurité",75125,334,315,181,134,https://www.senat.fr/scrutin-public/2024/scr2024-227.html
2024-228,2025-03-12T23:00:00+00:00,sur l'article 2 de la proposition de loi visant à instaurer une trajectoire de réduction de l'artificialisation concertée avec les élus locaux,75386,341,307,226,81,https://www.senat.fr/scrutin-public/2024/scr2024-228.html
2024-229,2025-03-12T23:00:00+00:00,sur l'article 4 de la proposition de loi visant à instaurer une trajectoire de réduction de l'artificialisation concertée avec les élus locaux,75386,341,276,260,16,https://www.senat.fr/scrutin-public/2024/scr2024-229.html
2024-23,2024-10-22T22:00:00+00:00,sur lensemble de la proposition de loi organique portant réforme du financement de l'audiovisuel public,74663,340,340,339,1,https://www.senat.fr/scrutin-public/2024/scr2024-23.html
2024-230,2025-03-16T23:00:00+00:00,sur l'ensemble du texte élaboré par la commission mixte paritaire sur la proposition de loi relative au renforcement de la sûreté dans les transports,73603,341,276,242,34,https://www.senat.fr/scrutin-public/2024/scr2024-230.html
2024-231,2025-03-17T23:00:00+00:00,sur l'ensemble de la proposition de loi visant à instaurer une trajectoire de réduction de l'artificialisation concertée avec les élus locaux,75386,339,277,260,17,https://www.senat.fr/scrutin-public/2024/scr2024-231.html
2024-232,2025-03-17T23:00:00+00:00,sur l'ensemble de la proposition de loi visant à faciliter le maintien en rétention des personnes condamnées pour des faits d'une particulière gravité et présentant de forts risques de récidive,75877,345,339,230,109,https://www.senat.fr/scrutin-public/2024/scr2024-232.html
2024-233,2025-03-17T23:00:00+00:00,"sur la motion n° 1 rectifiée, présentée par Mme Laurence Rossignol et les membres du groupe Socialiste, Écologiste et Républicain, tendant à opposer l'exception d'irrecevabilité à la proposition de loi créant une condition de durée de résidence pour le versement de certaines prestations sociales",,345,345,99,246,https://www.senat.fr/scrutin-public/2024/scr2024-233.html
2024-234,2025-03-17T23:00:00+00:00,"sur la motion n° 2, présentée par Mme Raymonde Poncet Monge et les membres du groupe Écologiste - Solidarité et Territoires, tendant à opposer la question préalable à la proposition de loi créant une condition de durée de résidence pour le versement de certaines prestations sociales",,342,342,99,243,https://www.senat.fr/scrutin-public/2024/scr2024-234.html
2024-235,2025-03-17T23:00:00+00:00,sur l'ensemble de la proposition de loi créant une condition de durée de résidence pour le versement de certaines prestations sociales,,345,340,204,136,https://www.senat.fr/scrutin-public/2024/scr2024-235.html
2024-236,2025-03-18T23:00:00+00:00,"sur l'ensemble de la proposition de résolution en application de l'article 34-1 de la Constitution, visant à mettre fin au sans-abrisme des enfants",75484,341,341,341,0,https://www.senat.fr/scrutin-public/2024/scr2024-236.html
2024-237,2025-03-19T23:00:00+00:00,"sur l'ensemble de la proposition de loi visant à reconnaître le préjudice subi par les personnes condamnées sur le fondement de la législation pénalisant l'avortement, et par toutes les femmes, avant la loi n° 75-17 du 17 janvier 1975 relative à l'interruption volontaire de la grossesse",75766,341,340,340,0,https://www.senat.fr/scrutin-public/2024/scr2024-237.html
2024-238,2025-03-19T23:00:00+00:00,sur l'ensemble de la proposition de loi visant à adapter les enjeux de la rénovation énergétique aux spécificités du bâti ancien,75087,341,341,341,0,https://www.senat.fr/scrutin-public/2024/scr2024-238.html
2024-239,2025-03-24T23:00:00+00:00,"sur l'amendement n° 48 rectifié septies, présenté par Mme Marie-Claire Carrère-Gée et plusieurs de ses collègues, tendant à rétablir larticle 4 de la proposition de loi visant à restaurer l'autorité de la justice à l'égard des mineurs délinquants et de leurs parents",,341,340,221,119,https://www.senat.fr/scrutin-public/2024/scr2024-239.html
2024-24,2024-10-28T23:00:00+00:00,"sur l'amendement n° 35, présenté par Mme Marie-Claude Varaillas et les membres du groupe Communiste Républicain Citoyen et Écologiste - Kanaky, tendant à insérer un article additionnel après larticle 3 de la proposition de loi visant à assurer l'équilibre du régime d'indemnisation des catastrophes naturelles",74465,343,342,116,226,https://www.senat.fr/scrutin-public/2024/scr2024-24.html
2024-240,2025-03-25T23:00:00+00:00,"sur l'amendement n° 50 rectifié septies, présenté par Mme Marie-Claire Carrère-Gée et plusieurs de ses collègues, tendant à insérer un article additionnel après l'article 4 bis de la proposition de loi visant à restaurer l'autorité de la justice à l'égard des mineurs délinquants et de leurs parents",,343,320,184,136,https://www.senat.fr/scrutin-public/2024/scr2024-240.html
2024-241,2025-03-25T23:00:00+00:00,"sur le sous-amendement n° 60, présenté par Mme Marie-Carole Ciuntu, à l'amendement n° 49 rectifié septies, présenté par Mme Marie-Claire Carrère-Gée et plusieurs de ses collègues, tendant à rétablir l'article 5 de la proposition de loi visant à restaurer l'autorité de la justice à l'égard des mineurs délinquants et de leurs parents",,343,338,224,114,https://www.senat.fr/scrutin-public/2024/scr2024-241.html
2024-242,2025-03-25T23:00:00+00:00,"sur l'amendement n° 49 rectifié septies, présenté par Mme Marie-Claire Carrère-Gée et plusieurs de ses collègues, tendant à rétablir l'article 5 de la proposition de loi visant à restaurer l'autorité de la justice à l'égard des mineurs délinquants et de leurs parents",,343,337,223,114,https://www.senat.fr/scrutin-public/2024/scr2024-242.html
2024-243,2025-03-25T23:00:00+00:00,sur l'ensemble de la proposition de loi visant à restaurer l'autorité de la justice à l'égard des mineurs délinquants et de leurs parents,,344,340,227,113,https://www.senat.fr/scrutin-public/2024/scr2024-243.html
2024-244,2025-03-31T22:00:00+00:00,sur l'ensemble de la proposition de loi visant à renforcer la stabilité économique et la compétitivité du secteur agroalimentaire,75959,344,246,246,0,https://www.senat.fr/scrutin-public/2024/scr2024-244.html
2024-245,2025-03-31T22:00:00+00:00,sur l'ensemble de la proposition de loi visant à assouplir la gestion des compétences « eau » et « assainissement »,74304,338,324,284,40,https://www.senat.fr/scrutin-public/2024/scr2024-245.html
2024-246,2025-04-01T22:00:00+00:00,"sur le sous-amendement n° 155, présenté par M. Antoine Lefèvre au nom de la commission des finances, à l'amendement n° 134, présenté par le Gouvernement, à l'article 3 ter de la proposition de loi contre toutes les fraudes aux aides publiques",,340,305,192,113,https://www.senat.fr/scrutin-public/2024/scr2024-246.html
2024-247,2025-04-01T22:00:00+00:00,"sur l'amendement n° 134, présenté par le Gouvernement, à l'article 3 ter de la proposition de loi contre toutes les fraudes aux aides publiques",,341,306,195,111,https://www.senat.fr/scrutin-public/2024/scr2024-247.html
2024-248,2025-04-02T22:00:00+00:00,sur l'ensemble du texte élaboré par la commission mixte paritaire sur la proposition de loi visant à renforcer les conditions d'accès à la nationalité française à Mayotte,75587,345,325,204,121,https://www.senat.fr/scrutin-public/2024/scr2024-248.html
2024-249,2025-04-02T22:00:00+00:00,"sur l'ensemble du texte élaboré par la commission mixte paritaire sur le projet de loi portant diverses dispositions d'adaptation au droit de l'Union européenne en matière économique, financière, environnementale, énergétique, de transport, de santé et de circulation des personnes",75343,322,239,223,16,https://www.senat.fr/scrutin-public/2024/scr2024-249.html
2024-25,2024-10-28T23:00:00+00:00,sur lensemble la proposition de loi visant à assurer l'équilibre du régime d'indemnisation des catastrophes naturelles,74465,340,305,305,0,https://www.senat.fr/scrutin-public/2024/scr2024-25.html
2024-250,2025-04-02T22:00:00+00:00,"sur les amendements identiques n° 4 rectifié ter, présenté par Mme Annick Billon et plusieurs de ses collègues, n° 15 rectifié ter, présenté par M. Daniel Chasseing et plusieurs de ses collègues, n° 18 rectifié, présenté par Mme Solanges Nadille et les membres du groupe Rassemblement des démocrates, progressistes et indépendants, n° 21 rectifié bis, présenté par Mme Evelyne Corbière Naminzo et les membres du groupe Communiste Républicain Citoyen et Écologiste - Kanaky, et n° 31 rectifié, présenté par Mme Mélanie Vogel et les membres du groupe Écologiste - Solidarité et Territoires, à l'article 1er de la proposition de loi visant à renforcer la lutte contre les violences sexuelles et sexistes",75565,341,323,98,225,https://www.senat.fr/scrutin-public/2024/scr2024-250.html
2024-251,2025-04-02T22:00:00+00:00,"sur l'amendement n° 19 rectifié, présenté par Mme Solanges Nadille et les membres du groupe Rassemblement des démocrates, progressistes et indépendants, tendant à rétablir l'article 1er de la proposition de loi visant à renforcer la lutte contre les violences sexuelles et sexistes",75565,341,341,178,163,https://www.senat.fr/scrutin-public/2024/scr2024-251.html
2024-252,2025-04-02T22:00:00+00:00,"sur les amendements identiques n° 3 rectifié, présenté par Mme Véronique Guillotin et plusieurs de ses collègues, et n° 34, présenté par Mme Mélanie Vogel et les membres du groupe Écologiste - Solidarité et Territoires, à l'article 2 de la proposition de loi visant à renforcer la lutte contre les violences sexuelles et sexistes",75565,341,341,155,186,https://www.senat.fr/scrutin-public/2024/scr2024-252.html
2024-253,2025-04-02T22:00:00+00:00,sur l'ensemble de la proposition de loi visant à renforcer la lutte contre les violences sexuelles et sexistes,75565,341,341,341,0,https://www.senat.fr/scrutin-public/2024/scr2024-253.html
2024-254,2025-04-07T22:00:00+00:00,"sur lamendement n° 6, présenté par M. Éric Kerrouche et les membres du groupe Socialiste, Écologiste et Républicain, tendant à insérer un article additionnel après larticle 5 de la proposition de résolution tendant à renforcer les moyens de contrôle des sénateurs, conforter les droits des groupes politiques, et portant diverses mesures de clarification et de simplification",75943,341,320,114,206,https://www.senat.fr/scrutin-public/2024/scr2024-254.html
2024-255,2025-04-07T22:00:00+00:00,"sur lamendement n° 12 rectifié, présenté par Mme Marie-Pierre de La Gontrie et les membres du groupe Socialiste, Écologiste et Républicain, tendant à insérer un article additionnel après larticle 17 de la proposition de résolution tendant à renforcer les moyens de contrôle des sénateurs, conforter les droits des groupes politiques, et portant diverses mesures de clarification et de simplification",75943,341,320,114,206,https://www.senat.fr/scrutin-public/2024/scr2024-255.html
2024-256,2025-04-07T22:00:00+00:00,"sur les amendements identiques n° 54, présenté par Mme Marie-Pierre de La Gontrie et les membres du groupe Socialiste, Écologiste et Républicain, et n° 84, présenté par M. Guy Benarroche et les membres du groupe Écologiste - Solidarité et Territoires, tendant à insérer un article additionnel après l'article 17 de la proposition de résolution tendant à renforcer les moyens de contrôle des sénateurs, conforter les droits des groupes politiques, et portant diverses mesures de clarification et de simplification",75943,341,329,84,245,https://www.senat.fr/scrutin-public/2024/scr2024-256.html
2024-257,2025-04-07T22:00:00+00:00,"sur les amendements identiques n° 1 rectifié, présenté par M. Éric Kerrouche et plusieurs de ses collègues, n° 78, présenté par M. Guy Benarroche et les membres du groupe Écologiste - Solidarité et Territoires, et n° 86, présenté par Mme Cécile Cukierman et les membres du groupe Communiste Républicain Citoyen et Écologiste - Kanaky, tendant à insérer un article additionnel après larticle 22 de la proposition de résolution tendant à renforcer les moyens de contrôle des sénateurs, conforter les droits des groupes politiques, et portant diverses mesures de clarification et de simplification",75943,341,337,112,225,https://www.senat.fr/scrutin-public/2024/scr2024-257.html
2024-258,2025-04-07T22:00:00+00:00,"sur lensemble de la proposition de résolution tendant à renforcer les moyens de contrôle des sénateurs, conforter les droits des groupes politiques, et portant diverses mesures de clarification et de simplification",75943,341,241,241,0,https://www.senat.fr/scrutin-public/2024/scr2024-258.html
2024-259,2025-04-08T22:00:00+00:00,"sur l'amendement n° 16 rectifié, présenté par Mme Nadège Havet au nom de la commission de l'aménagement du territoire et du développement durable, à l'article 1er de la proposition de loi relative à la reconnaissance de la responsabilité de l'État et à l'indemnisation des victimes du chlordécone",75108,344,324,189,135,https://www.senat.fr/scrutin-public/2024/scr2024-259.html
2024-26,2024-10-29T23:00:00+00:00,sur lensemble de la proposition de loi visant la prise en charge intégrale des soins liés au traitement du cancer du sein par l'assurance maladie,,341,341,341,0,https://www.senat.fr/scrutin-public/2024/scr2024-26.html
2024-260,2025-04-08T22:00:00+00:00,sur l'ensemble de la proposition de loi visant à améliorer le traitement des maladies affectant les cultures végétales à l'aide d'aéronefs télépilotés,75164,340,334,237,97,https://www.senat.fr/scrutin-public/2024/scr2024-260.html
2024-261,2025-04-09T22:00:00+00:00,"sur l'ensemble de la proposition de résolution en application de l'article 34-1 de la Constitution, invitant à favoriser la restauration de la sécurité en Haïti afin de créer les conditions nécessaires à la mise en place d'un processus politique de sortie de crise",,341,334,332,2,https://www.senat.fr/scrutin-public/2024/scr2024-261.html
2024-262,2025-04-27T22:00:00+00:00,sur l'ensemble du texte élaboré par la commission mixte paritaire sur la proposition de loi visant à sortir la France du piège du narcotrafic,74675,341,325,325,0,https://www.senat.fr/scrutin-public/2024/scr2024-262.html
2024-263,2025-04-27T22:00:00+00:00,sur l'ensemble du texte élaboré par la commission mixte paritaire sur la proposition de loi organique fixant le statut du procureur de la République anti-criminalité organisée,,341,341,341,0,https://www.senat.fr/scrutin-public/2024/scr2024-263.html
2024-264,2025-05-04T22:00:00+00:00,"sur les amendements identiques n° 11 rectifié, présenté par Mme Laurence Muller-Bronn et plusieurs de ses collègues, n° 34, présenté par Mme Céline Brulin et les membres du groupe Communiste Républicain Citoyen et Écologiste - Kanaky, n° 44 rectifié bis, présenté par Mme Amel Gacquerre et plusieurs de ses collègues, n° 61, présenté par M. Bernard Jomier et les membres du groupe Socialiste, Écologiste et Républicain, et n° 91 rectifié ter, présenté par Mme Corinne Bourcier et plusieurs de ses collègues, tendant à supprimer l'article 1er ter de la proposition de loi sur la profession d'infirmier",,341,322,143,179,https://www.senat.fr/scrutin-public/2024/scr2024-264.html
2024-265,2025-05-05T22:00:00+00:00,sur lensemble de la proposition de loi portant réparation des personnes condamnées pour homosexualité entre 1945 et 1982 (deuxième lecture),,340,340,340,0,https://www.senat.fr/scrutin-public/2024/scr2024-265.html
2024-266,2025-05-11T22:00:00+00:00,"sur la motion n° 1, présentée par M. Ian Brossat et les membres du groupe Communiste Républicain Citoyen et Écologiste - Kanaky, tendant à opposer l'exception d'irrecevabilité à la proposition de loi tendant à confier à l'Office français de l'immigration et de l'intégration certaines tâches d'accueil et d'information des personnes retenues",,344,343,100,243,https://www.senat.fr/scrutin-public/2024/scr2024-266.html
2024-267,2025-05-11T22:00:00+00:00,"sur la motion n° 3, présentée par M. Guy Benarroche et les membres du groupe Écologiste - Solidarité et Territoires, tendant à opposer la question préalable à la proposition de loi tendant à confier à l'Office français de l'immigration et de l'intégration certaines tâches d'accueil et d'information des personnes retenues",,344,343,100,243,https://www.senat.fr/scrutin-public/2024/scr2024-267.html
2024-268,2025-05-11T22:00:00+00:00,sur l'ensemble de la proposition de loi tendant à confier à l'Office français de limmigration et de lintégration certaines tâches daccueil et dinformation des personnes retenues,,344,340,227,113,https://www.senat.fr/scrutin-public/2024/scr2024-268.html
2024-269,2025-05-11T22:00:00+00:00,"sur l'amendement n° 103 rectifié bis, présenté par M. Jean-Luc Fichet et les membres du groupe Socialiste, Écologiste et Républicain, tendant à insérer un article additionnel avant l'article 3 de la proposition de loi visant à améliorer l'accès aux soins dans les territoires",76223,341,319,123,196,https://www.senat.fr/scrutin-public/2024/scr2024-269.html
2024-27,2024-10-29T23:00:00+00:00,sur larticle 1er de la proposition de loi constitutionnelle instaurant une Charte des services publics,,340,262,34,228,https://www.senat.fr/scrutin-public/2024/scr2024-27.html
2024-270,2025-05-11T22:00:00+00:00,"sur l'amendement n° 68, présenté par Mme Céline Brulin et les membres du groupe Communiste Républicain Citoyen et Écologiste - Kanaky, tendant à insérer un article additionnel avant l'article 3 de la proposition de loi visant à améliorer l'accès aux soins dans les territoires",76223,341,339,117,222,https://www.senat.fr/scrutin-public/2024/scr2024-270.html
2024-271,2025-05-12T22:00:00+00:00,sur l'ensemble de la proposition de loi visant à renforcer la sécurité des professionnels de santé,73759,341,308,308,0,https://www.senat.fr/scrutin-public/2024/scr2024-271.html
2024-272,2025-05-12T22:00:00+00:00,"sur l'amendement n° 69, présenté par Mme Céline Brulin et les membres du groupe Communiste Républicain Citoyen et Écologiste - Kanaky, à l'article 3 de la proposition de loi visant à améliorer l'accès aux soins dans les territoires",76223,341,322,107,215,https://www.senat.fr/scrutin-public/2024/scr2024-272.html
2024-273,2025-05-12T22:00:00+00:00,"sur l'amendement n° 21 rectifié bis, présenté par M. Franck Menonville et plusieurs de ses collègues, à l'article 3 de la proposition de loi visant à améliorer l'accès aux soins dans les territoires",76223,341,312,121,191,https://www.senat.fr/scrutin-public/2024/scr2024-273.html
2024-274,2025-05-12T22:00:00+00:00,"sur l'amendement n° 99 rectifié, présenté par M. Jean-Luc Fichet et les membres du groupe Socialiste, Écologiste et Républicain, à l'article 3 de la proposition de loi visant à améliorer l'accès aux soins dans les territoires",76223,341,322,114,208,https://www.senat.fr/scrutin-public/2024/scr2024-274.html
2024-275,2025-05-12T22:00:00+00:00,"sur l'amendement n° 89 rectifié, présenté par Mme Émilienne Poumirol et les membres du groupe Socialiste, Écologiste et Républicain, à l'article 3 de la proposition de loi visant à améliorer l'accès aux soins dans les territoires",76223,341,323,113,210,https://www.senat.fr/scrutin-public/2024/scr2024-275.html
2024-276,2025-05-12T22:00:00+00:00,"sur l'amendement n° 77 rectifié bis, présenté par Mme Véronique Guillotin et plusieurs de ses collègues, à l'article 3 de la proposition de loi visant à améliorer l'accès aux soins dans les territoires",76223,341,321,118,203,https://www.senat.fr/scrutin-public/2024/scr2024-276.html
2024-277,2025-05-12T22:00:00+00:00,sur l'ensemble de la proposition de loi visant à améliorer l'accès aux soins dans les territoires,76223,333,219,190,29,https://www.senat.fr/scrutin-public/2024/scr2024-277.html
2024-278,2025-05-13T22:00:00+00:00,sur l'ensemble de la proposition de loi organique tendant à modifier le II de l'article 43 de la loi organique n° 2004-192 du 27 février 2004 portant statut d'autonomie de la Polynésie française,75690,344,326,326,0,https://www.senat.fr/scrutin-public/2024/scr2024-278.html
2024-279,2025-05-13T22:00:00+00:00,sur l'ensemble de la proposition de loi visant à améliorer le dispositif de protection temporaire en France,75739,344,343,343,0,https://www.senat.fr/scrutin-public/2024/scr2024-279.html
2024-28,2024-10-29T23:00:00+00:00,sur lensemble de la proposition de loi constitutionnelle instaurant une Charte des services publics,,340,262,34,228,https://www.senat.fr/scrutin-public/2024/scr2024-28.html
2024-280,2025-05-14T22:00:00+00:00,"sur la motion n° 1, présentée par M. Ronan Dantec et les membres du groupe Écologiste - Solidarité et Territoires, tendant à opposer l'exception dirrecevabilité à la proposition de loi relative à la raison impérative d'intérêt public majeur de la liaison autoroutière entre Castres et Toulouse",76158,276,276,32,244,https://www.senat.fr/scrutin-public/2024/scr2024-280.html
2024-281,2025-05-14T22:00:00+00:00,sur l'ensemble de la proposition de loi relative à la raison impérative d'intérêt public majeur de la liaison autoroutière entre Castres et Toulouse,76158,290,285,252,33,https://www.senat.fr/scrutin-public/2024/scr2024-281.html
2024-282,2025-05-14T22:00:00+00:00,sur l'article 1er de la proposition de loi tendant à rétablir le lien de confiance entre la police et la population,75257,341,340,115,225,https://www.senat.fr/scrutin-public/2024/scr2024-282.html
2024-283,2025-05-14T22:00:00+00:00,"sur les amendements identiques n° 4 rectifié, présenté par M. Ludovic Haye et plusieurs de ses collègues, et n° 6 rectifié bis, présenté par Mme Catherine Belrhiti et plusieurs de ses collègues, tendant à supprimer l'article 2 de la proposition de loi tendant à rétablir le lien de confiance entre la police et la population",75257,341,324,206,118,https://www.senat.fr/scrutin-public/2024/scr2024-283.html
2024-284,2025-05-14T22:00:00+00:00,"sur les amendements identiques n° 1 rectifié quinquies, présenté par Mme Marie-Do Aeschlimann et plusieurs de ses collègues, n° 3 rectifié bis, présenté par M. Ludovic Haye et plusieurs de ses collègues, et n° 7 rectifié ter, présenté par Mme Catherine Belrhiti et plusieurs de ses collègues, tendant à supprimer l'article 3 de la proposition de loi tendant à rétablir le lien de confiance entre la police et la population",75257,341,341,224,117,https://www.senat.fr/scrutin-public/2024/scr2024-284.html
2024-285,2025-05-14T22:00:00+00:00,sur l'article 4 de la proposition de loi tendant à rétablir le lien de confiance entre la police et la population,75257,339,325,123,202,https://www.senat.fr/scrutin-public/2024/scr2024-285.html
2024-286,2025-05-14T22:00:00+00:00,"sur l'amendement n° 1, présenté par Mme Cathy Apourceau-Poly et les membres du groupe Communiste Républicain Citoyen et Écologiste - Kanaky, tendant à insérer un article additionnel avant l'article 1er de la proposition de loi visant à limiter le recours au licenciement économique dans les entreprises d'au moins 250 salariés",75735,341,341,115,226,https://www.senat.fr/scrutin-public/2024/scr2024-286.html
2024-287,2025-05-14T22:00:00+00:00,sur l'article 1er de la proposition de loi visant à limiter le recours au licenciement économique dans les entreprises d'au moins 250 salariés,75735,341,340,115,225,https://www.senat.fr/scrutin-public/2024/scr2024-287.html
2024-288,2025-05-14T22:00:00+00:00,sur l'article 2 de la proposition de loi visant à limiter le recours au licenciement économique dans les entreprises d'au moins 250 salariés,75735,341,341,115,226,https://www.senat.fr/scrutin-public/2024/scr2024-288.html
2024-289,2025-05-18T22:00:00+00:00,sur l'ensemble du texte élaboré par la commission mixte paritaire sur la proposition de loi visant à aménager le code de la justice pénale des mineurs et certains dispositifs relatifs à la responsabilité parentale,,341,335,223,112,https://www.senat.fr/scrutin-public/2024/scr2024-289.html
2024-29,2024-11-04T23:00:00+00:00,sur l'ensemble de la proposition de loi visant à améliorer le repérage et l'accompagnement des personnes présentant des troubles du neuro-développement et à favoriser le répit des proches aidants (deuxième lecture),72843,343,343,343,0,https://www.senat.fr/scrutin-public/2024/scr2024-29.html
2024-290,2025-05-19T22:00:00+00:00,"sur les amendements identiques n° 6 rectifié, présenté par M. Saïd Omar Oili et les membres du groupe Socialiste, Écologiste et Républicain, n° 19 rectifié bis, présenté par Mme Salama Ramia et les membres du groupes Rassemblement des démocrates, progressistes et indépendants, et n° 151 rectifié, présenté par Mme Mélanie Vogel et les membres du groupe Écologiste - Solidarité et Territoires, tendant à insérer un article additionnel après l'article 2 bis du projet de loi de programmation pour la refondation de Mayotte",,344,328,118,210,https://www.senat.fr/scrutin-public/2024/scr2024-290.html
2024-291,2025-05-19T22:00:00+00:00,"sur les amendements identiques n° 14, présenté par Mme Corinne Narassiguin et les membres du groupe Socialiste, Écologiste et Républicain, n° 18 rectifié, présenté par Mme Salama Ramia et les membres du groupes Rassemblement des démocrates, progressistes et indépendants, et n° 42 rectifié, présenté par Mme Sophie Briante Guillemont et plusieurs de ses collègues, tendant à supprimer l'article 19 du projet de loi de programmation pour la refondation de Mayotte",,341,341,135,206,https://www.senat.fr/scrutin-public/2024/scr2024-291.html
2024-292,2025-05-26T22:00:00+00:00,sur l'ensemble du projet de loi de programmation pour la refondation de Mayotte,,338,243,226,17,https://www.senat.fr/scrutin-public/2024/scr2024-292.html
2024-293,2025-05-26T22:00:00+00:00,sur l'ensemble du projet de loi organique relatif au Département-Région de Mayotte,76417,338,274,258,16,https://www.senat.fr/scrutin-public/2024/scr2024-293.html
2024-294,2025-06-01T22:00:00+00:00,"sur l'amendement n° 65, présenté par M. Jean Hingray, à l'article 2 de la proposition de loi visant à réduire l'impact environnemental de l'industrie textile",73788,341,341,1,340,https://www.senat.fr/scrutin-public/2024/scr2024-294.html
2024-295,2025-06-01T22:00:00+00:00,"sur l'amendement n° 46 rectifié bis, présenté par Mme Nadège Havet et plusieurs de ses collègues, à l'article 2 de la proposition de loi visant à réduire l'impact environnemental de l'industrie textile",73788,341,325,6,319,https://www.senat.fr/scrutin-public/2024/scr2024-295.html
2024-296,2025-06-01T22:00:00+00:00,"sur l'amendement n° 32 rectifié ter, présenté par Mme Marie-Lise Housseau et plusieurs de ses collègues, à l'article 2 de la proposition de loi visant à réduire l'impact environnemental de l'industrie textile",73788,341,276,46,230,https://www.senat.fr/scrutin-public/2024/scr2024-296.html
2024-297,2025-06-01T22:00:00+00:00,"sur l'amendement n° 83, présenté par Mme Marie-Claude Varaillas et les membres du groupe Communiste Républicain Citoyen et Écologiste - Kanaky, tendant à rétablir l'article 3 de la proposition de loi visant à réduire l'impact environnemental de l'industrie textile",73788,341,340,116,224,https://www.senat.fr/scrutin-public/2024/scr2024-297.html
2024-298,2025-06-01T22:00:00+00:00,"sur les amendements identiques n° 9 rectifié ter, présenté par Mme Vanina Paoli-Gagin et plusieurs de ses collègues, et n° 33 rectifié quinquies, présenté par Mme Marie-Lise Housseau et plusieurs de ses collègues, tendant à rétablir l'article 3 de la proposition de loi visant à réduire l'impact environnemental de l'industrie textile",73788,341,334,149,185,https://www.senat.fr/scrutin-public/2024/scr2024-298.html
2024-299,2025-06-01T22:00:00+00:00,"sur l'amendement n° 39 rectifié, présenté par Mme Nicole Bonnefoy et les membres du groupe Socialiste, Écologiste et Républicain, tendant à rétablir l'article 3 de la proposition de loi visant à réduire l'impact environnemental de l'industrie textile",73788,341,322,116,206,https://www.senat.fr/scrutin-public/2024/scr2024-299.html
2024-3,2024-10-09T22:00:00+00:00,sur larticle 2 de la proposition de loi visant à mettre en place une imposition des sociétés plus juste et plus écologique,72703,331,331,113,218,https://www.senat.fr/scrutin-public/2024/scr2024-3.html
2024-30,2024-11-04T23:00:00+00:00,sur lensemble du projet de loi autorisant la ratification de l'accord se rapportant à la convention des Nations unies sur le droit de la mer et portant sur la conservation et l'utilisation durable de la diversité biologique marine des zones ne relevant pas de la juridiction nationale,74425,340,340,340,0,https://www.senat.fr/scrutin-public/2024/scr2024-30.html
2024-300,2025-06-01T22:00:00+00:00,"sur l'amendement n° 76 rectifié, présenté par M. Thomas Dossus et les membres du groupe Écologiste - Solidarité et Territoires, tendant à rétablir l'article 3 de la proposition de loi visant à réduire l'impact environnemental de l'industrie textile",73788,341,321,116,205,https://www.senat.fr/scrutin-public/2024/scr2024-300.html
2024-301,2025-06-02T22:00:00+00:00,sur l'article 1er de la proposition de loi visant à réformer le mode d'élection des membres du conseil de Paris et des conseils municipaux de Lyon et Marseille,,337,314,97,217,https://www.senat.fr/scrutin-public/2024/scr2024-301.html
2024-302,2025-06-02T22:00:00+00:00,sur l'article 6 de la proposition de loi visant à réformer le mode d'élection des membres du conseil de Paris et des conseils municipaux de Lyon et Marseille,,336,315,97,218,https://www.senat.fr/scrutin-public/2024/scr2024-302.html
2024-303,2025-06-09T22:00:00+00:00,sur l'ensemble de la proposition de loi visant à réduire l'impact environnemental de l'industrie textile,73788,341,338,337,1,https://www.senat.fr/scrutin-public/2024/scr2024-303.html
2024-304,2025-06-09T22:00:00+00:00,"sur l'amendement n° 81, présenté par le Gouvernement, tendant à supprimer l'article 1er A de la proposition de loi relative à l'organisation, à la gestion et au financement du sport professionnel",76160,341,341,20,321,https://www.senat.fr/scrutin-public/2024/scr2024-304.html
2024-305,2025-06-09T22:00:00+00:00,"sur les amendements identiques n° 6 rectifié, présenté par M. Stéphane Piednoir et plusieurs de ses collègues, n° 85, présenté par le Gouvernement, et n° 95 rectifié, présenté par M. Didier Rambaud et les membres du groupe Rassemblement des démocrates, progressistes et indépendants, à l'article 1er de la proposition de loi relative à l'organisation, à la gestion et au financement du sport professionnel",76160,340,340,3,337,https://www.senat.fr/scrutin-public/2024/scr2024-305.html
2024-306,2025-06-09T22:00:00+00:00,"sur l'ensemble de la proposition de loi relative à l'organisation, à la gestion et au financement du sport professionnel",76160,340,339,338,1,https://www.senat.fr/scrutin-public/2024/scr2024-306.html
2024-307,2025-06-09T22:00:00+00:00,"sur l'amendement n° 13, présenté par le Gouvernement, tendant à insérer un article additionnel après l'article 4 bis de la proposition de loi visant à renforcer et sécuriser le pouvoir préfectoral de dérogation afin d'adapter les normes aux territoires",76222,341,340,241,99,https://www.senat.fr/scrutin-public/2024/scr2024-307.html
2024-308,2025-06-09T22:00:00+00:00,sur l'ensemble de la proposition de loi visant à renforcer et sécuriser le pouvoir préfectoral de dérogation afin d'adapter les normes aux territoires,76222,341,273,241,32,https://www.senat.fr/scrutin-public/2024/scr2024-308.html
2024-309,2025-06-10T22:00:00+00:00,"sur l'amendement n° 1 rectifié, présenté par Mme Anne-Sophie Romagny et plusieurs de ses collègues, tendant à insérer un article additionnel après l'article 1er de la proposition de loi portant diverses dispositions en matière de gestion des milieux aquatiques et de prévention des inondations (GEMAPI)",76077,341,260,241,19,https://www.senat.fr/scrutin-public/2024/scr2024-309.html
2024-31,2024-11-05T23:00:00+00:00,"sur lamendement n° 2 rectifié, présenté par Mme Raymonde Poncet Monge et les membres du groupe Écologiste - Solidarité et Territoires, à larticle 1er de la proposition de loi visant à poursuivre l'expérimentation relative au travail à temps partagé aux fins d'employabilité",73427,340,340,110,230,https://www.senat.fr/scrutin-public/2024/scr2024-31.html
2024-310,2025-06-10T22:00:00+00:00,sur l'ensemble de la proposition de loi portant diverses dispositions en matière de gestion des milieux aquatiques et de prévention des inondations (GEMAPI),76077,341,306,224,82,https://www.senat.fr/scrutin-public/2024/scr2024-310.html
2024-311,2025-06-10T22:00:00+00:00,sur l'ensemble de la proposition de loi visant à garantir une solution d'assurance à l'ensemble des collectivités territoriales,76410,341,323,323,0,https://www.senat.fr/scrutin-public/2024/scr2024-311.html
2024-312,2025-06-11T22:00:00+00:00,"sur l'amendement n° 2 rectifié, présenté par M. Frédéric Buval et les membres du groupe Rassemblement des Démocrates, Progressistes et Indépendants, à l'article 1er de la proposition de loi visant à reconnaître la responsabilité de l'État et à indemniser les victimes du chlordécone",73684,341,340,71,269,https://www.senat.fr/scrutin-public/2024/scr2024-312.html
2024-313,2025-06-11T22:00:00+00:00,"sur l'amendement n° 4 rectifié, présenté par M. Frédéric Buval et les membres du groupe Rassemblement des Démocrates, Progressistes et Indépendants, à l'article 1er de la proposition de loi visant à reconnaître la responsabilité de l'État et à indemniser les victimes du chlordécone",73684,341,340,36,304,https://www.senat.fr/scrutin-public/2024/scr2024-313.html
2024-314,2025-06-11T22:00:00+00:00,"sur l'amendement n° 21, présenté par le Gouvernement, à l'article 1er de la proposition de loi visant à reconnaître la responsabilité de l'État et à indemniser les victimes du chlordécone",73684,341,340,129,211,https://www.senat.fr/scrutin-public/2024/scr2024-314.html
2024-315,2025-06-11T22:00:00+00:00,"sur la demande de seconde délibération, présentée par le Gouvernement, de l'article 1er de la proposition de loi visant à reconnaître la responsabilité de l'État et à indemniser les victimes du chlordécone",73684,341,244,209,35,https://www.senat.fr/scrutin-public/2024/scr2024-315.html
2024-316,2025-06-11T22:00:00+00:00,"sur l'amendement n° A-1, présenté par le Gouvernement, à l'article 1er de la proposition de loi visant à reconnaître la responsabilité de l'État et à indemniser les victimes du chlordécone",73684,341,209,190,19,https://www.senat.fr/scrutin-public/2024/scr2024-316.html
2024-317,2025-06-11T22:00:00+00:00,sur l'article 1er de la proposition de loi visant à reconnaître la responsabilité de l'État et à indemniser les victimes du chlordécone,73684,341,320,319,1,https://www.senat.fr/scrutin-public/2024/scr2024-317.html
2024-318,2025-06-11T22:00:00+00:00,sur l'ensemble de la proposition de loi visant à reconnaître la responsabilité de l'État et à indemniser les victimes du chlordécone,73684,341,319,318,1,https://www.senat.fr/scrutin-public/2024/scr2024-318.html
2024-319,2025-06-11T22:00:00+00:00,"sur l'amendement n° 1 rectifié quinquies, présenté par M. Vincent Louault et plusieurs de ses collègues, tendant à supprimer l'article 1er de la proposition de loi visant à renforcer la protection des ressources en eau potable contre les pollutions diffuses",76130,341,341,204,137,https://www.senat.fr/scrutin-public/2024/scr2024-319.html
2024-32,2024-11-13T23:00:00+00:00,"sur les amendements identiques n° 2 rectifié bis, présenté par M. André Reichardt et plusieurs de ses collègues, et n° 6, présenté par Mme Olivia Richard au nom de la commission des lois, à l'article unique de la proposition de loi visant à interdire le démarchage téléphonique",,340,340,322,18,https://www.senat.fr/scrutin-public/2024/scr2024-32.html
2024-320,2025-06-11T22:00:00+00:00,"sur l'amendement n° 9, présenté par M. Jacques Fernique et les membres du groupe Écologiste - Solidarité et Territoires, tendant à insérer un article additionnel après l'article 1er de la proposition de loi visant à renforcer la protection des ressources en eau potable contre les pollutions diffuses",76130,341,340,102,238,https://www.senat.fr/scrutin-public/2024/scr2024-320.html
2024-321,2025-06-11T22:00:00+00:00,sur l'article 2 de la proposition de loi visant à renforcer la protection des ressources en eau potable contre les pollutions diffuses,76130,341,339,110,229,https://www.senat.fr/scrutin-public/2024/scr2024-321.html
2024-322,2025-06-11T22:00:00+00:00,sur l'article unique constituant l'ensemble de la proposition de loi instaurant un impôt plancher de 2 % sur le patrimoine des ultrariches,,341,317,129,188,https://www.senat.fr/scrutin-public/2024/scr2024-322.html
2024-323,2025-06-11T22:00:00+00:00,sur l'article 1er de la proposition de loi visant à mieux protéger les écosystèmes marins,76220,341,324,95,229,https://www.senat.fr/scrutin-public/2024/scr2024-323.html
2024-324,2025-06-11T22:00:00+00:00,"sur l'amendement n° 4, présenté par Mme Mathilde Ollivier et les membres du groupe Écologiste - Solidarité et Territoires, à l'article 2 de la proposition de loi visant à mieux protéger les écosystèmes marins",76220,341,322,94,228,https://www.senat.fr/scrutin-public/2024/scr2024-324.html
2024-325,2025-06-11T22:00:00+00:00,sur l'article 2 de la proposition de loi visant à mieux protéger les écosystèmes marins,76220,341,322,95,227,https://www.senat.fr/scrutin-public/2024/scr2024-325.html
2024-326,2025-06-17T22:00:00+00:00,sur l'ensemble de la proposition de loi visant à modifier la définition pénale du viol et des agressions sexuelles,,341,323,323,0,https://www.senat.fr/scrutin-public/2024/scr2024-326.html
2024-327,2025-06-18T22:00:00+00:00,"sur l'ensemble de la proposition de loi relative à la lutte contre l'antisémitisme, le racisme, les discriminations, les violences et la haine dans l'enseignement supérieur",75103,342,326,326,0,https://www.senat.fr/scrutin-public/2024/scr2024-327.html
2024-328,2025-06-18T22:00:00+00:00,"sur les amendements identiques n° 11 rectifié ter, présenté par Mme Marie-Pierre Monier et les membres du groupe Socialiste, Écologiste et Républicain, et n° 24, présenté par Mme Mathilde Ollivier et les membres du groupe Écologiste - Solidarité et Territoires, tendant à supprimer l'article 3 bis B de la proposition de loi visant à renforcer le parcours inclusif des enfants à besoins éducatifs particuliers",75213,322,320,114,206,https://www.senat.fr/scrutin-public/2024/scr2024-328.html
2024-329,2025-06-18T22:00:00+00:00,sur l'ensemble de la proposition de loi visant à renforcer le parcours inclusif des enfants à besoins éducatifs particuliers,75213,341,227,227,0,https://www.senat.fr/scrutin-public/2024/scr2024-329.html
2024-33,2024-11-13T23:00:00+00:00,sur lensemble de la proposition de loi visant à interdire le démarchage téléphonique,,340,340,340,0,https://www.senat.fr/scrutin-public/2024/scr2024-33.html
2024-330,2025-06-18T22:00:00+00:00,sur l'ensemble du texte élaboré par la commission mixte paritaire sur la proposition de loi sur la profession d'infirmier,,341,341,341,0,https://www.senat.fr/scrutin-public/2024/scr2024-330.html
2024-331,2025-06-22T22:00:00+00:00,sur l'article 10 constituant l'ensemble du projet de loi relative aux résultats de la gestion et portant approbation des comptes de l'année 2024,76358,341,321,20,301,https://www.senat.fr/scrutin-public/2024/scr2024-331.html
2024-332,2025-06-22T22:00:00+00:00,sur l'article 3 constituant l'ensemble du projet de loi d'approbation des comptes de la sécurité sociale de l'année 2024,,341,321,20,301,https://www.senat.fr/scrutin-public/2024/scr2024-332.html
2024-333,2025-06-23T22:00:00+00:00,"sur l'amendement n° 15, présenté par Mme Cathy Apourceau-Poly et les membres du groupe Communiste Républicain Citoyen et Écologiste - Kanaky, à l'article 30 du projet de loi relatif à l'organisation des jeux Olympiques et Paralympiques de 2030",76565,286,286,98,188,https://www.senat.fr/scrutin-public/2024/scr2024-333.html
2024-334,2025-06-30T22:00:00+00:00,sur l'ensemble de la proposition de loi visant à faire exécuter les peines d'emprisonnement ferme,75159,341,305,205,100,https://www.senat.fr/scrutin-public/2024/scr2024-334.html
2024-335,2025-07-01T22:00:00+00:00,sur l'ensemble du texte élaboré par la commission mixte paritaire sur la proposition de loi visant à lever les contraintes à lexercice du métier d'agriculteur,75364,344,334,232,102,https://www.senat.fr/scrutin-public/2024/scr2024-335.html
2024-336,2025-07-01T22:00:00+00:00,"sur les amendements identiques n° 3 rectifié bis, présenté par M. Éric Kerrouche et les membres du groupe Socialiste, Écologiste et Républicain, et n° 7, présenté par le Gouvernement, à l'article 4 de la proposition de loi relative à la protection sociale complémentaire des agents publics territoriaux",75881,341,319,177,142,https://www.senat.fr/scrutin-public/2024/scr2024-336.html
2024-337,2025-07-02T22:00:00+00:00,"sur la motion n° 18, présentée par Mme Cathy Apourceau-Poly et les membres du groupe Communiste Républicain Citoyen et Écologiste - Kanaky, tendant à opposer la question préalable à la proposition de loi visant à permettre aux salariés de certains établissements et services de travailler le 1er mai",76437,341,326,101,225,https://www.senat.fr/scrutin-public/2024/scr2024-337.html
2024-338,2025-07-02T22:00:00+00:00,"sur les amendements identiques n° 3, présenté par Mme Corinne Lubin et les membres du groupe Socialiste, Écologiste et Républicain, n° 4, présenté par Mme Cathy Apourceau-Poly et les membres du groupe Communiste Républicain Citoyen et Écologiste - Kanaky, et n° 15, présenté par Mme Raymonde Poncet Monge et les membres du groupe Écologiste - Solidarité et Territoires, tendant à supprimer l'article unique de la proposition de loi visant à permettre aux salariés de certains établissements et services de travailler le 1er mai",76437,341,331,106,225,https://www.senat.fr/scrutin-public/2024/scr2024-338.html
2024-339,2025-07-02T22:00:00+00:00,"sur l'amendement n° 10, présenté par Mme Raymonde Poncet Monge et les membres du groupe Écologiste - Solidarité et Territoires, à l'article unique de la proposition de loi visant à permettre aux salariés de certains établissements et services de travailler le 1er mai",76437,341,324,98,226,https://www.senat.fr/scrutin-public/2024/scr2024-339.html
2024-34,2024-11-13T23:00:00+00:00,sur larticle 1er de la proposition de loi constitutionnelle visant à accélérer le redressement des finances publiques,75044,340,339,18,321,https://www.senat.fr/scrutin-public/2024/scr2024-34.html
2024-340,2025-07-02T22:00:00+00:00,"sur l'amendement n° 11, présenté par Mme Raymonde Poncet Monge et les membres du groupe Écologiste -Solidarité et Territoires, à l'article unique de la proposition de loi visant à permettre aux salariés de certains établissements et services de travailler le 1er mai",76437,341,324,98,226,https://www.senat.fr/scrutin-public/2024/scr2024-340.html
2024-341,2025-07-02T22:00:00+00:00,"sur l'amendement n° 12, présenté par Mme Raymonde Poncet Monge et les membres du groupe Écologiste - Solidarité et Territoires, à larticle unique de la proposition de loi visant à permettre aux salariés de certains établissements et services de travailler le 1er mai",76437,341,331,105,226,https://www.senat.fr/scrutin-public/2024/scr2024-341.html
2024-342,2025-07-02T22:00:00+00:00,sur l'article unique de la proposition de loi visant à permettre aux salariés de certains établissements et services de travailler le 1er mai,76437,341,332,225,107,https://www.senat.fr/scrutin-public/2024/scr2024-342.html
2024-343,2025-07-02T22:00:00+00:00,sur l'ensemble de la proposition de loi visant à permettre aux salariés de certains établissements et services de travailler le 1er mai,76437,341,340,228,112,https://www.senat.fr/scrutin-public/2024/scr2024-343.html
2024-344,2025-07-02T22:00:00+00:00,sur l'article unique constituant l'ensemble de la proposition de loi portant pérennisation du contrat de professionnalisation expérimental,76197,341,243,243,0,https://www.senat.fr/scrutin-public/2024/scr2024-344.html
2024-345,2025-07-07T22:00:00+00:00,"sur l'amendement n° 20 rectifié bis, présenté par M. Stéphane Piednoir et plusieurs de ses collègues, à l'article 5 de la proposition de loi portant programmation nationale et simplification normative dans le secteur économique de l'énergie (deuxième lecture)",74288,341,222,3,219,https://www.senat.fr/scrutin-public/2024/scr2024-345.html
2024-346,2025-07-07T22:00:00+00:00,"sur les amendements identiques n° 8, présenté par M. Sébastien Fagnen, n° 23 rectifié, présenté par Mme Denise Saint-Pé et plusieurs de ses collègues, n° 81 rectifié, présenté par M. David Margueritte et plusieurs de ses collègues, et n° 167 rectifié, présenté par M. Philippe Grosvalet et plusieurs de ses collègues, à l'article 5 de la proposition de loi portant programmation nationale et simplification normative dans le secteur économique de l'énergie (deuxième lecture)",74288,341,322,118,204,https://www.senat.fr/scrutin-public/2024/scr2024-346.html
2024-347,2025-07-07T22:00:00+00:00,sur l'ensemble de la proposition de loi portant programmation nationale et simplification normative dans le secteur économique de l'énergie (deuxième lecture),74288,345,245,221,24,https://www.senat.fr/scrutin-public/2024/scr2024-347.html
2024-348,2025-07-08T22:00:00+00:00,sur l'ensemble de la proposition de loi visant à faciliter le maintien en rétention des personnes condamnées pour des faits d'une particulière gravité et présentant de forts risques de récidive (deuxième lecture),75877,341,336,228,108,https://www.senat.fr/scrutin-public/2024/scr2024-348.html
2024-349,2025-07-08T22:00:00+00:00,sur l'article 1er de la proposition de loi visant à réformer le mode d'élection des membres du conseil de Paris et des conseils municipaux de Lyon et de Marseille (deuxième lecture),75220,337,333,86,247,https://www.senat.fr/scrutin-public/2024/scr2024-349.html
2024-35,2024-11-13T23:00:00+00:00,sur larticle 12 constituant l'ensemble de la proposition de loi constitutionnelle visant à accélérer le redressement des finances publiques,75044,340,339,34,305,https://www.senat.fr/scrutin-public/2024/scr2024-35.html
2024-350,2025-07-08T22:00:00+00:00,sur l'article 6 de la proposition de loi visant à réformer le mode d'élection des membres du conseil de Paris et des conseils municipaux de Lyon et de Marseille (deuxième lecture),75220,337,334,87,247,https://www.senat.fr/scrutin-public/2024/scr2024-350.html
2024-351,2025-07-09T22:00:00+00:00,sur l'ensemble du texte élaboré par la commission mixte paritaire sur le projet de loi de programmation pour la refondation de Mayotte,,341,244,228,16,https://www.senat.fr/scrutin-public/2024/scr2024-351.html
2024-352,2025-07-09T22:00:00+00:00,sur l'ensemble du texte élaboré par la commission mixte paritaire sur le projet de loi organique relatif au Département-Région de Mayotte,76417,341,278,278,0,https://www.senat.fr/scrutin-public/2024/scr2024-352.html
2024-353,2025-07-09T22:00:00+00:00,sur l'ensemble du texte élaboré par la commission mixte paritaire sur le projet de loi portant transposition des accords nationaux interprofessionnels en faveur de l'emploi des salariés expérimentés et relatif à l'évolution du dialogue social,76498,341,307,307,0,https://www.senat.fr/scrutin-public/2024/scr2024-353.html
2024-354,2025-07-09T22:00:00+00:00,"sur la motion n° 1, présentée par Mme Monique de Marco et les membres du groupe Écologiste - Solidarité et Territoires, tendant à opposer l'exception d'irrecevabilité à la proposition de loi relative à la réforme de l'audiovisuel public et à la souveraineté audiovisuelle (deuxième lecture)",71973,341,340,99,241,https://www.senat.fr/scrutin-public/2024/scr2024-354.html
2024-355,2025-07-09T22:00:00+00:00,"sur la motion n° 2, présentée par Mme Sylvie Robert et les membres du groupe Socialiste, Écologiste et Républicain, tendant à opposer la question préalable à la proposition de loi relative à la réforme de l'audiovisuel public et à la souveraineté audiovisuelle (deuxième lecture)",71973,341,341,99,242,https://www.senat.fr/scrutin-public/2024/scr2024-355.html
2024-356,2025-07-09T22:00:00+00:00,"sur la motion n° 7, présentée par M. Jérémy Bacchi et les membres du groupe Communiste Républicain Citoyen et Écologiste - Kanaky, tendant au renvoi en commission de la proposition de loi relative à la réforme de l'audiovisuel public et à la souveraineté audiovisuelle (deuxième lecture)",71973,341,341,99,242,https://www.senat.fr/scrutin-public/2024/scr2024-356.html
2024-357,2025-07-09T22:00:00+00:00,"sur l'amendement n° 234, présenté par Mme Monique de Marco et les membres du groupe Écologiste - Solidarité et Territoires, à l'intitulé du chapitre Ier de la proposition de loi relative à la réforme de l'audiovisuel public et à la souveraineté audiovisuelle (deuxième lecture)",71973,341,341,99,242,https://www.senat.fr/scrutin-public/2024/scr2024-357.html
2024-358,2025-07-09T22:00:00+00:00,"sur les amendements identiques n° 8, présenté par M. Jérémy Bacchi et les membres du groupe Communiste Républicain Citoyen et Écologiste - Kanaky, n° 61, présenté par Mme Sylvie Robert et les membres du groupe Socialiste, Écologiste et Républicain, et n° 220, présenté par Mme Monique de Marco et les membres du groupe Écologiste - Solidarité et Territoires, tendant à supprimer l'article 1er de la proposition de loi relative à la réforme de l'audiovisuel public et à la souveraineté audiovisuelle (deuxième lecture)",71973,341,328,103,225,https://www.senat.fr/scrutin-public/2024/scr2024-358.html
2024-359,2025-07-09T22:00:00+00:00,"sur l'amendement n° 298 rectifié, présenté par Mme Monique de Marco et les membres du groupe Écologiste - Solidarité et Territoires, à l'article 1er de la proposition de loi relative à la réforme de l'audiovisuel public et à la souveraineté audiovisuelle (deuxième lecture)",71973,341,341,113,228,https://www.senat.fr/scrutin-public/2024/scr2024-359.html
2024-36,2024-11-13T23:00:00+00:00,"sur lensemble de la proposition de résolution, en application de l'article 34-1 de la Constitution, visant à condamner les actions des rebelles houthis en mer Rouge et à appeler à une action internationale pour protéger le commerce maritime et lenvironnement dans cette zone",75063,340,322,322,0,https://www.senat.fr/scrutin-public/2024/scr2024-36.html
2024-360,2025-07-09T22:00:00+00:00,"sur les amendements identiques n° 15 rectifié, présenté par M. Roger Karoutchi et plusieurs de ses collègues, n° 20, présenté par M. Jérémy Bacchi et les membres du groupe Communiste Républicain Citoyen et Écologiste - Kanaky, n° 69, présenté par Mme Sylvie Robert et les membres du groupe Socialiste, Écologiste et Républicain, n° 210 rectifié bis, présenté par Mme Sophie Briante Guillemont et plusieurs de ses collègues, n° 212, présenté par Mme Mathilde Ollivier et les membres du groupe Écologiste - Solidarité et Territoires, et n° 255, présenté par le Gouvernement, à l'article 1er de la proposition de loi relative à la réforme de l'audiovisuel public et à la souveraineté audiovisuelle (deuxième lecture)",71973,341,335,266,69,https://www.senat.fr/scrutin-public/2024/scr2024-360.html
2024-361,2025-07-09T22:00:00+00:00,"sur les amendements identiques n° 23, présenté par M. Jérémy Bacchi et les membres du groupe Communiste Républicain Citoyen et Écologiste - Kanaky, n° 70, présenté par Mme Sylvie Robert et les membres du groupe Socialiste, Écologiste et Républicain, et n° 223, présenté par Mme Monique de Marco et plusieurs de ses collègues, à l'article 1er de la proposition de loi relative à la réforme de l'audiovisuel public et à la souveraineté audiovisuelle (deuxième lecture)",71973,340,340,112,228,https://www.senat.fr/scrutin-public/2024/scr2024-361.html
2024-362,2025-07-09T22:00:00+00:00,"sur l'amendement n° 226, présenté par Mme Monique de Marco et les membres du groupe Écologiste - Solidarité et Territoires, à l'article 1er de la proposition de loi relative à la réforme de l'audiovisuel public et à la souveraineté audiovisuelle (deuxième lecture)",71973,340,340,112,228,https://www.senat.fr/scrutin-public/2024/scr2024-362.html
2024-363,2025-07-09T22:00:00+00:00,"sur l'amendement n° 71, présenté par Mme Sylvie Robert et les membres du groupe Socialiste, Écologiste et Républicain, à l'article 1er de la proposition de loi relative à la réforme de l'audiovisuel public et à la souveraineté audiovisuelle (deuxième lecture)",71973,340,340,112,228,https://www.senat.fr/scrutin-public/2024/scr2024-363.html
2024-364,2025-07-09T22:00:00+00:00,"sur l'amendement n° 73, présenté par Mme Sylvie Robert et les membres du groupe Socialiste, Écologiste et Républicain, à l'article 1er de la proposition de loi relative à la réforme de l'audiovisuel public et à la souveraineté audiovisuelle (deuxième lecture)",71973,340,340,112,228,https://www.senat.fr/scrutin-public/2024/scr2024-364.html
2024-365,2025-07-09T22:00:00+00:00,"sur l'amendement n° 74, présenté par Mme Sylvie Robert et les membres du groupe Socialiste, Écologiste et Républicain, à l'article 1er de la proposition de loi relative à la réforme de l'audiovisuel public et à la souveraineté audiovisuelle (deuxième lecture)",71973,340,340,112,228,https://www.senat.fr/scrutin-public/2024/scr2024-365.html
2024-366,2025-07-10T22:00:00+00:00,"sur les amendements identiques n° 75, présenté par Mme Sylvie Robert et les membres du groupe Socialiste, Écologiste et Républicain, et n° 224, présenté par Mme Monique de Marco et les membres du groupe Écologiste - Solidarité et Territoires, à l'article 1er de la proposition de loi relative à la réforme de l'audiovisuel public et à la souveraineté audiovisuelle (deuxième lecture)",71973,340,337,112,225,https://www.senat.fr/scrutin-public/2024/scr2024-366.html
2024-367,2025-07-10T22:00:00+00:00,"sur l'ensemble du texte, en ne retenant que les amendements proposés ou acceptés par le Gouvernement en application de l'article 44, alinéa 3 de la Constitution de la proposition de loi relative à la réforme de l'audiovisuel public et à la souveraineté audiovisuelle (deuxième lecture)",71973,340,307,194,113,https://www.senat.fr/scrutin-public/2024/scr2024-367.html
2024-37,2024-11-13T23:00:00+00:00,"sur lamendement n° 1 rectifié sexies, présenté par M. Jean-Pierre Grand et plusieurs de ses collègues, tendant à supprimer larticle 1er de la proposition de loi visant à interdire la corrida et les combats de coqs en présence de mineurs de moins de seize ans",74130,322,309,254,55,https://www.senat.fr/scrutin-public/2024/scr2024-37.html
2024-38,2024-11-13T23:00:00+00:00,"sur l'amendement n° 3 rectifié, présenté par Mme Raymonde Poncet Monge et les membres du groupe Écologiste - Solidarité et Territoires, tendant à insérer un article additionnel après l'article 1er de la proposition de loi visant à interdire la corrida et les combats de coqs en présence de mineurs de moins de seize ans",74130,318,306,47,259,https://www.senat.fr/scrutin-public/2024/scr2024-38.html
2024-39,2024-11-13T23:00:00+00:00,"sur les amendements n° 2 rectifié quinquies, présenté par M. Jean-Pierre Grand et plusieurs de ses collègues, et n° 7, présenté par M. Arnaud Bazin et Mme Samantha Cazebonne, tendant à supprimer larticle 2 de la proposition de loi visant à interdire la corrida et les combats de coqs en présence de mineurs de moins de seize ans",74130,319,301,237,64,https://www.senat.fr/scrutin-public/2024/scr2024-39.html
2024-4,2024-10-09T22:00:00+00:00,sur larticle 3 de la proposition de loi visant à mettre en place une imposition des sociétés plus juste et plus écologique,72703,331,331,98,233,https://www.senat.fr/scrutin-public/2024/scr2024-4.html
2024-46,2024-11-18T23:00:00+00:00,"sur l'amendement n° 358 rectifié, présenté par M. Franck Dhersin et plusieurs de ses collègues, tendant à insérer un article additionnel après l'article 3 quater du projet de loi de financement de la sécurité sociale pour 2025",,340,313,131,182,https://www.senat.fr/scrutin-public/2024/scr2024-46.html
2024-47,2024-11-18T23:00:00+00:00,"sur l'amendement n° 359 rectifié, présenté par M. Franck Dhersin et plusieurs de ses collègues, tendant à insérer un article additionnel après l'article 3 quater du projet de loi de financement de la sécurité sociale pour 2025",,343,318,132,186,https://www.senat.fr/scrutin-public/2024/scr2024-47.html
2024-48,2024-11-18T23:00:00+00:00,"sur les amendements identiques n° 197, présenté par M. Joshua Hochart et plusieurs de ses collègues, n° 246 rectifié sexies, présenté par M. Vincent Louault et plusieurs de ses collègues, n° 405 rectifié ter, présenté par M. Xavier Iacovelli et plusieurs de ses collègues, et n° 609 rectifié bis, présenté par M. Michel Masset et plusieurs de ses collègues, tendant à supprimer larticle 6 du projet de loi de financement de la sécurité sociale pour 2025",,322,318,31,287,https://www.senat.fr/scrutin-public/2024/scr2024-48.html
2024-49,2024-11-18T23:00:00+00:00,"sur l'amendement n° 1226, présenté par M. Xavier Iacovelli et les membres du groupe Rassemblement des démocrates, progressistes et indépendants, à larticle 6 du projet de loi de financement de la sécurité sociale pour 2025",,340,340,20,320,https://www.senat.fr/scrutin-public/2024/scr2024-49.html
2024-5,2024-10-09T22:00:00+00:00,sur larticle 1er A de la proposition de loi visant à assurer la mixité sociale et scolaire dans les établissements d'enseignement publics et privés sous contrat du premier et du second degrés et à garantir davantage de transparence dans les procédures d'affectation et de financement des établissements privés sous contrat,74129,330,307,109,198,https://www.senat.fr/scrutin-public/2024/scr2024-5.html
2024-50,2024-11-18T23:00:00+00:00,"sur les amendements identiques n° 385 rectifié, présenté par M. Franck Dhersin et plusieurs de ses collègues, et n° 799 rectifié bis, présenté par Mme Brigitte Micouleau et plusieurs de ses collègues, à larticle 6 du projet de loi de financement de la sécurité sociale pour 2025",,340,340,243,97,https://www.senat.fr/scrutin-public/2024/scr2024-50.html
2024-51,2024-11-18T23:00:00+00:00,"sur l'amendement n° 121 rectifié, présenté par Mme Élisabeth Doineau au nom de la commission des affaires sociales, à l'article 6 du projet de loi de financement de la sécurité sociale pour 2025",,340,340,243,97,https://www.senat.fr/scrutin-public/2024/scr2024-51.html
2024-52,2024-11-18T23:00:00+00:00,"sur l'amendement n° 122, présenté par Mme Élisabeth Doineau au nom de la commission des affaires sociales, à l'article 6 du projet de loi de financement de la sécurité sociale pour 2025",,340,246,208,38,https://www.senat.fr/scrutin-public/2024/scr2024-52.html
2024-53,2024-11-19T23:00:00+00:00,"sur lamendement n° 586 rectifié, présenté par M. Henri Cabanel et plusieurs de ses collègues, tendant à insérer un article additionnel après larticle 6 du projet de loi de financement de la sécurité sociale pour 2025",,343,341,341,0,https://www.senat.fr/scrutin-public/2024/scr2024-53.html
2024-54,2024-11-19T23:00:00+00:00,"sur les amendements identiques n° 108 rectifié, présenté par MM. François Bonhomme et Patrick Chaize, n° 112 rectifié, présenté par Mme Valérie Boyer et plusieurs de ses collègues, n° 247 rectifié sexies, présenté par M. Vincent Louault et plusieurs de ses collègues, n° 283, présenté par M. Aymeric Durox et plusieurs de ses collègues, n° 855 rectifié bis, présenté par M. Christophe Chaillou et plusieurs de ses collègues, et n° 1158 rectifié, présenté par M. Michel Masset et plusieurs de ses collègues, tendant à supprimer larticle 7 du projet de loi de financement de la sécurité sociale pour 2025",,343,331,60,271,https://www.senat.fr/scrutin-public/2024/scr2024-54.html
2024-55,2024-11-19T23:00:00+00:00,"sur les amendements identiques n° 198, présenté par M. Joshua Hochart et plusieurs de ses collègues, n° 215 rectifié bis, présenté par M. Cyril Pellevat et plusieurs de ses collègues, n° 248 rectifié sexies, présenté par M. Vincent Louault et plusieurs de ses collègues, n° 278 rectifié bis, présenté par Mme Annick Billon et plusieurs de ses collègues, n° 415 rectifié bis, présenté par M. Franck Menonville et plusieurs de ses collègues, n° 664, présenté par Mme Monique Lubin et les membres du groupe Socialiste, Écologiste et Républicain, n° 939, présenté par Mme Silvana Silvani et les membres du groupe Communiste Républicain Citoyen et Écologiste - Kanaky, n° 1159 rectifié, présenté par M. Michel Masset et les membres du groupe du Rassemblement Démocratique et Social Européen, et n° 1227 rectifié, présenté par M. Dominique Théophile et les membres du groupe Rassemblement des démocrates, progressistes et indépendants, à larticle 7 du projet de loi de financement de la sécurité sociale pour 2025",,343,335,133,202,https://www.senat.fr/scrutin-public/2024/scr2024-55.html
2024-56,2024-11-19T23:00:00+00:00,"sur l'amendement n° 125, présenté par Mme Élisabeth Doineau au nom de la commission des affaires sociales, tendant à insérer un article additionnel après larticle 7 du projet de loi de financement de la sécurité sociale pour 2025",,343,335,216,119,https://www.senat.fr/scrutin-public/2024/scr2024-56.html
2024-57,2024-11-20T23:00:00+00:00,"sur lamendement n° 610 rectifié, présenté par M. Michel Masset et plusieurs de ses collègues, à l'article 9 du projet de loi de financement de la sécurité sociale pour 2025",,340,220,34,186,https://www.senat.fr/scrutin-public/2024/scr2024-57.html
2024-58,2024-11-20T23:00:00+00:00,"sur lamendement n° 435 rectifié ter, présenté par M. Alain Milon et plusieurs de ses collègues, à l'article 9 du projet de loi de financement de la sécurité sociale pour 2025",,340,338,51,287,https://www.senat.fr/scrutin-public/2024/scr2024-58.html
2024-59,2024-11-20T23:00:00+00:00,"sur le sous-amendement n° 1378, présenté par le Gouvernement, à l'amendement n° 128, présenté par Mme Élisabeth Doineau au nom de la commission des affaires sociales, à l'article 9 du projet de loi de financement de la sécurité sociale pour 2025",,340,340,235,105,https://www.senat.fr/scrutin-public/2024/scr2024-59.html
2024-6,2024-10-09T22:00:00+00:00,sur larticle 1er de la proposition de loi visant à assurer la mixité sociale et scolaire dans les établissements d'enseignement publics et privés sous contrat du premier et du second degrés et à garantir davantage de transparence dans les procédures d'affectation et de financement des établissements privés sous contrat,74129,331,326,109,217,https://www.senat.fr/scrutin-public/2024/scr2024-6.html
2024-60,2024-11-20T23:00:00+00:00,"sur lamendement n° 128, présenté par Mme Élisabeth Doineau au nom de la commission des affaires sociales, à l'article 9 du projet de loi de financement de la sécurité sociale pour 2025",,340,340,226,114,https://www.senat.fr/scrutin-public/2024/scr2024-60.html
2024-61,2024-11-20T23:00:00+00:00,"sur le sous-amendement n° 1377, présenté par le Gouvernement, à l'amendement n° 129, présenté par Mme Élisabeth Doineau au nom de la commission des affaires sociales, à l'article 9 du projet de loi de financement de la sécurité sociale pour 2025",,340,308,226,82,https://www.senat.fr/scrutin-public/2024/scr2024-61.html
2024-62,2024-11-20T23:00:00+00:00,"sur lamendement n° 129, présenté par Mme Élisabeth Doineau au nom de la commission des affaires sociales, à l'article 9 du projet de loi de financement de la sécurité sociale pour 2025",,340,279,226,53,https://www.senat.fr/scrutin-public/2024/scr2024-62.html
2024-63,2024-11-20T23:00:00+00:00,"sur l'amendement n° 135 rectifié bis, présenté par Mme Élisabeth Doineau au nom de la commission des affaires sociales, tendant à insérer un article additionnel après l'article 9 bis du projet de loi de financement de la sécurité sociale pour 2025",,340,243,241,2,https://www.senat.fr/scrutin-public/2024/scr2024-63.html
2024-64,2024-11-20T23:00:00+00:00,"sur l'amendement n° 454 rectifié, présenté par M. Thomas Dossus et les membres du groupe Écologiste - Solidarité et Territoires, tendant à insérer un article additionnel après l'article 9 bis du projet de loi de financement de la sécurité sociale pour 2025",,340,277,16,261,https://www.senat.fr/scrutin-public/2024/scr2024-64.html
2024-65,2024-11-20T23:00:00+00:00,"sur l'amendement n° 1393, présenté par le Gouvernement, à l'article 14 du projet de loi de financement de la sécurité sociale pour 2025",,340,337,228,109,https://www.senat.fr/scrutin-public/2024/scr2024-65.html
2024-66,2024-11-20T23:00:00+00:00,sur l'ensemble de la deuxième partie du projet de loi de financement de la sécurité sociale pour 2025,,340,337,229,108,https://www.senat.fr/scrutin-public/2024/scr2024-66.html
2024-67,2024-11-21T23:00:00+00:00,"sur les amendements identiques n° 101 rectifié, présenté par M. Alain Milon et plusieurs de ses collègues, n° 580 rectifié, présenté par Mme Maryse Carrère et plusieurs de ses collègues, n° 883, présenté par Mme Christine Bonfanti-Dossat et plusieurs de ses collègues, n° 967, présenté par Mme Céline Brulin et les membres du groupe Communiste Républicain Citoyen et Écologiste - Kanaky, et n° 1123, présenté par Mme Anne Souyris et les membres du groupe Écologiste - Solidarité et Territoires, tendant à supprimer larticle 15 du projet de loi de financement de la sécurité sociale pour 2025",,340,335,112,223,https://www.senat.fr/scrutin-public/2024/scr2024-67.html
2024-68,2024-11-21T23:00:00+00:00,"les amendements identiques n° 399 rectifié, présenté par M. Alain Milon et plusieurs de ses collègues, n° 1013, présenté par Mme Céline Brulin et les membres du groupe Communiste Républicain Citoyen et Écologiste - Kanaky, et n° 1109, présenté par Mme Anne Souyris et les membres du groupe Écologiste - Solidarité et Territoires, tendant à supprimer larticle 16 du projet de loi de financement de la sécurité sociale pour 2025",,340,329,122,207,https://www.senat.fr/scrutin-public/2024/scr2024-68.html
2024-69,2024-11-21T23:00:00+00:00,"sur l'amendement n° 1332 rectifié, présenté par le Gouvernement, tendant à insérer un article additionnel après larticle 16 du projet de loi de financement de la sécurité sociale pour 2025",,343,323,221,102,https://www.senat.fr/scrutin-public/2024/scr2024-69.html
2024-7,2024-10-09T22:00:00+00:00,sur larticle 2 constituant l'ensemble de la proposition de loi visant à assurer la mixité sociale et scolaire dans les établissements d'enseignement publics et privés sous contrat du premier et du second degrés et à garantir davantage de transparence dans les procédures d'affectation et de financement des établissements privés sous contrat,74129,331,327,109,218,https://www.senat.fr/scrutin-public/2024/scr2024-7.html
2024-70,2024-11-21T23:00:00+00:00,"sur l'amendement n° 151, présenté par Mme Corinne Imbert au nom de la commission des affaires sociales, tendant à insérer un article additionnel après l'article 16 du projet de loi de financement de la sécurité sociale pour 2025",,343,341,214,127,https://www.senat.fr/scrutin-public/2024/scr2024-70.html
2024-71,2024-11-21T23:00:00+00:00,"sur l'amendement n° 969, présenté par Mme Céline Brulin et les membres du groupe Communiste Républicain Citoyen et Écologiste - Kanaky, tendant à supprimer l'article 17 du projet de loi de financement de la sécurité sociale pour 2025",,340,276,35,241,https://www.senat.fr/scrutin-public/2024/scr2024-71.html
2024-72,2024-11-21T23:00:00+00:00,"sur l'amendement n° 781, présenté par Mme Anne Souyris et les membres du groupe Écologiste   Solidarité et Territoires, tendant à insérer un article additionnel après l'article 17 du projet de loi de financement de la sécurité sociale pour 2025",,340,327,99,228,https://www.senat.fr/scrutin-public/2024/scr2024-72.html
2024-73,2024-11-21T23:00:00+00:00,"sur les amendements identiques n° 319, présenté par M. Aymeric Durox et plusieurs de ses collègues, n° 667, présenté par Mme Monique Lubin et les membres du groupe Socialiste, Écologiste et Républicain, n° 830, présenté par Mme Raymonde Poncet Monge et les membres du groupe Écologiste - Solidarité et Territoires, et n° 1010, présenté par Mme Cathy Apourceau-Poly et les membres du groupe Communiste Républicain Citoyen et Écologiste  Kanaky, tendant à supprimer larticle 23 du projet de loi de financement de la sécurité sociale pour 2025",,343,332,122,210,https://www.senat.fr/scrutin-public/2024/scr2024-73.html
2024-74,2024-11-21T23:00:00+00:00,"sur lamendement n° 1260 rectifié, présenté par M. Philippe Grosvalet et plusieurs de ses collègues, à larticle 23 du projet de loi de financement de la sécurité sociale pour 2025",,343,223,13,210,https://www.senat.fr/scrutin-public/2024/scr2024-74.html
2024-75,2024-11-21T23:00:00+00:00,"sur lamendement n° 194 rectifié, présenté par Mme Pascale Gruny au nom de la commission des affaires sociales, à larticle 23 du projet de loi de financement de la sécurité sociale pour 2025",,341,331,231,100,https://www.senat.fr/scrutin-public/2024/scr2024-75.html
2024-76,2024-11-22T23:00:00+00:00,sur lensemble de la troisième partie du projet de loi de financement de la sécurité sociale pour 2025,,339,327,229,98,https://www.senat.fr/scrutin-public/2024/scr2024-76.html
2024-77,2024-11-24T23:00:00+00:00,"sur la motion n° I-1541, présentée par M. Pascal Savoldelli et les membres du groupe Communiste Républicain Citoyen et Écologiste - Kanaky, tendant à opposer la question préalable au projet de loi de finances pour 2025",,340,260,18,242,https://www.senat.fr/scrutin-public/2024/scr2024-77.html
2024-78,2024-11-24T23:00:00+00:00,sur lensemble du projet de loi de finances de fin de gestion pour 2024,,343,333,232,101,https://www.senat.fr/scrutin-public/2024/scr2024-78.html
2024-79,2024-11-24T23:00:00+00:00,sur l'article 40 du projet de loi de finances pour 2025,,343,343,322,21,https://www.senat.fr/scrutin-public/2024/scr2024-79.html
2024-8,2024-10-14T22:00:00+00:00,sur l'ensemble de la proposition de loi pour améliorer la prise en charge de la sclérose latérale amyotrophique et d'autres maladies évolutives graves,,335,335,335,0,https://www.senat.fr/scrutin-public/2024/scr2024-8.html
2024-80,2024-11-24T23:00:00+00:00,"sur les amendements identiques n° I-86 rectifié bis, présenté par M. Antoine Lefèvre et plusieurs de ses collègues, n° I-635 rectifié bis, présenté par Mme Christine Lavarde et plusieurs de ses collègues, et n° I-774 rectifié quater, présenté par M. Franck Dhersin et plusieurs de ses collègues, tendant à insérer un article additionnel après larticle 2 du projet de loi de finances pour 2025",,343,292,139,153,https://www.senat.fr/scrutin-public/2024/scr2024-80.html
2024-81,2024-11-24T23:00:00+00:00,"sur les amendements identiques n° I-397 rectifié, présenté par M. Éric Gold et plusieurs de ses collègues, n° I-918 rectifié, présenté par M. Thierry Cozic et les membres du groupe Socialiste, Écologiste et Républicain, et n° I-1670 rectifié, présenté par M. Grégory Blanc et les membres du groupe Écologiste - Solidarité et Territoires, tendant à insérer un article additionnel après larticle 2 du projet de loi de finances pour 2025",,343,342,110,232,https://www.senat.fr/scrutin-public/2024/scr2024-81.html
2024-82,2024-11-24T23:00:00+00:00,"sur les amendements identiques n° I-121 rectifié quinquies, présenté par M. Vincent Louault et plusieurs de ses collègues, n° I-253 rectifié quinquies, présenté par M. Yves Bleunven et plusieurs de ses collègues, et n° I-285 rectifié quinquies, présenté par MM. Gilbert Favreau et Christian Bruyen, tendant à insérer un article additionnel après larticle 2 du projet de loi de finances pour 2025",,340,304,78,226,https://www.senat.fr/scrutin-public/2024/scr2024-82.html
2024-83,2024-11-24T23:00:00+00:00,"sur lamendement n° I-1009, présenté par Mme Laurence Rossignol et les membres du groupe Socialiste, Écologiste et Républicain, tendant à insérer un article additionnel après larticle 2 du projet de loi de finances pour 2025",,340,332,127,205,https://www.senat.fr/scrutin-public/2024/scr2024-83.html
2024-84,2024-11-25T23:00:00+00:00,sur lensemble du projet de loi de financement de la sécurité sociale pour 2025,,336,311,202,109,https://www.senat.fr/scrutin-public/2024/scr2024-84.html
2024-85,2024-11-25T23:00:00+00:00,"sur les amendements identiques n° I-658, présenté par M. Pascal Savoldelli et les membres du groupe Communiste Républicain Citoyen et Écologiste - Kanaky, n° I-943, présenté par Mme Florence Blatrix Contat et les membres du groupe Socialiste, Écologiste et Républicain, et n° I-1671, présenté par M. Grégory Blanc et les membres du groupe Écologiste Solidarité et Territoires, tendant à insérer un article additionnel après l'article 3 du projet de loi de finances pour 2025",,343,340,114,226,https://www.senat.fr/scrutin-public/2024/scr2024-85.html
2024-86,2024-11-25T23:00:00+00:00,"sur les amendements identiques n° I-659, présenté par MM. Pascal Savoldelli et Pierre Barros et les membres du groupe Communiste Républicain Citoyen et Écologiste - Kanaky, et n° I-1515 rectifié, présenté par M. Bernard Delcros et plusieurs de ses collègues, tendant à insérer un article additionnel après larticle 3 du projet de loi de finances pour 2025",,343,340,173,167,https://www.senat.fr/scrutin-public/2024/scr2024-86.html
2024-87,2024-11-25T23:00:00+00:00,"sur lamendement n° I-400 rectifié, présenté par M. Christian Bilhac et plusieurs de ses collègues, tendant à insérer un article additionnel après larticle 3 du projet de loi de finances pour 2025",,343,341,174,167,https://www.senat.fr/scrutin-public/2024/scr2024-87.html
2024-88,2024-11-25T23:00:00+00:00,"sur les amendements identiques n° I-457, présenté par M. Christopher Szczurek et plusieurs de ses collègues, n° I-775, présenté par M. Fabien Gay et les membres du groupe Communiste Républicain Citoyen et Écologiste - Kanaky, n° I-984, présenté par M. Thierry Cozic et les membres du groupe Socialiste, Écologiste et Républicain, n° I-1345, présenté par M. Thomas Dossus et les membres du groupe Écologiste - Solidarité et Territoires, et n° I-2018 rectifié bis, présenté par Mme Else Joseph et plusieurs de ses collègues, tendant à supprimer larticle 4 du projet de loi de finances pour 2025",,343,338,119,219,https://www.senat.fr/scrutin-public/2024/scr2024-88.html
2024-89,2024-11-25T23:00:00+00:00,"sur les amendements identiques n° I-1, présenté par M. Jean-François Husson au nom de la commission des finances, et n° I-1954 rectifié bis, présenté par M. Daniel Gremillet et plusieurs de ses collègues, à larticle 7 du projet de loi de finances pour 2025",,340,336,224,112,https://www.senat.fr/scrutin-public/2024/scr2024-89.html
2024-9,2024-10-14T22:00:00+00:00,"sur l'amendement n° 143 rectifié, présenté par le Gouvernement, à l'article 3 de la proposition de loi portant programmation nationale et simplification normative dans le secteur économique de l'énergie",74288,331,249,51,198,https://www.senat.fr/scrutin-public/2024/scr2024-9.html
2024-90,2024-11-25T23:00:00+00:00,"sur lamendement n° I-620 rectifié bis, présenté par M. Vincent Delahaye et plusieurs de ses collègues, à larticle 7 du projet de loi de finances pour 2025",,340,321,152,169,https://www.senat.fr/scrutin-public/2024/scr2024-90.html
2024-92,2024-11-26T23:00:00+00:00,"sur lamendement n° I-2076, présenté par le Gouvernement, tendant à insérer un article additionnel après l'article 9 du projet de loi de finances pour 2025",,344,310,306,4,https://www.senat.fr/scrutin-public/2024/scr2024-92.html
2024-93,2024-11-26T23:00:00+00:00,"sur les amendement identiques n° I-1352, présenté par M. Thomas Dossus et les membres du groupe Écologiste - Solidarité et Territoires, et n° I-1435 rectifié, présenté par Mme Marianne Margaté et les membres du groupe Communiste Républicain Citoyen et Écologiste - Kanaky, tendant à insérer un article additionnel après l'article 10 du projet de loi de finances pour 2025",,340,320,114,206,https://www.senat.fr/scrutin-public/2024/scr2024-93.html
2024-94,2024-11-26T23:00:00+00:00,"sur l'amendement n° I-1634 rectifié, présenté par Mme Audrey Linkenheld et plusieurs de ses collègues, tendant à insérer un article additionnel après l'article 10 du projet de loi de finances pour 2025",,340,339,133,206,https://www.senat.fr/scrutin-public/2024/scr2024-94.html
2024-95,2024-11-27T23:00:00+00:00,"sur les amendements identiques n° I-1568 rectifié, présenté par M. Fabien Gay et les membres du groupe Communiste Républicain Citoyen et Écologiste - Kanaky, et n° I-2032, présenté par M. Georges Patient et Mme Marie-Laure Phinera-Horth, tendant à insérer un article additionnel après l'article 10 du projet de loi de finances pour 2025",,340,340,134,206,https://www.senat.fr/scrutin-public/2024/scr2024-95.html
2024-96,2024-11-27T23:00:00+00:00,"sur l'amendement n° I-1334, présenté par M. Claude Raynal, à l'article 15 du projet de loi de finances pour 2025",,294,289,115,174,https://www.senat.fr/scrutin-public/2024/scr2024-96.html
2024-97,2024-11-28T23:00:00+00:00,"sur les amendements identiques n° I-436 rectifié, présenté par M. Philippe Grosvalet et plusieurs de ses collègues, et n° I-1035, présenté par M. Thierry Cozic et les membres du groupe Socialiste, Écologiste et Républicain, tendant à insérer un article additionnel après l'article 24 du projet de loi de finances pour 2025",,290,290,121,169,https://www.senat.fr/scrutin-public/2024/scr2024-97.html
2024-98,2024-11-28T23:00:00+00:00,"sur le sous-amendement n° I-2272, présenté par le Gouvernement, à l'amendement n° I-2178, présenté par M. Jean-François Husson au nom de la commission des finances, tendant à insérer un article additionnel après l'article 26 du projet de loi de finances pour 2025",,340,337,22,315,https://www.senat.fr/scrutin-public/2024/scr2024-98.html
2024-99,2024-11-28T23:00:00+00:00,"sur les amendements identiques n° I-96 rectifié, présenté par Mme Nathalie Goulet et les membres du groupe Union Centriste, n° I-701 rectifié, présenté par M. Pascal Savoldelli, n° I-1004 rectifié, présenté par M. Thierry Cozic et les membres du groupe Socialiste, Écologiste et Républicain, et n° I-2178, présenté par M. Jean-François Husson au nom de la commission des finances, tendant à insérer un article additionnel après l'article 26 du projet de loi de finances pour 2025",,340,339,339,0,https://www.senat.fr/scrutin-public/2024/scr2024-99.html
2025-1,2025-10-14T22:00:00+00:00,"sur la motion n° 2, présentée par M. Robert Wienie Xowie et les membres du groupe Communiste Républicain Citoyen et Écologiste - Kanaky, tendant à opposer la question préalable à la proposition de loi organique visant à reporter le renouvellement général des membres du congrès et des assemblées de province de la Nouvelle-Calédonie pour permettre la mise en uvre de l'accord du 12 juillet 2025",74884,343,343,34,309,https://www.senat.fr/scrutin-public/2025/scr2025-1.html
2025-10,2025-10-28T23:00:00+00:00,"sur la motion n° 1, présentée par M. Robert Wienie Xowie et les membres du groupe Communiste Républicain Citoyen et Écologiste - Kanaky, tendant à opposer lexception d'irrecevabilité au texte élaboré par la commission mixte paritaire sur la proposition de loi organique visant à reporter le renouvellement général des membres du congrès et des assemblées de province de la Nouvelle-Calédonie afin de permettre la poursuite de la discussion en vue d'un accord consensuel sur l'avenir institutionnel de la Nouvelle-Calédonie",,342,342,34,308,https://www.senat.fr/scrutin-public/2025/scr2025-10.html
2025-100,2025-12-03T23:00:00+00:00,"sur l'amendement n° II-518, présenté par M. Saïd Omar Oili et les membres du groupe Socialiste, Écologiste et Républicain, sur les crédits de la mission « Outre-mer » figurant à l'état B du projet de loi de finances pour 2026",,344,308,102,206,https://www.senat.fr/scrutin-public/2025/scr2025-100.html
2025-101,2025-12-03T23:00:00+00:00,"sur l'amendement n° II-493, présenté par Mme Solanges Nadille et les membres du groupe Rassemblement des démocrates, progressistes et indépendants, sur les crédits de la mission « Outre-mer » figurant à l'état B du projet de loi de finances pour 2026",,327,327,120,207,https://www.senat.fr/scrutin-public/2025/scr2025-101.html
2025-102,2025-12-03T23:00:00+00:00,"sur l'amendement n° II-516, présenté par M. Saïd Omar Oili et les membres du groupe Socialiste, Écologiste et Républicain, sur les crédits de la mission « Outre-mer » figurant à l'état B du projet de loi de finances pour 2026",,341,323,117,206,https://www.senat.fr/scrutin-public/2025/scr2025-102.html
2025-103,2025-12-03T23:00:00+00:00,"sur l'amendement n° II-522, présenté par Mme Audrey Bélim et les membres du groupe Socialiste, Écologiste et Républicain, sur les crédits de la mission « Outre-mer » figurant à l'état B du projet de loi de finances pour 2026",,324,324,117,207,https://www.senat.fr/scrutin-public/2025/scr2025-103.html
2025-104,2025-12-03T23:00:00+00:00,sur les crédits de la mission « Outre-mer » figurant à l'état B du projet de loi de finances pour 2026,,246,212,209,3,https://www.senat.fr/scrutin-public/2025/scr2025-104.html
2025-105,2025-12-04T23:00:00+00:00,"sur l'amendement n° II-756 rectifié, présenté par M. Michel Masset et plusieurs de ses collègues, sur les crédits de la mission « Cohésion des territoires » figurant à létat B du projet de loi de finances pour 2026",,341,339,117,222,https://www.senat.fr/scrutin-public/2025/scr2025-105.html
2025-106,2025-12-04T23:00:00+00:00,"sur les amendements identiques n° II-807 rectifié quater, présenté par M. Vincent Louault et plusieurs de ses collègues, et n° II-1021 rectifié, présenté par Mme Christine Lavarde et plusieurs de ses collègues, sur les crédits de la mission « Cohésion des territoires » figurant à l'état B du projet de loi de finances pour 2026",,343,340,129,211,https://www.senat.fr/scrutin-public/2025/scr2025-106.html
2025-107,2025-12-04T23:00:00+00:00,"sur lamendement n° II-1022 rectifié, présenté par Mme Christine Lavarde et plusieurs de ses collègues, sur les crédits de la mission « Cohésion des territoires » figurant à l'état B du projet de loi de finances pour 2026",,343,342,131,211,https://www.senat.fr/scrutin-public/2025/scr2025-107.html
2025-108,2025-12-04T23:00:00+00:00,"sur les amendements identiques n° II-766 rectifié, présenté par M. Michel Masset et plusieurs de ses collègues, n° II-913, présenté par Mme Marianne Margaté et les membres du groupe Communiste Républicain Citoyen et Écologiste  Kanaky, n° II-932, présenté par M. Adel Ziane et les membres du groupe Socialiste, Écologiste et Républicain, et n° II-960, présenté par M. Ronan Dantec et les membres du groupe Écologiste - Solidarité et Territoires, tendant à supprimer larticle 67 du projet de loi de finances pour 2026",,341,341,119,222,https://www.senat.fr/scrutin-public/2025/scr2025-108.html
2025-109,2025-12-04T23:00:00+00:00,"sur lamendement n° II-455 rectifié, présenté par Mme Nathalie Delattre et plusieurs de ses collègues, sur les crédits de la mission « Enseignement scolaire » figurant à l'état B du projet de loi de finances pour 2026",,342,342,137,205,https://www.senat.fr/scrutin-public/2025/scr2025-109.html
2025-11,2025-10-28T23:00:00+00:00,sur l'ensemble du texte élaboré par la commission mixte paritaire sur la proposition de loi organique visant à reporter le renouvellement général des membres du congrès et des assemblées de province de la Nouvelle-Calédonie afin de permettre la poursuite de la discussion en vue d'un accord consensuel sur l'avenir institutionnel de la Nouvelle-Calédonie,,342,337,298,39,https://www.senat.fr/scrutin-public/2025/scr2025-11.html
2025-110,2025-12-08T23:00:00+00:00,"sur lamendement n° II-1, présenté par M. Jean-François Husson au nom de la commission des finances, sur les crédits de la mission « Aide publique au développement » figurant à l'état B du projet de loi de finances pour 2026",,345,340,123,217,https://www.senat.fr/scrutin-public/2025/scr2025-110.html
2025-111,2025-12-08T23:00:00+00:00,"sur l'amendement n° II-31, présenté par M. Jean-François Rapin au nom de la commission des finances, sur les crédits de la mission « Recherche et enseignement supérieur » figurant à l'état B du projet de loi de finances pour 2026",,341,337,132,205,https://www.senat.fr/scrutin-public/2025/scr2025-111.html
2025-112,2025-12-09T23:00:00+00:00,"sur les amendements identiques n° II-24, présenté par M. Stéphane Sautarel au nom de la commission des finances, et n° II-1284, présenté par M. Jean-Michel Arnaud au nom de la commission des lois, à larticle 76 du projet de loi de finances pour 2026",,341,323,195,128,https://www.senat.fr/scrutin-public/2025/scr2025-112.html
2025-113,2025-12-10T23:00:00+00:00,"sur les amendements identiques n° II-27, présenté par M. Vincent Delahaye au nom de la commission des finances, et n° II-1412, présenté par Mme Florence Lassarade au nom de la commission des affaires sociales, sur les crédits de la mission « Santé » figurant à l'état B du projet de loi de finances pour 2026",,341,336,200,136,https://www.senat.fr/scrutin-public/2025/scr2025-113.html
2025-114,2025-12-10T23:00:00+00:00,"sur les amendements identiques n° II-29, présenté par M. Vincent Delahaye au nom de la commission des finances, et n° II-1413, présenté par Mme Florence Lassarade au nom de la commission des affaires sociales, tendant à insérer un article additionnel après l'article 78 du projet de loi de finances pour 2026",,341,315,197,118,https://www.senat.fr/scrutin-public/2025/scr2025-114.html
2025-115,2025-12-10T23:00:00+00:00,"sur le sous-amendement n° II-2334, présenté par Mme Christine Lavarde et plusieurs de ses collègues, à lamendement n° II-2086, présenté par le Gouvernement, sur les crédits de la mission « Remboursements et dégrèvements » figurant à létat B du projet de loi de finances pour 2026",,341,321,187,134,https://www.senat.fr/scrutin-public/2025/scr2025-115.html
2025-116,2025-12-11T23:00:00+00:00,"sur la motion n° 2, présentée par Mme Cécile Cukierman et les membres du groupe Communiste Républicain Citoyen et Écologiste  Kanaky, tendant à opposer lexception dirrecevabilité au projet de loi de financement de la sécurité sociale pour 2026 (nouvelle lecture)",,344,263,18,245,https://www.senat.fr/scrutin-public/2025/scr2025-116.html
2025-117,2025-12-11T23:00:00+00:00,"sur la motion n° 1, présentée par Élisabeth Doineau au nom de la commission des affaires sociales, tendant à opposer la question préalable au projet de loi de financement de la sécurité sociale pour 2026 (nouvelle lecture)",,343,288,182,106,https://www.senat.fr/scrutin-public/2025/scr2025-117.html
2025-118,2025-12-11T23:00:00+00:00,"sur l'amendement n° II-3, présenté par M. Jean-François Husson au nom de la commission des finances, sur les crédits de la mission « Culture » figurant à l'état B du projet de loi de finances pour 2026",,342,338,132,206,https://www.senat.fr/scrutin-public/2025/scr2025-118.html
2025-119,2025-12-12T23:00:00+00:00,"sur lamendement n° II-2277, présenté par M. Olivier Rietmann et Mme Christine Lavarde, sur les crédits de la mission « Économie » figurant à l'état B du projet de loi de finances pour 2026",,341,324,187,137,https://www.senat.fr/scrutin-public/2025/scr2025-119.html
2025-12,2025-10-29T23:00:00+00:00,sur l'article 1er de la proposition de loi visant à garantir la qualité des services de gestion des déchets,75648,342,335,109,226,https://www.senat.fr/scrutin-public/2025/scr2025-12.html
2025-120,2025-12-12T23:00:00+00:00,"sur le sous-amendement n° II-2343, présenté par M. Claude Raynal et plusieurs de ses collègues, à l'amendement n° II-19, présenté par M. Jean-François Husson au nom de la commission des finances, sur les crédits de la mission « Investir pour la France de 2030 » figurant à l'état B du projet de loi de finances pour 2026",,341,341,136,205,https://www.senat.fr/scrutin-public/2025/scr2025-120.html
2025-121,2025-12-12T23:00:00+00:00,"sur le sous-amendement n° II-2283 rectifié quinquies, présenté par M. Vincent Louault et plusieurs de ses collègues, à l'amendement n° II-19, présenté par M. Jean-François Husson au nom de la commission des finances, sur les crédits de la mission « Investir pour la France de 2030 » figurant à l'état B du projet de loi de finances pour 2026",,341,341,139,202,https://www.senat.fr/scrutin-public/2025/scr2025-121.html
2025-122,2025-12-12T23:00:00+00:00,"sur lamendement n° II-19, présenté par M. Jean-François Husson au nom de la commission des finances, sur les crédits de la mission « Investir pour la France de 2030 » figurant à l'état B du projet de loi de finances pour 2026",,344,340,185,155,https://www.senat.fr/scrutin-public/2025/scr2025-122.html
2025-123,2025-12-12T23:00:00+00:00,"sur les crédits de la mission « Sport, jeunesse et vie associative » figurant à l'état B du projet de loi de finances pour 2026",,344,325,225,100,https://www.senat.fr/scrutin-public/2025/scr2025-123.html
2025-124,2025-12-12T23:00:00+00:00,"sur lamendement n° II-1746 rectifié bis, présenté par M. Michel Canévet et plusieurs de ses collègues, sur les crédits de la mission « Direction de laction du Gouvernement » figurant à l'état B du projet de loi de finances pour 2026",,344,344,205,139,https://www.senat.fr/scrutin-public/2025/scr2025-124.html
2025-127,2025-12-15T23:00:00+00:00,"sur l'amendement n° 3 rectifié, présenté par MM. Olivier Cadic et Thierry Meignen, à l'article unique de la proposition de résolution européenne, en application de l'article 73 quinquies C du Règlement, visant à demander au Gouvernement français de saisir la Cour de justice de lUnion européenne pour empêcher la ratification de laccord avec le Mercosur",78260,345,344,1,343,https://www.senat.fr/scrutin-public/2025/scr2025-127.html
2025-128,2025-12-15T23:00:00+00:00,"sur l'ensemble de la proposition de résolution européenne en application de l'article 73 quinquies C du Règlement, visant à demander au Gouvernement français de saisir la Cour de justice de lUnion européenne pour empêcher la ratification de laccord avec le Mercosur",78260,345,344,343,1,https://www.senat.fr/scrutin-public/2025/scr2025-128.html
2025-129,2025-12-16T23:00:00+00:00,sur l'ensemble de la proposition de loi visant à assouplir les contraintes à l'usage de dispositifs de lecture automatisée de plaques d'immatriculation et à sécuriser l'action des forces de l'ordre,78039,342,254,232,22,https://www.senat.fr/scrutin-public/2025/scr2025-129.html
2025-13,2025-10-29T23:00:00+00:00,sur l'article 2 de la proposition de loi visant à garantir la qualité des services de gestion des déchets,75648,342,319,93,226,https://www.senat.fr/scrutin-public/2025/scr2025-13.html
2025-131,2025-12-17T23:00:00+00:00,sur larticle 1er de la proposition de loi visant à garantir la continuité des revenus des artistes auteurs,75365,342,322,116,206,https://www.senat.fr/scrutin-public/2025/scr2025-131.html
2025-132,2025-12-17T23:00:00+00:00,sur larticle 2 constituant l'ensemble de la proposition de loi visant à garantir la continuité des revenus des artistes auteurs,75365,342,324,118,206,https://www.senat.fr/scrutin-public/2025/scr2025-132.html
2025-133,2025-12-17T23:00:00+00:00,"sur lamendement n° 3, présenté par M. Jean-Claude Tissot et les membres du groupe Socialiste, Écologiste et Républicain, tendant à insérer un article additionnel avant larticle 1er de la proposition de loi visant à mieux concerter, informer et protéger les riverains de parcelles agricoles exposés aux pesticides de synthèse",78379,342,340,100,240,https://www.senat.fr/scrutin-public/2025/scr2025-133.html
2025-134,2025-12-17T23:00:00+00:00,"sur lamendement n° 1 rectifié bis, présenté par M. Vincent Louault et plusieurs de ses collègues, tendant à supprimer larticle 1er de la proposition de loi visant à mieux concerter, informer et protéger les riverains de parcelles agricoles exposés aux pesticides de synthèse",78379,342,338,233,105,https://www.senat.fr/scrutin-public/2025/scr2025-134.html
2025-135,2025-12-17T23:00:00+00:00,"sur lamendement n° 2 rectifié bis, présenté par M. Vincent Louault et plusieurs de ses collègues, tendant à supprimer larticle 2 de la proposition de loi visant à mieux concerter, informer et protéger les riverains de parcelles agricoles exposés aux pesticides de synthèse",78379,342,338,233,105,https://www.senat.fr/scrutin-public/2025/scr2025-135.html
2025-136,2025-12-22T23:00:00+00:00,sur l'ensemble du projet de loi spéciale prévue par l'article 45 de la loi organique n° 2001-692 du 1er août 2001 relative aux lois de finances,,345,344,344,0,https://www.senat.fr/scrutin-public/2025/scr2025-136.html
2025-137,2026-01-06T23:00:00+00:00,"sur lamendement n° 8 rectifié, présenté par M. Cédric Vial et plusieurs de ses collègues, tendant à supprimer larticle 1er de la proposition de loi visant à intégrer les accompagnants des élèves en situation de handicap dans la fonction publique et à garantir une meilleure inclusion des élèves en situation de handicap et à besoins éducatifs particuliers",77004,342,312,189,123,https://www.senat.fr/scrutin-public/2025/scr2025-137.html
2025-138,2026-01-06T23:00:00+00:00,"sur lamendement n° 9 rectifié, présenté par M. Cédric Vial et plusieurs de ses collègues, tendant à supprimer larticle 2 de la proposition de loi visant à intégrer les accompagnants des élèves en situation de handicap dans la fonction publique et à garantir une meilleure inclusion des élèves en situation de handicap et à besoins éducatifs particuliers",77004,342,314,197,117,https://www.senat.fr/scrutin-public/2025/scr2025-138.html
2025-139,2026-01-06T23:00:00+00:00,"sur lamendement n° 10 rectifié, présenté par M. Cédric Vial et plusieurs de ses collègues, tendant à supprimer larticle 3 de la proposition de loi visant à intégrer les accompagnants des élèves en situation de handicap dans la fonction publique et à garantir une meilleure inclusion des élèves en situation de handicap et à besoins éducatifs particuliers",77004,342,312,196,116,https://www.senat.fr/scrutin-public/2025/scr2025-139.html
2025-14,2025-10-29T23:00:00+00:00,"sur l'amendement n° 1, présenté par Mmes Gisèle Jourda et Viviane Malet, tendant à insérer un article additionnel après l'article 2 de la proposition de loi visant à garantir la qualité des services de gestion des déchets",75648,342,335,110,225,https://www.senat.fr/scrutin-public/2025/scr2025-14.html
2025-140,2026-01-06T23:00:00+00:00,"sur lamendement n° 11 rectifié, présenté par M. Cédric Vial et plusieurs de ses collègues, tendant à supprimer larticle 4 de la proposition de loi visant à intégrer les accompagnants des élèves en situation de handicap dans la fonction publique et à garantir une meilleure inclusion des élèves en situation de handicap et à besoins éducatifs particuliers",77004,342,312,196,116,https://www.senat.fr/scrutin-public/2025/scr2025-140.html
2025-141,2026-01-06T23:00:00+00:00,sur l'article 1er de la proposition de loi visant à revaloriser les métiers du travail social,,342,338,112,226,https://www.senat.fr/scrutin-public/2025/scr2025-141.html
2025-142,2026-01-06T23:00:00+00:00,sur l'article 2 de la proposition de loi visant à revaloriser les métiers du travail social,,342,338,112,226,https://www.senat.fr/scrutin-public/2025/scr2025-142.html
2025-143,2026-01-06T23:00:00+00:00,sur l'article 3 de la proposition de loi visant à revaloriser les métiers du travail social,,342,338,112,226,https://www.senat.fr/scrutin-public/2025/scr2025-143.html
2025-144,2026-01-12T23:00:00+00:00,"sur lamendement n° 31 rectifié, présenté par M. Yannick Jadot et plusieurs de ses collègues, tendant à supprimer à larticle 4 de la proposition de loi visant à conforter l'habitat, l'offre de logements et la construction",79019,342,339,113,226,https://www.senat.fr/scrutin-public/2025/scr2025-144.html
2025-145,2026-01-13T23:00:00+00:00,sur l'ensemble de la proposition de loi visant à améliorer les moyens d'action de l'Agence de gestion et de recouvrement des avoirs saisis et confisqués et à faciliter l'exercice des missions d'expert judiciaire,78541,342,324,324,0,https://www.senat.fr/scrutin-public/2025/scr2025-145.html
2025-146,2026-01-13T23:00:00+00:00,sur lensemble de la proposition de loi relative à la confidentialité des consultations des juristes d'entreprise,73567,342,321,196,125,https://www.senat.fr/scrutin-public/2025/scr2025-146.html
2025-147,2026-01-19T23:00:00+00:00,"sur l'ensemble de la proposition de loi visant à conforter l'habitat, l'offre de logements et la construction",79019,336,332,230,102,https://www.senat.fr/scrutin-public/2025/scr2025-147.html
2025-148,2026-01-19T23:00:00+00:00,"sur lamendement n° 208 rectifié quater, présenté par Mme Marie-Pierre de la Gontrie et plusieurs de ses collègues, à larticle 4 de la proposition de loi relative au droit à l'aide à mourir",76127,299,275,127,148,https://www.senat.fr/scrutin-public/2025/scr2025-148.html
2025-149,2026-01-19T23:00:00+00:00,"sur lamendement n° 328 rectifié ter, présenté par M. Olivier Cadic et plusieurs de ses collègues, à larticle 4 de la proposition de loi relative au droit à l'aide à mourir",76127,338,306,131,175,https://www.senat.fr/scrutin-public/2025/scr2025-149.html
2025-15,2025-10-29T23:00:00+00:00,"sur l'amendement n° 2, présenté par Mmes Gisèle Jourda et Viviane Malet, tendant à insérer un article additionnel après l'article 2 de la proposition de loi visant à garantir la qualité des services de gestion des déchets",75648,340,334,111,223,https://www.senat.fr/scrutin-public/2025/scr2025-15.html
2025-150,2026-01-19T23:00:00+00:00,"sur les amendements identiques n° 209 rectifié ter, présenté par Mme Marie-Pierre de la Gontrie et plusieurs de ses collègues, n° 246 rectifié bis, présenté par M. Xavier Iacovelli et plusieurs de ses collègues, n° 275 rectifié ter, présenté par M. Olivier Cadic et plusieurs de ses collègues, et n° 281, présenté par Mme Silvana Silvani et plusieurs de ses collègues, à larticle 4 de la proposition de loi relative au droit à l'aide à mourir",76127,337,318,150,168,https://www.senat.fr/scrutin-public/2025/scr2025-150.html
2025-151,2026-01-19T23:00:00+00:00,"sur lamendement n° 186 rectifié, présenté par Mme Véronique Guillotin et plusieurs de ses collègues, à larticle 4 de la proposition de loi relative au droit à l'aide à mourir",76127,336,318,134,184,https://www.senat.fr/scrutin-public/2025/scr2025-151.html
2025-152,2026-01-19T23:00:00+00:00,"sur lamendement n° 253 rectifié, présenté par Mme Anne Souyris et les membres du groupe Écologiste - Solidarité et Territoires, à larticle 4 de la proposition de loi relative au droit à l'aide à mourir",76127,296,279,128,151,https://www.senat.fr/scrutin-public/2025/scr2025-152.html
2025-153,2026-01-19T23:00:00+00:00,"sur lamendement n° 283 rectifié, présenté par Mme Silvana Silvani et plusieurs de ses collègues, à larticle 4 de la proposition de loi relative au droit à l'aide à mourir",76127,296,282,131,151,https://www.senat.fr/scrutin-public/2025/scr2025-153.html
2025-154,2026-01-19T23:00:00+00:00,"sur les amendements identiques n° 55 rectifié, présenté par M. Olivier Henno et plusieurs de ses collègues, et  n° 141 rectifié, présenté par M. Bernard Jomier et plusieurs de ses collègues, à larticle 4 de la proposition de loi relative au droit à l'aide à mourir",76127,335,314,147,167,https://www.senat.fr/scrutin-public/2025/scr2025-154.html
2025-155,2026-01-19T23:00:00+00:00,"sur lamendement n° 254 rectifié, présenté par Mme Anne Souyris et les membres du groupe Écologiste - Solidarité et Territoires, à larticle 4 de la proposition de loi relative au droit à l'aide à mourir",76127,295,281,129,152,https://www.senat.fr/scrutin-public/2025/scr2025-155.html
2025-156,2026-01-20T23:00:00+00:00,"sur l'amendement n° 165 rectifié bis, présenté par M. Bernard Fialaire et plusieurs de ses collègues, à l'article 4 de la proposition de loi relative au droit à l'aide à mourir",76127,298,284,134,150,https://www.senat.fr/scrutin-public/2025/scr2025-156.html
2025-157,2026-01-20T23:00:00+00:00,sur l'article 4 de la proposition de loi relative au droit à l'aide à mourir,76127,318,267,123,144,https://www.senat.fr/scrutin-public/2025/scr2025-157.html
2025-158,2026-01-20T23:00:00+00:00,"sur les amendements identiques n° 11 rectifié ter, présenté par M. Francis Szpiner et plusieurs de ses collègues, et n° 96 rectifié quater, présenté par M. Emmanuel Capus et plusieurs de ses collègues, tendant à supprimer larticle 2 de la proposition de loi relative au droit à l'aide à mourir",76127,320,294,82,212,https://www.senat.fr/scrutin-public/2025/scr2025-158.html
2025-159,2026-01-20T23:00:00+00:00,"sur lamendement 72 rectifié quater, présenté par Mme Anne Chain-Larché et plusieurs de ses collègues, à larticle 3 de la proposition de loi relative au droit à l'aide à mourir",76127,333,210,52,158,https://www.senat.fr/scrutin-public/2025/scr2025-159.html
2025-16,2025-10-29T23:00:00+00:00,sur l'article 3 constituant l'ensemble de la proposition de loi visant à garantir la qualité des services de gestion des déchets,75648,342,335,109,226,https://www.senat.fr/scrutin-public/2025/scr2025-16.html
2025-160,2026-01-20T23:00:00+00:00,"sur les amendements identiques n° 232 rectifié ter, présenté par Mme Annie Le Houerou et plusieurs de ses collègues, n° 271 rectifié, présenté par Mme Anne Souyris et plusieurs de ses collègues, et n° 299, présenté par Mme Silvana Silvani et plusieurs de ses collègues, à larticle 15 de la proposition de loi relative au droit à l'aide à mourir",76127,283,266,128,138,https://www.senat.fr/scrutin-public/2025/scr2025-160.html
2025-161,2026-01-25T23:00:00+00:00,"sur les amendements identiques n° 37, présenté par Mme Marion Canalès et les membres du groupe Socialiste, Écologiste et Républicain, et n° 82, présenté par Mme Silvana Silvani et plusieurs de ses collègues, à l'article 1er de la proposition de loi visant à garantir l'égal accès de tous à l'accompagnement et aux soins palliatifs",76129,342,329,122,207,https://www.senat.fr/scrutin-public/2025/scr2025-161.html
2025-162,2026-01-25T23:00:00+00:00,"sur l'amendement n° 46 rectifié, présenté par M. Jean-Luc Fichet et les membres du groupe Socialiste, Écologiste et Républicain, à l'article 4 de la proposition de loi visant à garantir l'égal accès de tous à l'accompagnement et aux soins palliatifs",76129,342,341,99,242,https://www.senat.fr/scrutin-public/2025/scr2025-162.html
2025-163,2026-01-25T23:00:00+00:00,"sur les amendements identiques n° 72 rectifié, présenté par Mme Anne Souyris et plusieurs de ses collègues, et n° 85, présenté par Mme Silvana Silvani et les membres du groupe Communiste Républicain Citoyen et Écologiste - Kanaky, à l'article 4 de la proposition de loi visant à garantir l'égal accès de tous à l'accompagnement et aux soins palliatifs",76129,342,342,99,243,https://www.senat.fr/scrutin-public/2025/scr2025-163.html
2025-164,2026-01-25T23:00:00+00:00,sur l'article 4 de la proposition de loi visant à garantir l'égal accès de tous à l'accompagnement et aux soins palliatifs,76129,342,341,241,100,https://www.senat.fr/scrutin-public/2025/scr2025-164.html
2025-165,2026-01-25T23:00:00+00:00,"sur l'amendement n° 22 rectifié, présenté par Mme Guylène Pantel et plusieurs de ses collègues, tendant à rétablir l'article 5 de la proposition de loi visant à garantir l'égal accès de tous à l'accompagnement et aux soins palliatifs",76129,342,326,122,204,https://www.senat.fr/scrutin-public/2025/scr2025-165.html
2025-166,2026-01-25T23:00:00+00:00,"sur les amendements identiques n° 47, présenté par M. Jean-Luc Fichet et les membres du groupe Socialiste, Écologiste et Républicain, et n° 86, présenté par Mme Silvana Silvani et les membres du groupe Communiste, Républicain, Citoyen, Écologiste - Kanaky, tendant à rétablir l'article 5 de la proposition de loi visant à garantir l'égal accès de tous à l'accompagnement et aux soins palliatifs",76129,342,326,121,205,https://www.senat.fr/scrutin-public/2025/scr2025-166.html
2025-167,2026-01-25T23:00:00+00:00,"sur l'amendement n° 50 rectifié, présenté par Mme Annie Le Houerou et les membres du groupe Socialiste, Écologiste et Républicain, à l'article 8 de la proposition de loi visant à garantir l'égal accès de tous à l'accompagnement et aux soins palliatifs",76129,342,342,99,243,https://www.senat.fr/scrutin-public/2025/scr2025-167.html
2025-168,2026-01-25T23:00:00+00:00,"sur les amendements identiques n° 78 rectifié, présenté par Mme Jocelyne Antoine et plusieurs de ses collègues, et n° 108 rectifié bis, présenté par M. Daniel Gremillet et plusieurs de ses collègues, à l'article 8 de la proposition de loi visant à garantir l'égal accès de tous à l'accompagnement et aux soins palliatifs",76129,342,342,103,239,https://www.senat.fr/scrutin-public/2025/scr2025-168.html
2025-169,2026-01-27T23:00:00+00:00,sur lensemble de la proposition de loi relative au droit à l'aide à mourir,76127,341,303,122,181,https://www.senat.fr/scrutin-public/2025/scr2025-169.html
2025-17,2025-10-29T23:00:00+00:00,sur larticle 1er de la proposition de loi visant à la nationalisation des actifs stratégiques d'ArcelorMittal situés sur le territoire national,76560,345,342,107,235,https://www.senat.fr/scrutin-public/2025/scr2025-17.html
2025-170,2026-01-27T23:00:00+00:00,sur lensemble de la proposition de loi visant à garantir l'égal accès de tous à l'accompagnement et aux soins palliatifs,76129,341,324,307,17,https://www.senat.fr/scrutin-public/2025/scr2025-170.html
2025-171,2026-01-27T23:00:00+00:00,sur l'ensemble du projet de loi autorisant lapprobation de laccord entre le Gouvernement de la République française et le Gouvernement de la République du Kazakhstan sur la réadmission des personnes,,342,342,308,34,https://www.senat.fr/scrutin-public/2025/scr2025-171.html
2025-172,2026-01-28T23:00:00+00:00,"sur la motion n° I-1, présentée par M. Pascal Savoldelli et les membres du groupe Communiste Républicain Citoyen et Écologiste - Kanaky, tendant à opposer lexception dirrecevabilité au projet de loi de finances pour 2026 (nouvelle lecture)",,346,265,18,247,https://www.senat.fr/scrutin-public/2025/scr2025-172.html
2025-173,2026-01-28T23:00:00+00:00,"sur la motion n° I-2, présentée par M. Jean-François Husson au nom de la commission des finances, tendant à opposer la question préalable au projet de loi de finances pour 2026 (nouvelle lecture)",,262,235,203,32,https://www.senat.fr/scrutin-public/2025/scr2025-173.html
2025-174,2026-01-28T23:00:00+00:00,sur l'ensemble de la proposition de loi visant à instaurer une procédure simplifiée de recouvrement des créances commerciales incontestées,79239,341,308,308,0,https://www.senat.fr/scrutin-public/2025/scr2025-174.html
2025-175,2026-01-28T23:00:00+00:00,"sur les amendements identiques n° 2, présenté par M. Yannick Jadot et les membres du groupe Écologiste - Solidarité et Territoires, et n° 8, présenté par M. Fabien Gay et les membres du groupe Communiste Républicain Citoyen et Écologiste - Kanaky, tendant à supprimer larticle 1er de la proposition de loi visant à lever, dans les territoires doutre-mer, linterdiction de recherche, dexploration et dexploitation des hydrocarbures",,340,334,97,237,https://www.senat.fr/scrutin-public/2025/scr2025-175.html
2025-176,2026-01-28T23:00:00+00:00,"sur larticle 1er de la proposition de loi visant à lever, dans les territoires doutre-mer, linterdiction de recherche, dexploration et dexploitation des hydrocarbures",,340,335,231,104,https://www.senat.fr/scrutin-public/2025/scr2025-176.html
2025-177,2026-01-28T23:00:00+00:00,"sur les amendements identiques n° 4, présenté par M. Yannick Jadot et les membres du groupe Écologiste - Solidarité et Territoires, n° 9, présenté par M. Fabien Gay et les membres du groupe Communiste Républicain Citoyen et Écologiste  Kanaky, et n° 12, présenté par M. Vincent Louault au nom de la commission des affaires économiques, tendant à supprimer larticle 2 de la proposition de loi visant à lever, dans les territoires doutre-mer, linterdiction de recherche, dexploration et dexploitation des hydrocarbures",,341,338,298,40,https://www.senat.fr/scrutin-public/2025/scr2025-177.html
2025-178,2026-01-28T23:00:00+00:00,"sur lensemble de la proposition de loi visant à lever, dans les territoires doutre-mer, linterdiction de recherche, dexploration et dexploitation des hydrocarbures",,340,332,227,105,https://www.senat.fr/scrutin-public/2025/scr2025-178.html
2025-179,2026-02-02T23:00:00+00:00,"sur les amendements identiques n° 193 rectifié bis, présenté par Mme Patricia Schillinger et plusieurs de ses collègues, et n° 207, présenté par le Gouvernement, à larticle 2 du projet de loi relatif à l'extension des prérogatives, des moyens, de l'organisation et du contrôle des polices municipales et des gardes champêtres",78219,342,342,133,209,https://www.senat.fr/scrutin-public/2025/scr2025-179.html
2025-18,2025-10-29T23:00:00+00:00,sur l'article 2 de la proposition de loi visant à la nationalisation des actifs stratégiques d'ArcelorMittal situés sur le territoire national,76560,345,342,107,235,https://www.senat.fr/scrutin-public/2025/scr2025-18.html
2025-180,2026-02-02T23:00:00+00:00,"sur lamendement n° 15 rectifié, présenté par M. Guislain Cambier, à larticle 2 du projet de loi relatif à l'extension des prérogatives, des moyens, de l'organisation et du contrôle des polices municipales et des gardes champêtres",78219,342,322,9,313,https://www.senat.fr/scrutin-public/2025/scr2025-180.html
2025-181,2026-02-02T23:00:00+00:00,"sur lamendement n° 44 rectifié bis, présenté par M. Olivier Henno et plusieurs de ses collègues, à larticle 2 du projet de loi relatif à l'extension des prérogatives, des moyens, de l'organisation et du contrôle des polices municipales et des gardes champêtres",78219,342,341,3,338,https://www.senat.fr/scrutin-public/2025/scr2025-181.html
2025-182,2026-02-02T23:00:00+00:00,"sur larticle 2 du projet de loi relatif à l'extension des prérogatives, des moyens, de l'organisation et du contrôle des polices municipales et des gardes champêtres",78219,341,341,308,33,https://www.senat.fr/scrutin-public/2025/scr2025-182.html
2025-183,2026-02-04T23:00:00+00:00,sur lensemble de la proposition de loi visant à faciliter la création et le fonctionnement des communes nouvelles,80102,341,341,338,3,https://www.senat.fr/scrutin-public/2025/scr2025-183.html
2025-184,2026-02-09T23:00:00+00:00,"sur lensemble du projet de loi relatif à l'extension des prérogatives, des moyens, de l'organisation et du contrôle des polices municipales et des gardes champêtres",78219,324,314,290,24,https://www.senat.fr/scrutin-public/2025/scr2025-184.html
2025-185,2026-02-09T23:00:00+00:00,sur l'ensemble de la proposition de loi visant à prohiber l'achat de services sexuels virtuels personnalisés et à lutter contre le proxénétisme en ligne,,342,323,258,65,https://www.senat.fr/scrutin-public/2025/scr2025-185.html
2025-186,2026-02-09T23:00:00+00:00,sur lensemble de la proposition de loi relative à la lutte contre les installations illicites des gens du voyage,79560,346,336,235,101,https://www.senat.fr/scrutin-public/2025/scr2025-186.html
2025-187,2026-02-10T23:00:00+00:00,"sur lamendement n° 8 rectifié, présenté par Mme Monique de Marco et les membres du groupe Écologiste - Solidarité et Territoires, à larticle 1er de la proposition de loi visant à mieux reconnaître et protéger la liberté académique des enseignants-chercheurs, des enseignants et des chercheurs",76411,342,305,16,289,https://www.senat.fr/scrutin-public/2025/scr2025-187.html
2025-188,2026-02-10T23:00:00+00:00,"sur lamendement n° 5 rectifié quinquies, présenté par M. Max Brisson et plusieurs de ses collègues, tendant à supprimer larticle 2 de la proposition de loi visant à mieux reconnaître et protéger la liberté académique des enseignants-chercheurs, des enseignants et des chercheurs",76411,342,325,207,118,https://www.senat.fr/scrutin-public/2025/scr2025-188.html
2025-189,2026-02-10T23:00:00+00:00,"sur lamendement n° 9 rectifié, présenté par Mme Monique de Marco et les membres du groupe Écologiste - Solidarité et Territoires, à larticle 4 de la proposition de loi visant à mieux reconnaître et protéger la liberté académique des enseignants-chercheurs, des enseignants et des chercheurs",76411,342,342,16,326,https://www.senat.fr/scrutin-public/2025/scr2025-189.html
2025-19,2025-10-29T23:00:00+00:00,sur l'article 3 de la proposition de loi visant à la nationalisation des actifs stratégiques d'ArcelorMittal situés sur le territoire national,76560,345,342,107,235,https://www.senat.fr/scrutin-public/2025/scr2025-19.html
2025-190,2026-02-11T23:00:00+00:00,sur l'ensemble de la proposition de loi organique portant renforcement de la chaîne pénale criminelle et diverses dispositions de modernisation du corps judiciaire,78080,342,325,325,0,https://www.senat.fr/scrutin-public/2025/scr2025-190.html
2025-191,2026-02-11T23:00:00+00:00,"sur les amendements identiques n° 3 rectifié, présenté par M. Thani Mohamed Soilihi et les membres du groupe Rassemblement des démocrates, progressistes et indépendants, et n° 6, présenté par M. Saïd Omar Oili et les membres du groupe Socialiste, Écologiste et Républicain, à larticle 1er de la proposition de loi visant à la création dun centre hospitalier universitaire en Corse",75132,342,340,135,205,https://www.senat.fr/scrutin-public/2025/scr2025-191.html
2025-192,2026-02-11T23:00:00+00:00,"sur lamendement n° 5, présenté par Mme Corinne Féret et les membres du groupe Socialiste, Écologiste et Républicain, à larticle 2 de la proposition de loi visant à la création dun centre hospitalier universitaire en Corse",75132,342,324,116,208,https://www.senat.fr/scrutin-public/2025/scr2025-192.html
2025-193,2026-02-11T23:00:00+00:00,sur l'ensemble de la proposition de loi visant à la création dun centre hospitalier universitaire en Corse,75132,342,339,339,0,https://www.senat.fr/scrutin-public/2025/scr2025-193.html
2025-194,2026-02-17T23:00:00+00:00,"sur les amendements identiques n° 150 rectifié, présenté par Mme Nathalie Delattre et plusieurs de ses collègues, et n° 157 rectifié bis, présenté par M. Vincent Louault et plusieurs de ses collègues, à larticle 48 du projet de loi portant diverses dispositions d'adaptation au droit de l'Union européenne en matière économique, financière, environnementale, énergétique, d'information, de transport, de santé, d'agriculture et de pêche",78480,290,288,34,254,https://www.senat.fr/scrutin-public/2025/scr2025-194.html
2025-195,2026-02-17T23:00:00+00:00,"sur les amendements identiques n° 39 rectifié sexies, présenté par M. Max Brisson et plusieurs de ses collègues, n° 55 rectifié quinquies, présenté par M. Laurent Burgoa et plusieurs de ses collègues, et n° 174 rectifié quater, présenté par M. Vincent Louault et plusieurs de ses collègues, à larticle 48 du projet de loi portant diverses dispositions d'adaptation au droit de l'Union européenne en matière économique, financière, environnementale, énergétique, d'information, de transport, de santé, d'agriculture et de pêche",78480,291,289,29,260,https://www.senat.fr/scrutin-public/2025/scr2025-195.html
2025-196,2026-02-18T23:00:00+00:00,sur lensemble de la proposition de loi visant à garantir le droit de visite des parlementaires et des bâtonniers dans les lieux de privation de liberté,76577,342,342,342,0,https://www.senat.fr/scrutin-public/2025/scr2025-196.html
2025-197,2026-02-18T23:00:00+00:00,sur l'ensemble de la proposition de loi visant à réduire les retards de paiement afin de lutter contre les défaillances d'entreprises,78180,342,342,342,0,https://www.senat.fr/scrutin-public/2025/scr2025-197.html
2025-198,2026-02-23T23:00:00+00:00,"sur la motion n° 13, présentée par Mme Mélanie Vogel et les membres du groupe Écologiste - Solidarité et Territoires, tendant à opposer l'exception d'irrecevabilité au projet de loi constitutionnelle relatif à la Nouvelle-Calédonie",77722,344,344,34,310,https://www.senat.fr/scrutin-public/2025/scr2025-198.html
2025-199,2026-02-23T23:00:00+00:00,"sur la motion n° 1, présentée par M. Robert Wienie Xowie et les membres du groupe Communiste Républicain Citoyen et Écologiste - Kanaky, tendant à opposer la question préalable au projet de loi constitutionnelle relatif à la Nouvelle-Calédonie",77722,344,344,34,310,https://www.senat.fr/scrutin-public/2025/scr2025-199.html
2025-2,2025-10-14T22:00:00+00:00,sur l'ensemble de la proposition de loi organique visant à reporter le renouvellement général des membres du congrès et des assemblées de province de la Nouvelle-Calédonie afin de permettre la poursuite de la discussion sur l'accord du 12 juillet 2025 et sa mise en uvre,74884,346,341,299,42,https://www.senat.fr/scrutin-public/2025/scr2025-2.html
2025-20,2025-10-29T23:00:00+00:00,sur l'article 4 constituant l'ensemble de la proposition de loi visant à la nationalisation des actifs stratégiques d'ArcelorMittal situés sur le territoire national,76560,345,342,107,235,https://www.senat.fr/scrutin-public/2025/scr2025-20.html
2025-200,2026-02-23T23:00:00+00:00,"sur les amendements identiques n° 8, présenté par Mme Agnès Canayer au nom de la commission des lois, et n° 11, présenté par le Gouvernement, tendant à insérer un article additionnel après larticle 2 du projet de loi constitutionnelle relatif à la Nouvelle-Calédonie",77722,342,333,218,115,https://www.senat.fr/scrutin-public/2025/scr2025-200.html
2025-201,2026-02-23T23:00:00+00:00,sur lensemble du projet de loi constitutionnelle relatif à la Nouvelle-Calédonie,77722,345,256,215,41,https://www.senat.fr/scrutin-public/2025/scr2025-201.html
2025-202,2026-02-24T23:00:00+00:00,sur larticle 1er constituant lensemble de la proposition de loi visant à la nationalisation d'ArcelorMittal France afin de préserver la souveraineté industrielle de la France,77779,342,339,112,227,https://www.senat.fr/scrutin-public/2025/scr2025-202.html
2025-203,2026-02-24T23:00:00+00:00,"sur larticle 1er de la proposition de loi constitutionnelle visant à restreindre certaines prérogatives du Président de la République et à renforcer celles du Premier ministre, responsable devant le Parlement",80200,342,331,100,231,https://www.senat.fr/scrutin-public/2025/scr2025-203.html
2025-204,2026-02-24T23:00:00+00:00,"sur larticle 2 de la proposition de loi constitutionnelle visant à restreindre certaines prérogatives du Président de la République et à renforcer celles du Premier ministre, responsable devant le Parlement",80200,342,332,101,231,https://www.senat.fr/scrutin-public/2025/scr2025-204.html
2025-205,2026-02-24T23:00:00+00:00,"sur larticle 3 de la proposition de loi constitutionnelle visant à restreindre certaines prérogatives du Président de la République et à renforcer celles du Premier ministre, responsable devant le Parlement",80200,342,332,101,231,https://www.senat.fr/scrutin-public/2025/scr2025-205.html
2025-206,2026-02-24T23:00:00+00:00,"sur larticle 4 de la proposition de loi constitutionnelle visant à restreindre certaines prérogatives du Président de la République et à renforcer celles du Premier ministre, responsable devant le Parlement",80200,342,332,101,231,https://www.senat.fr/scrutin-public/2025/scr2025-206.html
2025-207,2026-02-24T23:00:00+00:00,"sur larticle 5 de la proposition de loi constitutionnelle visant à restreindre certaines prérogatives du Président de la République et à renforcer celles du Premier ministre, responsable devant le Parlement",80200,342,332,101,231,https://www.senat.fr/scrutin-public/2025/scr2025-207.html
2025-208,2026-02-24T23:00:00+00:00,"sur l'article 6 de la proposition de loi constitutionnelle visant à restreindre certaines prérogatives du Président de la République et à renforcer celles du Premier ministre, responsable devant le Parlement",80200,342,332,101,231,https://www.senat.fr/scrutin-public/2025/scr2025-208.html
2025-209,2026-02-25T23:00:00+00:00,"sur lamendement n° 7, présenté par M. Patrick Kanner et les membres du groupe Socialiste, Écologiste et Républicain, tendant à insérer un article additionnel avant larticle 1er A de la proposition de loi constitutionnelle visant à préciser la procédure d'examen des textes budgétaires, à renforcer la place du Parlement et à sécuriser le périmètre et la constitutionnalité des dispositions mises en uvre par les ordonnances mentionnées aux articles 47 et 47-1 de la Constitution",,341,341,115,226,https://www.senat.fr/scrutin-public/2025/scr2025-209.html
2025-21,2025-11-04T23:00:00+00:00,"sur l'amendement n° 3 rectifié, présenté par M. Grégory Blanc et les membres du groupe Écologiste - Solidarité et Territoires, à larticle 1er de la proposition de loi pour la sécurisation juridique des structures économiques face aux risques de blanchiment",,342,342,175,167,https://www.senat.fr/scrutin-public/2025/scr2025-21.html
2025-210,2026-02-25T23:00:00+00:00,"sur lamendement n° 6, présenté par M. Patrick Kanner et les membres du groupe Socialiste, Écologiste et Républicain, à larticle 1er A de la proposition de loi constitutionnelle visant à préciser la procédure d'examen des textes budgétaires, à renforcer la place du Parlement et à sécuriser le périmètre et la constitutionnalité des dispositions mises en uvre par les ordonnances mentionnées aux articles 47 et 47-1 de la Constitution",,341,341,115,226,https://www.senat.fr/scrutin-public/2025/scr2025-210.html
2025-211,2026-02-25T23:00:00+00:00,"sur larticle 1er A de la proposition de loi constitutionnelle visant à préciser la procédure d'examen des textes budgétaires, à renforcer la place du Parlement et à sécuriser le périmètre et la constitutionnalité des dispositions mises en uvre par les ordonnances mentionnées aux articles 47 et 47-1 de la Constitution",,340,340,340,0,https://www.senat.fr/scrutin-public/2025/scr2025-211.html
2025-212,2026-02-25T23:00:00+00:00,"sur lamendement n° 4 rectifié, présenté par M. Grégory Blanc et plusieurs de ses collègues, tendant à insérer un article additionnel après larticle 1er A de la proposition de loi constitutionnelle visant à préciser la procédure d'examen des textes budgétaires, à renforcer la place du Parlement et à sécuriser le périmètre et la constitutionnalité des dispositions mises en uvre par les ordonnances mentionnées aux articles 47 et 47-1 de la Constitution",,341,259,33,226,https://www.senat.fr/scrutin-public/2025/scr2025-212.html
2025-213,2026-02-25T23:00:00+00:00,"sur lamendement n° 3 rectifié, présenté par M. Grégory Blanc et plusieurs de ses collègues, tendant à insérer un article additionnel après larticle 1er A de la proposition de loi constitutionnelle visant à préciser la procédure d'examen des textes budgétaires, à renforcer la place du Parlement et à sécuriser le périmètre et la constitutionnalité des dispositions mises en uvre par les ordonnances mentionnées aux articles 47 et 47-1 de la Constitution",,326,227,1,226,https://www.senat.fr/scrutin-public/2025/scr2025-213.html
2025-214,2026-02-25T23:00:00+00:00,"sur lensemble de la proposition de loi constitutionnelle visant à préciser la procédure d'examen des textes budgétaires, à renforcer la place du Parlement et à sécuriser le périmètre et la constitutionnalité des dispositions mises en uvre par les ordonnances mentionnées aux articles 47 et 47-1 de la Constitution",,340,340,323,17,https://www.senat.fr/scrutin-public/2025/scr2025-214.html
2025-215,2026-03-24T23:00:00+00:00,"sur lamendement n° 4, présenté par Mme Audrey Linkenheld et les membres du groupe Socialiste, Écologiste et Républicain, à larticle 2 de la proposition de loi visant à soutenir et valoriser les commerces de proximité",78999,342,325,98,227,https://www.senat.fr/scrutin-public/2025/scr2025-215.html
2025-216,2026-03-24T23:00:00+00:00,sur larticle 2 de la proposition de loi visant à soutenir et valoriser les commerces de proximité,78999,342,340,113,227,https://www.senat.fr/scrutin-public/2025/scr2025-216.html
2025-217,2026-03-24T23:00:00+00:00,sur lensemble de la proposition de loi visant à soutenir et valoriser les commerces de proximité,78999,342,340,113,227,https://www.senat.fr/scrutin-public/2025/scr2025-217.html
2025-218,2026-03-29T22:00:00+00:00,"sur lamendement n° 7, présenté par Mme Marianne Margaté et les membres du groupe Communiste Républicain Citoyen et Écologiste - Kanaky, à larticle 1er de la proposition de loi visant à améliorer l'accès au logement des travailleurs des services publics",76403,342,327,98,229,https://www.senat.fr/scrutin-public/2025/scr2025-218.html
2025-219,2026-03-30T22:00:00+00:00,"sur lamendement n° 32, présenté par le Gouvernement, à larticle 1er de la proposition de loi visant à protéger les mineurs des risques auxquels les expose l'utilisation des réseaux sociaux",78610,342,340,37,303,https://www.senat.fr/scrutin-public/2025/scr2025-219.html
2025-22,2025-11-05T23:00:00+00:00,sur larticle unique constituant lensemble de la proposition de loi créant la profession dassistant en santé bucco-dentaire,,342,341,341,0,https://www.senat.fr/scrutin-public/2025/scr2025-22.html
2025-220,2026-03-31T22:00:00+00:00,"sur lamendement n° 1, présenté par Mme Raymonde Poncet Monge et les membres du groupe Écologiste - Solidarité et Territoires, tendant à supprimer larticle unique du projet de loi portant transposition de l'avenant n° 3 du 25 février 2026 au protocole d'accord du 10 novembre 2023 relatif à l'assurance chômage",82100,342,276,39,237,https://www.senat.fr/scrutin-public/2025/scr2025-220.html
2025-221,2026-03-31T22:00:00+00:00,sur larticle unique constituant lensemble du projet de loi portant transposition de l'avenant n° 3 du 25 février 2026 au protocole d'accord du 10 novembre 2023 relatif à l'assurance chômage,82100,342,275,236,39,https://www.senat.fr/scrutin-public/2025/scr2025-221.html
2025-222,2026-04-06T22:00:00+00:00,"sur lamendement n° 3, présenté par Mme Raymonde Poncet Monge et les membres du groupe Écologiste - Solidarité et Territoires, à larticle 1er de la proposition de loi visant au renforcement de lattractivité de lépargne salariale et à la mise en uvre dune procédure de déblocage exceptionnelle",,342,310,100,210,https://www.senat.fr/scrutin-public/2025/scr2025-222.html
2025-223,2026-04-06T22:00:00+00:00,sur lensemble de la proposition de loi visant au renforcement de lattractivité de lépargne salariale et à la mise en uvre dune procédure de déblocage exceptionnelle,,342,341,230,111,https://www.senat.fr/scrutin-public/2025/scr2025-223.html
2025-224,2026-04-06T22:00:00+00:00,"sur lensemble de la proposition de loi portant une gouvernance claire, juste et solidaire pour la gestion des milieux aquatiques et la prévention des inondations (GEMAPI)",80419,345,328,328,0,https://www.senat.fr/scrutin-public/2025/scr2025-224.html
2025-225,2026-04-08T22:00:00+00:00,"sur les amendements identiques n° 1 rectifié, présenté par Mme Corinne Narassiguin et les membres du groupe Socialiste, Écologiste et Républicain, n° 2, présenté par Mme Marie-Claude Varaillas et les membres du groupe Communiste Républicain Citoyen et Écologiste - Kanaky, n° 3 rectifié bis, présenté par M. Michel Masset et plusieurs de ses collègues, et n° 6 rectifié quinquies, présenté par Mme Olivia Richard et plusieurs de ses collègues, à l'article 1er de la proposition de loi visant à mettre fin au devoir conjugal",79144,324,315,170,145,https://www.senat.fr/scrutin-public/2025/scr2025-225.html
2025-226,2026-04-08T22:00:00+00:00,sur lensemble de la proposition de loi visant à mettre fin au devoir conjugal,79144,333,211,209,2,https://www.senat.fr/scrutin-public/2025/scr2025-226.html
2025-227,2026-04-12T22:00:00+00:00,"sur les amendements identiques n° 24, présenté par M. Guy Benarroche et les membres du groupe Écologiste - Solidarité et Territoires, n° 44, présenté par Mme Cécile Cukierman et les membres du groupe Communiste Républicain Citoyen et Écologiste  Kanaky, et n° 51, présenté par Mme Marie-Pierre de La Gontrie et les membres du groupe Socialiste, Écologiste et Républicain, tendant à supprimer larticle 1er du projet de loi sur la justice criminelle et le respect des victimes",,341,337,112,225,https://www.senat.fr/scrutin-public/2025/scr2025-227.html
2025-228,2026-04-12T22:00:00+00:00,"sur lamendement n° 94, présenté par le Gouvernement, à larticle 1er du projet de loi sur la justice criminelle et le respect des victimes",,323,323,323,0,https://www.senat.fr/scrutin-public/2025/scr2025-228.html
2025-229,2026-04-13T22:00:00+00:00,sur larticle 1er du projet de loi sur la justice criminelle et le respect des victimes,,343,342,224,118,https://www.senat.fr/scrutin-public/2025/scr2025-229.html
2025-23,2025-11-05T23:00:00+00:00,"sur larticle unique constituant lensemble de la proposition de loi constitutionnelle visant à protéger la Constitution, en limitant sa révision à la voie de l'article 89",76459,345,344,131,213,https://www.senat.fr/scrutin-public/2025/scr2025-23.html
2025-230,2026-04-13T22:00:00+00:00,sur lensemble du projet de loi sur la justice criminelle et le respect des victimes,,343,330,219,111,https://www.senat.fr/scrutin-public/2025/scr2025-230.html
2025-231,2026-04-13T22:00:00+00:00,sur lensemble du projet de loi organique relatif au renforcement des juridictions criminelles,82020,340,332,231,101,https://www.senat.fr/scrutin-public/2025/scr2025-231.html
2025-232,2026-04-14T22:00:00+00:00,sur l'ensemble du texte élaboré par la commission mixte paritaire sur le projet de loi de simplification de la vie économique,,345,324,224,100,https://www.senat.fr/scrutin-public/2025/scr2025-232.html
2025-233,2026-04-27T22:00:00+00:00,sur l'ensemble du projet de loi-cadre relatif au développement des transports,80899,334,329,310,19,https://www.senat.fr/scrutin-public/2025/scr2025-233.html
2025-234,2026-05-04T22:00:00+00:00,"sur la motion n° 3, présentée par M. Patrick Kanner et les membres du groupe Socialiste, Écologiste et Républicain, tendant à opposer l'exception d'irrecevabilité à la proposition de loi visant à lutter contre l'entrisme islamiste en France",81999,346,327,100,227,https://www.senat.fr/scrutin-public/2025/scr2025-234.html
2025-235,2026-05-04T22:00:00+00:00,"sur la motion n° 1, présentée par M. Ian Brossat et les membres du groupe Communiste Républicain Citoyen et Écologiste - Kanaky, tendant à opposer la question préalable à la proposition de loi visant à lutter contre l'entrisme islamiste en France",81999,346,328,101,227,https://www.senat.fr/scrutin-public/2025/scr2025-235.html
2025-236,2026-05-04T22:00:00+00:00,"sur la motion n° 6, présentée par M. Guillaume Gontard et plusieurs de ses collègues, tendant au renvoi en commission de la proposition de loi visant à lutter contre l'entrisme islamiste en France",81999,346,346,101,245,https://www.senat.fr/scrutin-public/2025/scr2025-236.html
2025-237,2026-05-04T22:00:00+00:00,"sur les amendements identiques n° 7, présenté par Mme Corinne Narassiguin et les membres du groupe Socialiste, Écologiste et Républicain, n° 25, présenté par Mme Mélanie Vogel et plusieurs de ses collègues, et n° 33 rectifié, présenté par M. Ahmed Laouedj et plusieurs de ses collègues, tendant à supprimer larticle 1er de la proposition de loi visant à lutter contre l'entrisme islamiste en France",81999,340,322,114,208,https://www.senat.fr/scrutin-public/2025/scr2025-237.html
2025-238,2026-05-04T22:00:00+00:00,sur lensemble de la proposition de loi visant à lutter contre l'entrisme islamiste en France,81999,345,332,208,124,https://www.senat.fr/scrutin-public/2025/scr2025-238.html
2025-239,2026-05-05T22:00:00+00:00,sur lensemble de la proposition de loi visant à donner aux acteurs locaux les moyens de lutter contre la cabanisation,82059,342,276,242,34,https://www.senat.fr/scrutin-public/2025/scr2025-239.html
2025-24,2025-11-11T23:00:00+00:00,"sur la motion n° 278, présenté par Mme Cécile Cukierman et les membres du groupe Communiste Républicain Citoyen et Écologiste - Kanaky, tendant à opposer la question préalable au projet de loi relatif à la lutte contre les fraudes sociales et fiscales",77721,343,343,98,245,https://www.senat.fr/scrutin-public/2025/scr2025-24.html
2025-240,2026-05-05T22:00:00+00:00,sur lensemble de la proposition de loi visant à soutenir les collectivités territoriales dans la prévention et la gestion des inondations,75703,342,342,342,0,https://www.senat.fr/scrutin-public/2025/scr2025-240.html
2025-241,2026-05-06T22:00:00+00:00,sur larticle 1er de la proposition de loi améliorant la protection des personnes ciblées par les réseaux de criminalité organisée,,342,322,114,208,https://www.senat.fr/scrutin-public/2025/scr2025-241.html
2025-242,2026-05-06T22:00:00+00:00,"sur lamendement n° 1, présenté par Mme Nathalie Goulet, tendant à supprimer l'article 1er de la proposition de loi consacrant une garantie à l'accès au compte bancaire pour les Françaises et les Français résidant hors de France",,342,342,201,141,https://www.senat.fr/scrutin-public/2025/scr2025-242.html
2025-243,2026-05-06T22:00:00+00:00,"sur l'amendement n° 3, présenté par M. Pascal Savoldelli et les membres du groupe Communiste Républicain Citoyen et Écologiste - Kanaky, tendant à insérer un article additionnel après l'article 1er de la proposition de loi consacrant une garantie à l'accès au compte bancaire pour les Françaises et les Français résidant hors de France",,342,341,140,201,https://www.senat.fr/scrutin-public/2025/scr2025-243.html
2025-244,2026-05-06T22:00:00+00:00,"sur lamendement n° 2, présenté par Mme Nathalie Goulet, tendant à supprimer l'article 2 de la proposition de loi consacrant une garantie à l'accès au compte bancaire pour les Françaises et les Français résidant hors de France",,342,322,181,141,https://www.senat.fr/scrutin-public/2025/scr2025-244.html
2025-245,2026-05-06T22:00:00+00:00,"sur l'amendement n° 9, présenté par MM. Ronan Le Gleut et Christophe-André Frassa, tendant à insérer un article additionnel après l'article 2 de la proposition de loi consacrant une garantie à l'accès au compte bancaire pour les Françaises et les Français résidant hors de France",,342,322,141,181,https://www.senat.fr/scrutin-public/2025/scr2025-245.html
2025-246,2026-05-06T22:00:00+00:00,"sur l'amendement n° 6 rectifié, présenté par MM. Ronan Le Gleut et Christophe-André Frassa, tendant à insérer un article additionnel après l'article 2 de la proposition de loi consacrant une garantie à l'accès au compte bancaire pour les Françaises et les Français résidant hors de France",,342,322,140,182,https://www.senat.fr/scrutin-public/2025/scr2025-246.html
2025-247,2026-05-06T22:00:00+00:00,"sur l'amendement n° 7 rectifié, présenté par MM. Ronan Le Gleut et Christophe-André Frassa, tendant à insérer un article additionnel après l'article 2 de la proposition de loi consacrant une garantie à l'accès au compte bancaire pour les Françaises et les Français résidant hors de France",,342,304,124,180,https://www.senat.fr/scrutin-public/2025/scr2025-247.html
2025-248,2026-05-06T22:00:00+00:00,"sur l'amendement n° 8, présenté par MM. Ronan Le Gleut et Christophe-André Frassa, tendant à insérer un article additionnel après l'article 2 de la proposition de loi consacrant une garantie à l'accès au compte bancaire pour les Françaises et les Français résidant hors de France",,342,322,142,180,https://www.senat.fr/scrutin-public/2025/scr2025-248.html
2025-249,2026-05-06T22:00:00+00:00,sur l'ensemble du texte élaboré par la commission mixte paritaire sur le projet de loi relatif à la restitution de biens culturels ayant fait lobjet dune appropriation illicite,77000,343,343,343,0,https://www.senat.fr/scrutin-public/2025/scr2025-249.html
2025-25,2025-11-12T23:00:00+00:00,"sur lamendement n° 55 rectifié sexies, présenté par M. Cyril Pellevat et plusieurs de ses collègues, à larticle 8 du projet de loi relatif à la lutte contre les fraudes sociales et fiscales",77721,344,342,103,239,https://www.senat.fr/scrutin-public/2025/scr2025-25.html
2025-250,2026-05-10T22:00:00+00:00,sur l'ensemble du texte élaboré par la commission mixte paritaire sur le projet de loi relatif à la lutte contre les fraudes sociales et fiscales,77721,343,343,244,99,https://www.senat.fr/scrutin-public/2025/scr2025-250.html
2025-251,2026-05-10T22:00:00+00:00,sur lensemble de la proposition de loi visant à garantir l'égal accès de tous à l'accompagnement et aux soins palliatifs (deuxième lecture),76129,343,343,325,18,https://www.senat.fr/scrutin-public/2025/scr2025-251.html
2025-252,2026-05-10T22:00:00+00:00,"sur les amendements identiques n° 79 rectifié quater, présenté par M. Guillaume Chevrollier et plusieurs de ses collègues, n° 118 rectifié bis, présenté par Mme Jacqueline Eustache-Brinio et plusieurs de ses collègues, n° 344, présenté par M. Stéphane Ravier, n° 495 rectifié ter, présenté par M. Emmanuel Capus et plusieurs de ses collègues, et n° 725 rectifié bis, présenté par Mme Corinne Bourcier et M. Loïc Hervé, tendant à supprimer larticle 2 de la proposition de loi relative au droit à l'aide à mourir (deuxième lecture)",76127,325,297,84,213,https://www.senat.fr/scrutin-public/2025/scr2025-252.html
2025-253,2026-05-10T22:00:00+00:00,"sur lamendement n° 201 rectifié, présenté par Mme Jocelyne Antoine et plusieurs de ses collègues, à larticle 2 de la proposition de loi relative au droit à l'aide à mourir (deuxième lecture)",76127,332,316,120,196,https://www.senat.fr/scrutin-public/2025/scr2025-253.html
2025-254,2026-05-10T22:00:00+00:00,"sur lamendement n° 1, présenté par Mme Silvana Silvani et plusieurs de ses collègues, à larticle 2 de la proposition de loi relative au droit à l'aide à mourir (deuxième lecture)",76127,330,312,132,180,https://www.senat.fr/scrutin-public/2025/scr2025-254.html
2025-255,2026-05-10T22:00:00+00:00,"sur les amendements identiques n° 198 rectifié, présenté par Mme Jocelyne Antoine et plusieurs de ses collègues, n° 509, présenté par Mme Marie-Pierre de la Gontrie et plusieurs de ses collègues, n° 688 rectifié bis, présenté par M. Xavier Iacovelli et plusieurs de ses collègues, et n° 695 rectifié bis, présenté par M. Bernard Fialaire et plusieurs de ses collègues, à larticle 2 de la proposition de loi relative au droit à l'aide à mourir (deuxième lecture)",76127,330,313,133,180,https://www.senat.fr/scrutin-public/2025/scr2025-255.html
2025-256,2026-05-10T22:00:00+00:00,"sur lamendement n° 574, présenté par Mme Anne Souyris et plusieurs de ses collègues, à larticle 2 de la proposition de loi relative au droit à l'aide à mourir (deuxième lecture)",76127,291,279,112,167,https://www.senat.fr/scrutin-public/2025/scr2025-256.html
2025-257,2026-05-10T22:00:00+00:00,"sur lamendement n° 211 rectifié, présenté par M. Olivier Henno et plusieurs de ses collègues, à larticle 2 de la proposition de loi relative au droit à l'aide à mourir (deuxième lecture)",76127,338,301,21,280,https://www.senat.fr/scrutin-public/2025/scr2025-257.html
2025-258,2026-05-10T22:00:00+00:00,"sur l'amendement n° 497 rectifié bis, présenté par M. Emmanuel Capus et plusieurs de ses collègues, à l'article 2 de la proposition de loi relative au droit à l'aide à mourir (deuxième lecture)",76127,286,263,49,214,https://www.senat.fr/scrutin-public/2025/scr2025-258.html
2025-259,2026-05-10T22:00:00+00:00,"sur l'amendement n° 2, présenté par Mme Silvana Silvani et plusieurs de ses collègues, à l'article 2 de la proposition de loi relative au droit à l'aide à mourir (deuxième lecture)",76127,291,278,113,165,https://www.senat.fr/scrutin-public/2025/scr2025-259.html
2025-26,2025-11-12T23:00:00+00:00,"sur lamendement n° 54 rectifié quinquies, présenté par M. Cyril Pellevat et plusieurs de ses collègues, à larticle 8 du projet de loi relatif à la lutte contre les fraudes sociales et fiscales",77721,343,343,103,240,https://www.senat.fr/scrutin-public/2025/scr2025-26.html
2025-260,2026-05-10T22:00:00+00:00,"sur l'amendement n° 348 rectifié, présenté par M. Jean Sol et plusieurs de ses collègues, à l'article 2 de la proposition de loi relative au droit à l'aide à mourir (deuxième lecture)",76127,284,258,49,209,https://www.senat.fr/scrutin-public/2025/scr2025-260.html
2025-261,2026-05-10T22:00:00+00:00,"sur l'amendement n° 576, présenté par Mme Anne Souyris et plusieurs de ses collègues, à l'article 2 de la proposition de loi relative au droit à l'aide à mourir (deuxième lecture)",76127,286,267,107,160,https://www.senat.fr/scrutin-public/2025/scr2025-261.html
2025-262,2026-05-10T22:00:00+00:00,"sur les amendements identiques n° 457 rectifié, présenté par M. David Margueritte et plusieurs de ses collègues, et n° 496 rectifié ter, présenté par M. Emmanuel Capus et plusieurs de ses collègues, à l'article 2 de la proposition de loi relative au droit à l'aide à mourir (deuxième lecture)",76127,283,265,52,213,https://www.senat.fr/scrutin-public/2025/scr2025-262.html
2025-263,2026-05-10T22:00:00+00:00,"sur l'amendement n° 358 rectifié, présenté par MM. Alain Duffourg et Arnaud Bazin, à l'article 2 de la proposition de loi relative au droit à l'aide à mourir (deuxième lecture)",76127,291,269,13,256,https://www.senat.fr/scrutin-public/2025/scr2025-263.html
2025-264,2026-05-10T22:00:00+00:00,"sur les amendements identiques n° 31 rectifié, présenté par M. Alain Houpert et plusieurs de ses collègues, n° 306, présenté par M. Stéphane Ravier, et n° 698 rectifié bis, présenté par M. Louis-Jean de Nicolaÿ et plusieurs de ses collègues, à larticle 2 de la proposition de loi relative au droit à laide à mourir (deuxième lecture)",76127,284,257,45,212,https://www.senat.fr/scrutin-public/2025/scr2025-264.html
2025-265,2026-05-10T22:00:00+00:00,sur l'article 2 de la proposition de loi relative au droit à l'aide à mourir (deuxième lecture),76127,327,269,118,151,https://www.senat.fr/scrutin-public/2025/scr2025-265.html
2025-266,2026-05-17T22:00:00+00:00,sur lensemble de la proposition de loi relative à la sortie des collections publiques de restes humains kali'nas et arawaks en vue de funérailles sur le territoire de la Guyane,75067,342,342,342,0,https://www.senat.fr/scrutin-public/2025/scr2025-266.html
2025-267,2026-05-17T22:00:00+00:00,"sur lamendement n° 3, présenté par Mme Cathy Apourceau-Poly et les membres du groupe Communiste Républicain Citoyen et Écologiste - Kanaky, tendant à supprimer larticle unique du projet de loi portant transposition de l'avenant n° 3 du 25 février 2026 au protocole d'accord du 10 novembre 2023 relatif à l'assurance chômage (deuxième lecture)",82100,342,261,34,227,https://www.senat.fr/scrutin-public/2025/scr2025-267.html
2025-268,2026-05-17T22:00:00+00:00,"sur les amendements identiques n° 1, présenté par Mme Monique Lubin et les membres du groupe Socialiste, Écologiste et Républicain, et n° 4, présenté par Mme Cathy Apourceau-Poly et les membres du groupe Communiste Républicain Citoyen et Écologiste - Kanaky, à larticle unique du projet de loi portant transposition de l'avenant n° 3 du 25 février 2026 au protocole d'accord du 10 novembre 2023 relatif à l'assurance chômage (deuxième lecture)",82100,342,326,99,227,https://www.senat.fr/scrutin-public/2025/scr2025-268.html
2025-269,2026-05-17T22:00:00+00:00,"sur lamendement n° 2, présenté par Mme Raymonde Poncet Monge et plusieurs de ses collègues, à larticle unique du projet de loi portant transposition de l'avenant n° 3 du 25 février 2026 au protocole d'accord du 10 novembre 2023 relatif à l'assurance chômage (deuxième lecture)",82100,342,326,99,227,https://www.senat.fr/scrutin-public/2025/scr2025-269.html
2025-27,2025-11-12T23:00:00+00:00,"sur lamendement n° 74, présenté par M. Jacques Fernique et les membres du groupe Écologiste - Solidarité et Territoires, à larticle 8 du projet de loi relatif à la lutte contre les fraudes sociales et fiscales",77721,343,343,116,227,https://www.senat.fr/scrutin-public/2025/scr2025-27.html
2025-270,2026-05-17T22:00:00+00:00,sur larticle unique constituant l'ensemble du projet de loi portant transposition de l'avenant n° 3 du 25 février 2026 au protocole d'accord du 10 novembre 2023 relatif à l'assurance chômage (deuxième lecture),82100,345,277,243,34,https://www.senat.fr/scrutin-public/2025/scr2025-270.html
2025-271,2026-05-17T22:00:00+00:00,"sur lamendement n° 2, présenté par Mme Corinne Narassiguin et les membres du groupe Socialiste, Écologiste et Républicain, à larticle 1er de la proposition de loi organique portant régularisation des natifs dans le corps électoral pour les élections au congrès et aux assemblées de province de Nouvelle-Calédonie",76570,345,297,65,232,https://www.senat.fr/scrutin-public/2025/scr2025-271.html
2025-272,2026-05-17T22:00:00+00:00,"sur lamendement n° 3, présenté par le Gouvernement, tendant à insérer un article additionnel après larticle 1er de la proposition de loi organique portant régularisation des natifs dans le corps électoral pour les élections au congrès et aux assemblées de province de Nouvelle-Calédonie",76570,344,330,147,183,https://www.senat.fr/scrutin-public/2025/scr2025-272.html
2025-273,2026-05-17T22:00:00+00:00,sur lensemble de la proposition de loi organique portant régularisation des natifs dans le corps électoral pour les élections au congrès et aux assemblées de province de Nouvelle-Calédonie,76570,344,324,304,20,https://www.senat.fr/scrutin-public/2025/scr2025-273.html
2025-274,2026-05-19T22:00:00+00:00,"sur larticle 2 de la proposition de loi visant à renforcer la sécurité, la rétention administrative et la prévention des risques dattentat",79147,283,275,153,122,https://www.senat.fr/scrutin-public/2025/scr2025-274.html
2025-275,2026-05-25T22:00:00+00:00,"sur lensemble du projet de loi visant à offrir des réponses immédiates aux phénomènes troublant l'ordre public, la sécurité et la tranquillité de nos concitoyens",82101,342,276,243,33,https://www.senat.fr/scrutin-public/2025/scr2025-275.html
2025-276,2026-05-27T22:00:00+00:00,sur l'article unique constituant l'ensemble de la proposition de loi visant à assouplir la procédure d'autorisation des établissements et services sociaux et médico-sociaux à caractère expérimental,81640,342,342,342,0,https://www.senat.fr/scrutin-public/2025/scr2025-276.html
2025-277,2026-05-27T22:00:00+00:00,"sur les amendements identiques n° 4, présenté par Mme Cécile Cukierman et les membres du groupe Communiste Républicain Citoyen et Écologiste - Kanaky, n° 9 rectifié quater, présenté par M. Teva Rohfritsch et plusieurs de ses collègues, et n° 12, présenté par M. Akli Mellouli et plusieurs de ses collègues, à larticle 2 de la proposition de loi visant à reconnaître les victimes de l'exposition aux essais nucléaires français et à améliorer leur indemnisation",79129,342,341,133,208,https://www.senat.fr/scrutin-public/2025/scr2025-277.html
2025-278,2026-05-27T22:00:00+00:00,sur larticle 2 de la proposition de loi visant à reconnaître les victimes de l'exposition aux essais nucléaires français et à améliorer leur indemnisation,79129,342,341,341,0,https://www.senat.fr/scrutin-public/2025/scr2025-278.html
2025-279,2026-05-27T22:00:00+00:00,"sur lamendement n° 16, présenté par M. Rachid Temal et les membres du groupe Socialiste, Écologiste et Républicain, tendant à rétablir larticle 6 ter de la proposition de loi visant à reconnaître les victimes de l'exposition aux essais nucléaires français et à améliorer leur indemnisation",79129,342,341,131,210,https://www.senat.fr/scrutin-public/2025/scr2025-279.html
2025-28,2025-11-12T23:00:00+00:00,"sur lamendement n° 63 rectifié ter, présenté par M. Bernard Pillefer et plusieurs de ses collègues, à larticle 8 du projet de loi relatif à la lutte contre les fraudes sociales et fiscales",77721,343,309,3,306,https://www.senat.fr/scrutin-public/2025/scr2025-28.html
2025-280,2026-05-27T22:00:00+00:00,sur l'ensemble de la proposition de loi visant à reconnaître les victimes de l'exposition aux essais nucléaires français et à améliorer leur indemnisation,79129,343,342,342,0,https://www.senat.fr/scrutin-public/2025/scr2025-280.html
2025-281,2026-05-27T22:00:00+00:00,"sur le sous-amendement n° 10, présenté par M. Christophe Chaillou et les membres du groupe Socialiste, Écologiste et Républicain, à lamendement n° 9, présenté par le Gouvernement,, tendant à insérer un article additionnel après l'article 2 de la proposition de loi visant à assurer le droit de chaque enfant à être assisté d'un avocat dans le cadre d'une mesure d'assistance éducative et de protection de l'enfance",77199,341,322,288,34,https://www.senat.fr/scrutin-public/2025/scr2025-281.html
2025-282,2026-05-27T22:00:00+00:00,"sur lamendement n° 9, présenté par le Gouvernement, tendant à insérer un article additionnel après l'article 2 de la proposition de loi visant à assurer le droit de chaque enfant à être assisté d'un avocat dans le cadre d'une mesure d'assistance éducative et de protection de l'enfance",77199,339,336,283,53,https://www.senat.fr/scrutin-public/2025/scr2025-282.html
2025-283,2026-05-31T22:00:00+00:00,"sur la motion n° 10 rectifiée, présentée par Mme Anne Souyris et les membres du groupe Écologiste - Solidarité et Territoires, tendant au renvoi en commission de la proposition de loi concernant la représentativité au sein des unions régionales des professionnels de santé",,323,323,34,289,https://www.senat.fr/scrutin-public/2025/scr2025-283.html
2025-284,2026-05-31T22:00:00+00:00,"sur lamendement n° 3 rectifié, présenté par Mme Émilienne Poumirol et les membres du groupe Socialiste, Écologiste et Républicain, à larticle unique de la proposition de loi concernant la représentativité au sein des unions régionales des professionnels de santé",,342,323,114,209,https://www.senat.fr/scrutin-public/2025/scr2025-284.html
2025-285,2026-05-31T22:00:00+00:00,"sur lamendement n° 4, présenté par Mme Corinne Imbert, à larticle unique de la proposition de loi concernant la représentativité au sein des unions régionales des professionnels de santé",,342,342,342,0,https://www.senat.fr/scrutin-public/2025/scr2025-285.html
2025-286,2026-05-31T22:00:00+00:00,sur l'article unique constituant l'ensemble de la proposition de loi concernant la représentativité au sein des unions régionales des professionnels de santé,,342,342,342,0,https://www.senat.fr/scrutin-public/2025/scr2025-286.html
2025-287,2026-05-31T22:00:00+00:00,sur l'ensemble du texte élaboré par la commission mixte paritaire sur la proposition de loi visant à améliorer l'accès au logement des travailleurs des services publics,76403,345,345,246,99,https://www.senat.fr/scrutin-public/2025/scr2025-287.html
2025-288,2026-05-31T22:00:00+00:00,"sur lamendement n° 26 rectifié bis, présenté par M. Max Brisson et plusieurs de ses collègues, à l'article 1er du projet de loi relatif à la régulation de l'enseignement supérieur privé",77001,345,345,226,119,https://www.senat.fr/scrutin-public/2025/scr2025-288.html
2025-289,2026-05-31T22:00:00+00:00,"sur lamendement n° 61, présenté par Mme Mathilde Ollivier et plusieurs de ses collègues, à l'article 5 du projet de loi relatif à la régulation de l'enseignement supérieur privé",77001,342,342,34,308,https://www.senat.fr/scrutin-public/2025/scr2025-289.html
2025-29,2025-11-17T23:00:00+00:00,sur lensemble du projet de loi relatif à la lutte contre les fraudes sociales et fiscales,77721,341,271,239,32,https://www.senat.fr/scrutin-public/2025/scr2025-29.html
2025-290,2026-05-31T22:00:00+00:00,"sur lamendement n° 37 rectifié, présenté par M. Jacques Grosperrin et plusieurs de ses collègues, à l'article 5 du projet de loi relatif à la régulation de l'enseignement supérieur privé",77001,342,342,17,325,https://www.senat.fr/scrutin-public/2025/scr2025-290.html
2025-291,2026-06-01T22:00:00+00:00,"sur l'amendement n° 128, présenté par M. Rachid Temal et les membres du groupe Socialiste, Écologiste et Républicain, à l'article 1er et au rapport annexé du projet de loi actualisant la programmation militaire pour les années 2024 à 2030 et portant diverses dispositions intéressant la défense",82341,344,341,140,201,https://www.senat.fr/scrutin-public/2025/scr2025-291.html
2025-292,2026-06-01T22:00:00+00:00,"sur les amendements identiques n° 123, présenté par M. Rachid Temal et les membres du groupe Socialiste, Écologiste et Républicain, et n° 208, présenté par le Gouvernement, à l'article 2 du projet de loi actualisant la programmation militaire pour les années 2024 à 2030 et portant diverses dispositions intéressant la défense",82341,342,331,168,163,https://www.senat.fr/scrutin-public/2025/scr2025-292.html
2025-293,2026-06-08T22:00:00+00:00,sur lensemble du projet de loi actualisant la programmation militaire pour les années 2024 à 2030 et portant diverses dispositions intéressant la défense,82341,344,330,297,33,https://www.senat.fr/scrutin-public/2025/scr2025-293.html
2025-294,2026-06-08T22:00:00+00:00,sur lensemble de la proposition de loi visant à garantir la neutralité financière du don d'organes et d'autres éléments et produits du corps humain par les vivants,82039,342,342,342,0,https://www.senat.fr/scrutin-public/2025/scr2025-294.html
2025-295,2026-06-08T22:00:00+00:00,"sur lamendement n° 37, présenté par le Gouvernement, à larticle 1er de la proposition de loi visant à exercer l'accès à l'emploi, à pérenniser et à étendre progressivement l'expérimentation « territoires zéro chômeur de longue durée » comme solution de retour à l'emploi pour les personnes privées durablement d'emploi",76397,342,342,121,221,https://www.senat.fr/scrutin-public/2025/scr2025-295.html
2025-296,2026-06-08T22:00:00+00:00,"sur lamendement n° 38, présenté par le Gouvernement, à larticle 2 de la proposition de loi visant à exercer l'accès à l'emploi, à pérenniser et à étendre progressivement l'expérimentation « territoires zéro chômeur de longue durée » comme solution de retour à l'emploi pour les personnes privées durablement d'emploi",76397,342,342,118,224,https://www.senat.fr/scrutin-public/2025/scr2025-296.html
2025-297,2026-06-08T22:00:00+00:00,"sur lamendement n° 39, présenté par le Gouvernement, à larticle 3 de la proposition de loi visant à exercer l'accès à l'emploi, à pérenniser et à étendre progressivement l'expérimentation « territoires zéro chômeur de longue durée » comme solution de retour à l'emploi pour les personnes privées durablement d'emploi",76397,342,342,121,221,https://www.senat.fr/scrutin-public/2025/scr2025-297.html
2025-298,2026-06-08T22:00:00+00:00,"sur lensemble de la proposition de loi visant à exercer l'accès à l'emploi, à pérenniser et à étendre progressivement l'expérimentation « territoires zéro chômeur de longue durée » comme solution de retour à l'emploi pour les personnes privées durablement d'emploi",76397,342,240,239,1,https://www.senat.fr/scrutin-public/2025/scr2025-298.html
2025-299,2026-06-09T22:00:00+00:00,"sur lamendement n° 2, présenté par Mme Sylvie Robert, à larticle 1er de la proposition de loi relative au contrat d'édition, visant à favoriser les meilleures pratiques entre les acteurs des filières du livre et de luvre musicale et portant simplification de lexception au droit d'auteur pour les personnes en situation de handicap",,342,342,118,224,https://www.senat.fr/scrutin-public/2025/scr2025-299.html
2025-3,2025-10-19T22:00:00+00:00,"sur l'amendement n° 1, présenté par M. Guy Benarroche et les membres du groupe Écologiste -  Solidarité et Territoires, tendant à supprimer l'article unique de la proposition de loi constitutionnelle visant à garantir la prééminence des lois de la République",75920,341,322,112,210,https://www.senat.fr/scrutin-public/2025/scr2025-3.html
2025-30,2025-11-18T23:00:00+00:00,"sur la motion n° 342, présentée par Mme Cécile Cukierman et les membres du groupe Communiste Républicain Citoyen et Écologiste - Kanaky, tendant à opposer l'exception d'irrecevabilité au projet de loi de financement de la sécurité sociale pour 2026",,343,278,34,244,https://www.senat.fr/scrutin-public/2025/scr2025-30.html
2025-300,2026-06-09T22:00:00+00:00,sur l'ensemble de la proposition de loi visant à moderniser la gestion du patrimoine immobilier de l'État,77166,342,341,308,33,https://www.senat.fr/scrutin-public/2025/scr2025-300.html
2025-301,2026-06-10T22:00:00+00:00,"sur le sous-amendement n° 9, présenté par M. Laurent Somon, à lamendement n° 4 rectifié, présenté par Mme Frédérique Espagnac et les membres du groupe Socialiste, Écologiste et Républicain, à larticle 1er de la proposition de loi visant à remobiliser le bâti rural",81620,343,343,343,0,https://www.senat.fr/scrutin-public/2025/scr2025-301.html
2025-302,2026-06-10T22:00:00+00:00,sur larticle 3 de la proposition de loi visant à remobiliser le bâti rural,81620,344,344,116,228,https://www.senat.fr/scrutin-public/2025/scr2025-302.html
2025-303,2026-06-10T22:00:00+00:00,sur larticle 4 de la proposition de loi visant à remobiliser le bâti rural,81620,344,341,115,226,https://www.senat.fr/scrutin-public/2025/scr2025-303.html
2025-304,2026-06-10T22:00:00+00:00,sur lensemble de la proposition de loi visant à remobiliser le bâti rural,81620,345,342,341,1,https://www.senat.fr/scrutin-public/2025/scr2025-304.html
2025-305,2026-06-10T22:00:00+00:00,"sur les amendements identiques n° 3, présenté par Mme Silvana Silvani et les membres du groupe Communiste Républicain Citoyen et Écologiste - Kanaky, n° 19, présenté par Mme Anne Souyris et plusieurs de ses collègues, et n° 34, présenté par Mme Annie Le Houerou et les membres du groupe Socialiste, Écologiste et Républicain, à l'article 1er de la proposition de loi visant à lutter contre les déserts médicaux, d'initiative transpartisane",75971,342,342,106,236,https://www.senat.fr/scrutin-public/2025/scr2025-305.html
2025-306,2026-06-10T22:00:00+00:00,"sur lamendement n° 39 rectifié, présenté par M. Daniel Chasseing et plusieurs de ses collègues, à larticle 1er de la proposition de loi visant à lutter contre les déserts médicaux, d'initiative transpartisane",75971,339,321,36,285,https://www.senat.fr/scrutin-public/2025/scr2025-306.html
2025-307,2026-06-10T22:00:00+00:00,"sur larticle 1er de la proposition de loi visant à lutter contre les déserts médicaux, d'initiative transpartisane",75971,342,333,215,118,https://www.senat.fr/scrutin-public/2025/scr2025-307.html
2025-308,2026-06-14T22:00:00+00:00,"sur l'ensemble du texte élaboré par la commission mixte paritaire sur la proposition de loi visant à renforcer la sécurité, la rétention administrative et la prévention des risques d'attentat",79147,345,335,233,102,https://www.senat.fr/scrutin-public/2025/scr2025-308.html
2025-309,2026-06-15T22:00:00+00:00,"sur la motion n° 1, présentée par Mme Cathy Apourceau-Poly et les membres du groupe Communiste Républicain Citoyen et Écologiste - Kanaky, tendant à opposer l'exception d'irrecevabilité au projet de loi de sécurisation du travail le 1er mai des salariés volontaires des boulangers-pâtissiers artisanaux et des artisans fleuristes grâce au dialogue social de branche",,345,345,98,247,https://www.senat.fr/scrutin-public/2025/scr2025-309.html
2025-31,2025-11-18T23:00:00+00:00,"sur la motion n° 1, présentée par Mme Raymonde Poncet Monge et les membres du groupe Écologiste - Solidarité et Territoires, tendant à opposer la question préalable au projet de loi de financement de la sécurité sociale pour 2026",,342,277,34,243,https://www.senat.fr/scrutin-public/2025/scr2025-31.html
2025-310,2026-06-15T22:00:00+00:00,"sur la motion n° 3, présentée par Mme Raymonde Poncet Monge et les membres du groupe Écologiste - Solidarité et Territoires, tendant à opposer la question préalable au projet de loi de sécurisation du travail le 1er mai des salariés volontaires des boulangers-pâtissiers artisanaux et des artisans fleuristes grâce au dialogue social de branche",,342,342,98,244,https://www.senat.fr/scrutin-public/2025/scr2025-310.html
2025-311,2026-06-15T22:00:00+00:00,"sur la motion n° 16 rectifiée, présentée par Mme Monique Lubin et les membres du groupe Socialiste, Écologiste et Républicain, tendant au renvoi en commission  du projet de loi de sécurisation du travail le 1er mai des salariés volontaires des boulangers-pâtissiers artisanaux et des artisans fleuristes grâce au dialogue social de branche",,342,342,98,244,https://www.senat.fr/scrutin-public/2025/scr2025-311.html
2025-312,2026-06-15T22:00:00+00:00,sur l'ensemble du projet de loi de sécurisation du travail le 1er mai des salariés volontaires des boulangers-pâtissiers artisanaux et des artisans fleuristes grâce au dialogue social de branche,,342,339,229,110,https://www.senat.fr/scrutin-public/2025/scr2025-312.html
2025-313,2026-06-15T22:00:00+00:00,sur lensemble de la proposition de loi visant à réparer les préjudices causés par la transplantation de mineurs de La Réunion en France hexagonale de 1962 à 1984,76268,342,342,342,0,https://www.senat.fr/scrutin-public/2025/scr2025-313.html
2025-314,2026-06-16T22:00:00+00:00,sur lensemble de la proposition de loi portant diverses dispositions dadaptation du droit des outre-mer,75524,342,326,326,0,https://www.senat.fr/scrutin-public/2025/scr2025-314.html
2025-315,2026-06-21T22:00:00+00:00,"sur la motion n° 7, présentée par M. Pascal Savoldelli et les membres du groupe Communiste Républicain Citoyen et Écologiste  Kanaky, tendant à opposer la question préalable au projet de loi relative aux résultats de la gestion et portant approbation des comptes de l'année 2025",82881,342,261,18,243,https://www.senat.fr/scrutin-public/2025/scr2025-315.html
2025-316,2026-06-21T22:00:00+00:00,sur lensemble du projet de loi relative aux résultats de la gestion et portant approbation des comptes de l'année 2025,82881,342,326,226,100,https://www.senat.fr/scrutin-public/2025/scr2025-316.html
2025-317,2026-06-21T22:00:00+00:00,sur lensemble du projet de loi portant approbation des comptes de la sécurité sociale de lannée 2025,83481,341,332,226,106,https://www.senat.fr/scrutin-public/2025/scr2025-317.html
2025-318,2026-06-22T22:00:00+00:00,"sur lamendement n° 114 rectifié, présenté par Mme Anne Souyris et lensemble des membres du groupe Écologiste - Solidarité et Territoires, tendant à insérer un article additionnel après l'article 3 du projet de loi portant simplification des normes applicables aux collectivités territoriales",82761,345,328,98,230,https://www.senat.fr/scrutin-public/2025/scr2025-318.html
2025-319,2026-06-22T22:00:00+00:00,"sur les amendements identiques n° 215, présenté par M. Éric Kerrouche et les membres du groupe Socialiste, Écologiste et Républicain, n° 352, présenté par M. Grégory Blanc et les membres du groupe Écologiste   Solidarité et Territoires, et n° 368, présenté par le Gouvernement, tendant à supprimer larticle 3 bis du projet de loi portant simplification des normes applicables aux collectivités territoriales",82761,345,345,123,222,https://www.senat.fr/scrutin-public/2025/scr2025-319.html
2025-32,2025-11-18T23:00:00+00:00,"sur la motion n° 744, présentée par Mme Cathy Apourceau-Poly et les membres du groupe Communiste Républicain Citoyen et Écologiste - Kanaky, tendant au renvoi en commission du projet de loi de financement de la sécurité sociale pour 2026",,342,326,83,243,https://www.senat.fr/scrutin-public/2025/scr2025-32.html
2025-320,2026-06-22T22:00:00+00:00,"sur lamendement n° 441 rectifié, présenté par le Gouvernement, à l'article 8 du projet de loi portant simplification des normes applicables aux collectivités territoriales",82761,329,249,0,249,https://www.senat.fr/scrutin-public/2025/scr2025-320.html
2025-321,2026-06-28T22:00:00+00:00,"sur les amendements identiques n° 398, présenté par M. Daniel Salmon et plusieurs de ses collègues, n° 462, présenté par M. Jean-Claude Tissot et les membres du groupe Socialiste, Écologiste et Républicain, n° 713, présenté par M. Gérard Lahellec et les membres du groupe Communiste Républicain Citoyen et Écologiste - Kanaky, et n° 856, présenté par le Gouvernement, tendant à supprimer larticle 2 quater du projet de loi d'urgence pour la protection et la souveraineté agricoles",,333,315,129,186,https://www.senat.fr/scrutin-public/2025/scr2025-321.html
2025-322,2026-06-28T22:00:00+00:00,sur larticle 2 quater du projet de loi d'urgence pour la protection et la souveraineté agricoles,,331,312,183,129,https://www.senat.fr/scrutin-public/2025/scr2025-322.html
2025-323,2026-06-29T22:00:00+00:00,sur l'ensemble du texte élaboré par la commission mixte paritaire sur le projet de loi actualisant la programmation militaire pour les années 2024 à 2030 et portant diverses dispositions intéressant la défense,82341,345,343,309,34,https://www.senat.fr/scrutin-public/2025/scr2025-323.html
2025-324,2026-06-29T22:00:00+00:00,"sur les amendements identiques n° 392, présenté par M. Ronan Dantec et plusieurs de ses collègues, n° 473, présenté par M. Jean-Claude Tissot et les membres du groupe Socialiste, Écologiste et Républicain, et n° 714, présenté par M. Gérard Lahellec et les membres du groupe Communiste Républicain Citoyen et Écologiste - Kanaky, tendant à supprimer larticle 5 A du projet de loi durgence pour la protection et la souveraineté agricoles",,342,342,99,243,https://www.senat.fr/scrutin-public/2025/scr2025-324.html
2025-325,2026-06-30T22:00:00+00:00,"sur les amendements identiques n° 584 rectifié, présenté par M. Hervé Gillé et les membres du groupe Socialiste, Écologiste et Républicain, n° 847 rectifié bis, présenté par M. Henri Cabanel et plusieurs de ses collègues, et n° 861, présenté par le Gouvernement, à larticle 5 quater A du projet de loi d'urgence pour la protection et la souveraineté agricoles",,344,344,133,211,https://www.senat.fr/scrutin-public/2025/scr2025-325.html
2025-326,2026-06-30T22:00:00+00:00,"sur les amendements identiques n° 283 rectifié, présenté par Mme Nathalie Delattre et plusieurs de ses collègues, n° 496, présenté par M. Jean-Claude Tissot et les membres du groupe Socialiste, Écologiste et Républicain, n° 718, présenté par M. Gérard Lahellec et les membres du groupe Communiste Républicain Citoyen et Écologiste - Kanaky, n° 768, présenté par M. Ronan Dantec et plusieurs de ses collègues, et n° 996 rectifié bis, présenté par M. Marc Séné et plusieurs de ses collègues, tendant à supprimer l'article 6 du projet de loi d'urgence pour la protection et la souveraineté agricoles",,341,341,103,238,https://www.senat.fr/scrutin-public/2025/scr2025-326.html
2025-327,2026-07-01T22:00:00+00:00,sur lensemble du projet de loi durgence pour la protection et la souveraineté agricoles,,345,330,219,111,https://www.senat.fr/scrutin-public/2025/scr2025-327.html
2025-328,2026-07-06T22:00:00+00:00,"sur la motion n° 2, présentée par Mme Christine Bonfanti-Dossat au nom de la commission des affaires sociales, tendant à opposer la question préalable à la proposition de loi relative au droit à laide à mourir (nouvelle lecture)",76127,344,333,169,164,https://www.senat.fr/scrutin-public/2025/scr2025-328.html
2025-329,2026-07-06T22:00:00+00:00,"sur la motion n° 57, présentée par Mme Marianne Margaté et les membres du groupe Communiste Républicain Citoyen et Écologiste - Kanaky, tendant au renvoi en commission du projet de loi visant la relance et la décentralisation du logement",,342,342,99,243,https://www.senat.fr/scrutin-public/2025/scr2025-329.html
2025-33,2025-11-19T23:00:00+00:00,"sur lamendement n° 591, présenté par Mme Élisabeth Doineau au nom de la commission des affaires sociales, tendant à supprimer larticle 5 bis du projet de loi de financement de la sécurité sociale pour 2026",,308,289,94,195,https://www.senat.fr/scrutin-public/2025/scr2025-33.html
2025-330,2026-07-06T22:00:00+00:00,"sur les amendements identiques n° 154 rectifié, présenté par M. Bernard Delcros et plusieurs de ses collègues, n° 207 rectifié bis, présenté par M. Yves Bleunven et plusieurs de ses collègues, et n° 410, présenté par le Gouvernement, à l'article 2 du projet de loi visant la relance et la décentralisation du logement",,342,326,54,272,https://www.senat.fr/scrutin-public/2025/scr2025-330.html
2025-331,2026-07-06T22:00:00+00:00,"sur les amendements identiques n° 114 rectifié, présenté par M. Pierre Ouzoulias, et n° 164 rectifié ter, présenté par M. Laurent Lafon et plusieurs de ses collègues, à l'article 2 du projet de loi visant la relance et la décentralisation du logement",,328,327,137,190,https://www.senat.fr/scrutin-public/2025/scr2025-331.html
2025-332,2026-07-06T22:00:00+00:00,"sur les amendements identiques n° 209 rectifié ter, présenté par Mme Sophie Primas et plusieurs de ses collègues, et n° 409 rectifié bis, présenté par Mme Martine Berthet et plusieurs de ses collègues, à l'article 4 du projet de loi visant la relance et la décentralisation du logement",,342,326,209,117,https://www.senat.fr/scrutin-public/2025/scr2025-332.html
2025-333,2026-07-06T22:00:00+00:00,"sur les amendements identiques n° 3 rectifié ter, présenté par M. Vincent Capo-Canellas et plusieurs de ses collègues, et n° 210 rectifié bis, présenté par Mme Sophie Primas et plusieurs de ses collègues, à l'article 4 du projet de loi visant la relance et la décentralisation du logement",,341,325,208,117,https://www.senat.fr/scrutin-public/2025/scr2025-333.html
2025-334,2026-07-08T22:00:00+00:00,sur l'ensemble du texte élaboré par la commission mixte paritaire le projet de loi sur la justice criminelle et le respect des victimes,,342,331,232,99,https://www.senat.fr/scrutin-public/2025/scr2025-334.html
2025-335,2026-07-08T22:00:00+00:00,sur l'ensemble du texte élaboré par la commission mixte paritaire sur le projet de loi organique relatif au renforcement des juridictions criminelles,82020,342,331,231,100,https://www.senat.fr/scrutin-public/2025/scr2025-335.html
2025-336,2026-07-20T22:00:00+00:00,"sur lensemble de la proposition de loi relative à lorganisation, à la gestion et au financement du sport professionnel",76160,342,342,342,0,https://www.senat.fr/scrutin-public/2025/scr2025-336.html
2025-337,2026-07-20T22:00:00+00:00,sur l'ensemble de la proposition de loi visant à protéger les mineurs des risques auxquels les expose l'utilisation des réseaux sociaux,78610,345,245,243,2,https://www.senat.fr/scrutin-public/2025/scr2025-337.html
2025-338,2026-07-20T22:00:00+00:00,"sur l'ensemble du projet de loi visant à offrir des réponses immédiates aux phénomènes troublant lordre public, la sécurité et la tranquillité de nos concitoyens",82101,345,269,235,34,https://www.senat.fr/scrutin-public/2025/scr2025-338.html
2025-339,2026-07-20T22:00:00+00:00,sur l'ensemble de la proposition de loi pour une montagne vivante et souveraine,,341,341,325,16,https://www.senat.fr/scrutin-public/2025/scr2025-339.html
2025-34,2025-11-19T23:00:00+00:00,"sur lamendement n° 1362 rectifié quinquies, présenté par Mme Anne-Sophie Romagny et plusieurs de ses collègues, à larticle 5 bis du projet de loi de financement de la sécurité sociale pour 2026",,345,326,226,100,https://www.senat.fr/scrutin-public/2025/scr2025-34.html
2025-340,2026-07-20T22:00:00+00:00,sur l'ensemble du projet de loi d'urgence pour la protection et la souveraineté agricoles,,345,325,214,111,https://www.senat.fr/scrutin-public/2025/scr2025-340.html
2025-35,2025-11-20T23:00:00+00:00,"sur les amendements identiques n° 523 rectifié bis, présenté par M. Emmanuel Capus et plusieurs de ses collègues, n° 595, présenté par Mme Elisabeth Doineau au nom de la commission des affaires sociales, n° 1093 rectifié bis, présenté par M. Michel Canévet et plusieurs de ses collègues, et n° 1506 rectifié ter, présenté par M. Stéphane Le Rudulier et plusieurs de ses collègues, tendant à supprimer larticle 6 bis du projet de loi de financement de la sécurité sociale pour 2026",,345,341,208,133,https://www.senat.fr/scrutin-public/2025/scr2025-35.html
2025-36,2025-11-20T23:00:00+00:00,"sur l'amendement n° 605, présenté par Mme Élisabeth Doineau au nom de la commission des affaires sociales, à l'article 9 du projet de loi de financement de la sécurité sociale pour 2026",,341,296,175,121,https://www.senat.fr/scrutin-public/2025/scr2025-36.html
2025-37,2025-11-20T23:00:00+00:00,"sur lamendement n° 606, présenté par Mme Élisabeth Doineau au nom de la commission des affaires sociales, tendant à supprimer larticle 9 bis du projet de loi de financement de la sécurité sociale pour 2026",,342,279,261,18,https://www.senat.fr/scrutin-public/2025/scr2025-37.html
2025-38,2025-11-20T23:00:00+00:00,"sur les amendements identiques n° 610, présenté par Mme Élisabeth Doineau au nom de la commission des affaires sociales, et n° 1005, présenté par Mme Raymonde Poncet Monge et les membres du groupe Écologiste - Solidarité et Territoires, tendant à supprimer larticle 9 septies du projet de loi de financement de la sécurité sociale pour 2026",,342,339,209,130,https://www.senat.fr/scrutin-public/2025/scr2025-38.html
2025-39,2025-11-20T23:00:00+00:00,"sur lamendement n° 1861, présenté par le Gouvernement, à l'article 10 du projet de loi de financement de la sécurité sociale pour 2026",,341,327,229,98,https://www.senat.fr/scrutin-public/2025/scr2025-39.html
2025-4,2025-10-19T22:00:00+00:00,sur l'ensemble de la proposition de loi constitutionnelle visant à garantir la prééminence des lois de la République,75920,341,322,210,112,https://www.senat.fr/scrutin-public/2025/scr2025-4.html
2025-40,2025-11-20T23:00:00+00:00,sur larticle 11 ter du projet de loi de financement de la sécurité sociale pour 2026,,344,329,117,212,https://www.senat.fr/scrutin-public/2025/scr2025-40.html
2025-41,2025-11-21T23:00:00+00:00,"sur les amendements identiques n° 1138, présenté par Mme Cathy Apourceau-Poly et les membres du groupe Communiste Républicain Citoyen et Écologiste - Kanaky, n° 1318, présenté par Mme Raymonde Poncet Monge et les membres du groupe Écologiste - Solidarité et Territoires, et n° 1642, présenté par Mme Monique Lubin et les membres du groupe Socialiste, Écologiste et Républicain, tendant à insérer un article additionnel après larticle 11 septies du projet de loi de financement de la sécurité sociale pour 2026",,343,343,119,224,https://www.senat.fr/scrutin-public/2025/scr2025-41.html
2025-42,2025-11-21T23:00:00+00:00,"sur lamendement n° 572 rectifié septies, présenté par M. Olivier Henno et plusieurs de ses collègues, tendant à insérer un article additionnel après larticle 11 septies du projet de loi de financement de la sécurité sociale pour 2026",,344,334,199,135,https://www.senat.fr/scrutin-public/2025/scr2025-42.html
2025-43,2025-11-21T23:00:00+00:00,"sur les amendements identiques n° 418 rectifié ter, présenté par M. Jean-Yves Roux et plusieurs de ses collègues, n° 440 rectifié quater, présenté par Mme Jocelyne Antoine et plusieurs de ses collègues, et n° 1707, présenté par Mme Annie Le Houerou et les membres du groupe Socialiste, Écologiste et Républicain, tendant à insérer un article additionnel après larticle 12 du projet de loi de financement de la sécurité sociale pour 2026",,336,316,106,210,https://www.senat.fr/scrutin-public/2025/scr2025-43.html
2025-44,2025-11-21T23:00:00+00:00,"sur les amendements identiques n° 625, présenté par Mme Élisabeth Doineau au nom de la commission des affaires sociales, et n° 1058 rectifié, présenté par Mme Raymonde Poncet Monge et plusieurs de ses collègues, tendant à supprimer larticle 12 bis du projet de loi de financement de la sécurité sociale pour 2026",,340,274,196,78,https://www.senat.fr/scrutin-public/2025/scr2025-44.html
2025-45,2025-11-21T23:00:00+00:00,"sur les amendements identiques n° 799 rectifié ter, présenté par Mme Maryse Carrère et plusieurs de ses collègues, et n° 1710 rectifié, présenté Mme Catherine Conconne et les membres du groupe Socialiste, Écologiste et Républicain, tendant à insérer un article additionnel après larticle 12 bis du projet de loi de financement de la sécurité sociale pour 2026",,343,303,80,223,https://www.senat.fr/scrutin-public/2025/scr2025-45.html
2025-46,2025-11-21T23:00:00+00:00,"sur lamendement n° 800 rectifié ter, présenté par Mme Maryse Carrère et plusieurs de ses collègues, tendant à insérer un article additionnel après larticle 12 bis du projet de loi de financement de la sécurité sociale pour 2026",,343,303,80,223,https://www.senat.fr/scrutin-public/2025/scr2025-46.html
2025-47,2025-11-21T23:00:00+00:00,"sur lamendement n° 1128 rectifié bis, présenté par Mme Vanina Paoli-Gagin et plusieurs de ses collègues, tendant à insérer un article additionnel après larticle 12 bis du projet de loi de financement de la sécurité sociale pour 2026",,343,295,92,203,https://www.senat.fr/scrutin-public/2025/scr2025-47.html
2025-48,2025-11-21T23:00:00+00:00,"sur les amendements identiques n° 419 rectifié quinquies, présenté par M. Jean-Yves Roux et plusieurs de ses collègues, n° 441 rectifié quinquies,  présenté par Mme Jocelyne Antoine et plusieurs de ses collègues, et n° 869 rectifié ter, présenté par Mme Marie-Claude Lermytte et plusieurs de ses collègues, tendant à insérer un article additionnel après larticle 12 bis du projet de loi de financement de la sécurité sociale pour 2026",,343,297,96,201,https://www.senat.fr/scrutin-public/2025/scr2025-48.html
2025-49,2025-11-21T23:00:00+00:00,sur l'ensemble de la deuxième partie du projet de loi de financement de la sécurité sociale pour 2026,,341,337,224,113,https://www.senat.fr/scrutin-public/2025/scr2025-49.html
2025-5,2025-10-21T22:00:00+00:00,sur l'ensemble de la proposition de loi portant création d'un statut de l'élu local (deuxième lecture),73711,344,344,344,0,https://www.senat.fr/scrutin-public/2025/scr2025-5.html
2025-50,2025-11-22T23:00:00+00:00,"sur l'amendement n° 1002 rectifié, présenté par M. Bernard Delcros et plusieurs de ses collègues, à l'article 21 du projet de loi de financement de la sécurité sociale pour 2026",,342,340,111,229,https://www.senat.fr/scrutin-public/2025/scr2025-50.html
2025-51,2025-11-22T23:00:00+00:00,"sur le sous-amendement n° 832 rectifié ter, présenté par Mme Véronique Guillotin et plusieurs de ses collègues, à l'amendement n° 757 rectifié bis, présenté par Mme Brigitte Bourguignon et plusieurs de ses collègues, à l'article 21 du projet de loi de financement de la sécurité sociale pour 2026",,340,319,139,180,https://www.senat.fr/scrutin-public/2025/scr2025-51.html
2025-52,2025-11-22T23:00:00+00:00,"sur les amendements identiques n° 656 rectifié, présenté par Mme Corinne Imbert au nom de la commission des affaires sociales, et n° 757 rectifié bis, présenté par Mme Brigitte Bourguignon et plusieurs de ses collègues, à l'article 21 du projet de loi de financement de la sécurité sociale pour 2026",,340,339,321,18,https://www.senat.fr/scrutin-public/2025/scr2025-52.html
2025-53,2025-11-22T23:00:00+00:00,"sur lamendement n° 1363 rectifié, présenté par Mme Anne-Sophie Romagny et plusieurs de ses collègues, à l'article 21 du projet de loi de financement de la sécurité sociale pour 2026",,340,340,154,186,https://www.senat.fr/scrutin-public/2025/scr2025-53.html
2025-54,2025-11-22T23:00:00+00:00,"sur les amendements identiques n° 659, présenté par Mme Corinne Imbert au nom de la commission des affaires sociales, et n° 797 rectifié quater, présenté par Mme Véronique Guillotin et plusieurs de ses collègues, à l'article 21 bis du projet de loi de financement de la sécurité sociale pour 2026",,340,337,302,35,https://www.senat.fr/scrutin-public/2025/scr2025-54.html
2025-55,2025-11-23T23:00:00+00:00,"sur les amendements identiques n° 1342 rectifié, présenté par Mme Raymonde Poncet Monge et les membres du groupe Écologiste - Solidarité et Territoires, et n° 1731 rectifié, présenté par Mme Corinne Féret et les membres du groupe Socialiste, Écologiste et Républicain, tendant à insérer un article additionnel après larticle 36 du projet de loi de financement de la sécurité sociale pour 2026",,345,344,114,230,https://www.senat.fr/scrutin-public/2025/scr2025-55.html
2025-56,2025-11-24T23:00:00+00:00,sur l'ensemble du projet de loi de finances de fin de gestion pour 2025,,346,331,227,104,https://www.senat.fr/scrutin-public/2025/scr2025-56.html
2025-57,2025-11-24T23:00:00+00:00,"sur les amendements identiques n° 126 rectifié septies, présenté par M. Olivier Henno et plusieurs de ses collègues, n° 715 rectifié, présenté par Mme Pascale Gruny au nom de la commission des affaires sociales, et n° 1258 rectifié ter, présenté par M. Daniel Chasseing et plusieurs de ses collègues, tendant à rétablir larticle 44 du projet de loi de financement de la sécurité sociale pour 2026",,343,318,198,120,https://www.senat.fr/scrutin-public/2025/scr2025-57.html
2025-58,2025-11-24T23:00:00+00:00,"sur lamendement n° 1236 rectifié, présenté par Mme Cathy Apourceau-Poly et les membres du groupe Communiste Républicain Citoyen et Écologiste - Kanaky, tendant à insérer un article additionnel après larticle 45 du projet de loi de financement de la sécurité sociale pour 2026",,345,345,119,226,https://www.senat.fr/scrutin-public/2025/scr2025-58.html
2025-59,2025-11-24T23:00:00+00:00,"sur les amendements identiques n° 128 rectifié nonies, présenté par M. Olivier Henno et plusieurs de ses collègues, n° 155 rectifié ter, présenté par M. Emmanuel Capus et plusieurs de ses collègues, n° 716, présenté par Mme Pascale Gruny au nom de la commission des affaires sociales, et n° 1512 rectifié ter, présenté par M. Stéphane Le Rudulier et plusieurs de ses collègues, tendant à supprimer larticle 45 bis du projet de loi de financement de la sécurité sociale pour 2026",,344,298,190,108,https://www.senat.fr/scrutin-public/2025/scr2025-59.html
2025-6,2025-10-22T22:00:00+00:00,"sur l'amendement n° 6 rectifié bis, présenté par M. Xavier Iacovelli et plusieurs de ses collègues, tendant à insérer un article additionnel après l'article 2 de la proposition de loi visant à se libérer de l'obligation alimentaire à l'égard d'un parent défaillant",75978,341,334,134,200,https://www.senat.fr/scrutin-public/2025/scr2025-6.html
2025-60,2025-11-24T23:00:00+00:00,"sur lamendement n° 1328 rectifié bis, présenté par Mme Corinne Bourcier et plusieurs de ses collègues, tendant à insérer un article additionnel après larticle 45 bis du projet de loi de financement de la sécurité sociale pour 2026",,341,340,18,322,https://www.senat.fr/scrutin-public/2025/scr2025-60.html
2025-61,2025-11-25T23:00:00+00:00,sur l'ensemble du projet de loi de financement de la sécurité sociale pour 2026,,342,315,196,119,https://www.senat.fr/scrutin-public/2025/scr2025-61.html
2025-62,2025-11-26T23:00:00+00:00,"sur la motion n° I-66, présentée par M. Pascal Savoldelli et les membres du groupe Communiste Républicain Citoyen et Écologiste  Kanaky, tendant à opposer la question préalable au projet de loi de finances pour 2026",,343,262,18,244,https://www.senat.fr/scrutin-public/2025/scr2025-62.html
2025-63,2025-11-27T23:00:00+00:00,"sur les amendements identiques n° I-643 rectifié, présenté par M. Thierry Cozic et les membres du groupe Socialiste, Écologiste et Républicain, n° I-1352 rectifié, présenté par M. Grégory Blanc et les membres du groupe Écologiste - Solidarité et Territoires, et n° I-2539 rectifié ter, présenté par M. Bernard Delcros et plusieurs de ses collègues, à larticle 2 du projet de loi de finances pour 2026",,345,322,128,194,https://www.senat.fr/scrutin-public/2025/scr2025-63.html
2025-64,2025-11-27T23:00:00+00:00,"sur les amendements identiques n° I-856, présenté par M. Joshua Hochart et plusieurs de ses collègues, n° I-1011 présenté par M. Thierry Cozic et les membres du groupe Socialiste, Écologiste et Républicain, n° I-1428, présenté par M. Pierre Barros et les membres du groupe Communiste Républicain Citoyen et Écologiste  Kanaky, et n° I-1496, présenté par M. Thomas Dossus et les membres du groupe Écologiste  Solidarité et Territoires, tendant à insérer un article additionnel après l'article 2 du projet de loi de finances pour 2026",,345,343,122,221,https://www.senat.fr/scrutin-public/2025/scr2025-64.html
2025-65,2025-11-27T23:00:00+00:00,"sur les amendements identiques n° I-44 rectifié bis, présenté par M. Emmanuel Capus et plusieurs de ses collègues, et n° I-500 rectifié, présenté par M. Pierre-Antoine Levi et plusieurs de ses collègues, tendant à supprimer larticle 3 du projet de loi de finances pour 2026",,341,341,32,309,https://www.senat.fr/scrutin-public/2025/scr2025-65.html
2025-66,2025-11-27T23:00:00+00:00,"sur les amendements identiques n° I-159 rectifié ter, présenté par M. Albéric de Montgolfier et plusieurs de ses collègues, et n° I-381 rectifié, présenté par Mme Sylvie Vermeillet et les membres du groupe Union Centriste, tendant à insérer un article additionnel après l'article 3 du projet de loi de finances pour 2026",,340,339,204,135,https://www.senat.fr/scrutin-public/2025/scr2025-66.html
2025-67,2025-11-28T23:00:00+00:00,"sur lamendement n° I-2526 rectifié quater, repris par M. Grégory Blanc, tendant à insérer un article additionnel après l'article 3 du projet de loi de finances pour 2026",,341,341,124,217,https://www.senat.fr/scrutin-public/2025/scr2025-67.html
2025-68,2025-11-28T23:00:00+00:00,"sur lamendement n° I-2527 rectifié ter, présenté par M. Bernard Delcros et plusieurs de ses collègues, tendant à insérer un article additionnel après l'article 3 du projet de loi de finances pour 2026",,341,341,175,166,https://www.senat.fr/scrutin-public/2025/scr2025-68.html
2025-69,2025-11-28T23:00:00+00:00,"sur les amendements identiques n° I-2, présenté par M. Jean-François Husson au nom de la commission des finances, n° I-45 rectifié bis, présenté par M. Emmanuel Capus et plusieurs de ses collègues, et n° I-153 rectifié ter, présenté par Mme Christine Lavarde et plusieurs de ses collègues, tendant à supprimer larticle 4 du projet de loi de finances pour 2026",,341,320,202,118,https://www.senat.fr/scrutin-public/2025/scr2025-69.html
2025-7,2025-10-22T22:00:00+00:00,"sur l'ensemble de la proposition de loi visant à garantir un cadre fiscal stable, juste et lisible pour nos micro-entrepreneurs et nos petites entreprises",76408,341,341,341,0,https://www.senat.fr/scrutin-public/2025/scr2025-7.html
2025-70,2025-11-28T23:00:00+00:00,"sur les amendements identiques n° I-1004 rectifié, présenté par M. Thierry Cozic et les membres du groupe Socialiste, Écologiste et Républicain, n° I-1085 rectifié, présenté par Mme Jocelyne Antoine et plusieurs de ses collègues, et n° I-1432 rectifié, présenté par M. Pierre Barros et les membres du groupe Communiste Républicain Citoyen et Écologiste - Kanaky, à larticle 5 du projet de loi de finances pour 2026",,344,337,127,210,https://www.senat.fr/scrutin-public/2025/scr2025-70.html
2025-71,2025-12-01T23:00:00+00:00,"sur les amendements identiques n° I-231 rectifié, présenté par M. Philippe Grosvalet et plusieurs de ses collègues, n° I-1048 rectifié bis, présenté par M. Jean Pierre Vogel et plusieurs de ses collègues, n° I-1168 rectifié, présenté par M. Grégory Blanc et les membres du groupe Écologiste - Solidarité et Territoires, n° I-1552 rectifié bis, présenté par M. Hussein Bourgi et plusieurs de ses collègues, et n° I-2167, présenté par Mme Cécile Cukierman et les membres du groupe Communiste Républicain Citoyen et Écologiste - Kanaky, tendant à insérer un article additionnel après l'article 27 du projet de loi de finances pour 2026",,345,339,170,169,https://www.senat.fr/scrutin-public/2025/scr2025-71.html
2025-72,2025-12-02T23:00:00+00:00,sur l'ensemble du texte élaboré par la commission mixte paritaire sur le projet de loi de finances de fin de gestion pour 2025,,345,276,239,37,https://www.senat.fr/scrutin-public/2025/scr2025-72.html
2025-73,2025-12-02T23:00:00+00:00,"sur les amendements identiques n° I-531 rectifié bis, présenté par M. Mathieu Darnaud et plusieurs de ses collègues, n° I-717, présenté par M. Thierry Cozic et les membres du groupe Socialiste, Écologiste et Républicain, n° I-1024 rectifié ter, présenté par Mme Marie-Claude Lermytte et plusieurs de ses collègues, et n° I-1994 rectifié septies, présenté par Mme Marie-Do Aeschlimann et plusieurs de ses collègues, à l'article 31 du projet de loi de finances pour 2026",,344,341,338,3,https://www.senat.fr/scrutin-public/2025/scr2025-73.html
2025-74,2025-12-02T23:00:00+00:00,"sur lamendement n° I-2737, présenté par M. Jean-François Husson au nom de la commission des finances, à l'article 31 du projet de loi de finances pour 2026",,342,327,324,3,https://www.senat.fr/scrutin-public/2025/scr2025-74.html
2025-75,2025-12-02T23:00:00+00:00,"sur les amendements identiques n° I-20 rectifié, présenté par M. Jean-François Husson au nom de la commission des finances, et n° I-2341 rectifié ter, présenté par M. Marc Laménie et plusieurs de ses collègues, à l'article 31 du projet de loi de finances pour 2026",,345,274,228,46,https://www.senat.fr/scrutin-public/2025/scr2025-75.html
2025-76,2025-12-02T23:00:00+00:00,"sur l'amendement n° I-558 rectifié, présenté par M. Paul Toussaint Parigi et plusieurs de ses collègues, tendant à insérer un article additionnel après l'article 34 du projet de loi de finances pour 2026",,342,320,298,22,https://www.senat.fr/scrutin-public/2025/scr2025-76.html
2025-77,2025-12-03T23:00:00+00:00,"sur l'amendement n° A-1, présenté par M. Jean-François Husson au nom de la commission des finances, tendant à supprimer l'article 3 sexies du projet de loi de finances pour 2026",,341,338,216,122,https://www.senat.fr/scrutin-public/2025/scr2025-77.html
2025-78,2025-12-03T23:00:00+00:00,"sur l'amendement n° A-2, présenté par M. Jean-François Husson au nom de la commission des finances, tendant à supprimer l'article 11 sexies du projet de loi de finances pour 2026",,325,322,222,100,https://www.senat.fr/scrutin-public/2025/scr2025-78.html
2025-79,2025-12-03T23:00:00+00:00,"sur l'amendement n° A-3, présenté par M. Jean-François Husson au nom de la commission des finances, tendant à supprimer l'article 11 septies du projet de loi de finances pour 2026",,341,340,166,174,https://www.senat.fr/scrutin-public/2025/scr2025-79.html
2025-8,2025-10-27T23:00:00+00:00,"sur l'amendement n° 49, présenté par Mme Audrey Bélim et les membres du groupe Socialiste, Écologiste et Républicain, tendant à insérer un article additionnel après l'article 5 du projet de loi de lutte contre la vie chère dans les outre-mer",,341,341,134,207,https://www.senat.fr/scrutin-public/2025/scr2025-8.html
2025-80,2025-12-03T23:00:00+00:00,"sur lamendement n° A-5, présenté par M. Jean-François Husson au nom de la commission des finances, à larticle 36 du projet de loi de finances pour 2026",,341,340,240,100,https://www.senat.fr/scrutin-public/2025/scr2025-80.html
2025-81,2025-12-03T23:00:00+00:00,sur l'ensemble de la première partie du projet de loi de finances pour 2026,,345,303,198,105,https://www.senat.fr/scrutin-public/2025/scr2025-81.html
2025-82,2025-12-03T23:00:00+00:00,"sur l'amendement n° II-549 rectifié, présenté par M. Michel Canévet et plusieurs de ses collègues, sur les crédits de la mission « Sport, jeunesse et vie associative » figurant à l'état B du projet de loi de finances pour 2026",,341,324,1,323,https://www.senat.fr/scrutin-public/2025/scr2025-82.html
2025-83,2025-12-03T23:00:00+00:00,"sur l'amendement n° II-464, présenté par M. Jérémy Bacchi et les membres du groupe Communiste Républicain Citoyen et Écologiste - Kanaky, sur les crédits de la mission « Sport, jeunesse et vie associative » figurant à l'état B du projet de loi de finances pour 2026",,341,341,135,206,https://www.senat.fr/scrutin-public/2025/scr2025-83.html
2025-84,2025-12-03T23:00:00+00:00,"sur les amendements identiques n° II-199, présenté par Mme Mathilde Ollivier et plusieurs de ses collègues, n° II-249 rectifié bis, présenté par Mme Catherine Belrhiti et plusieurs de ses collègues, et n° II-314 rectifié ter, présenté par Mme Jocelyne Antoine et plusieurs de ses collègues, sur les crédits de la mission « Sport, jeunesse et vie associative » figurant à l'état B du projet de loi de finances pour 2026",,341,339,134,205,https://www.senat.fr/scrutin-public/2025/scr2025-84.html
2025-85,2025-12-03T23:00:00+00:00,"sur les amendements identiques n° II-449, présenté par Mme Nathalie Delattre et M. Ahmed Laouedj, et n° II-466, présenté par M. Jérémy Bacchi et les membres du groupe Communiste Républicain Citoyen et Écologiste - Kanaky, sur les crédits de la mission « Sport, jeunesse et vie associative » figurant à l'état B du projet de loi de finances pour 2026",,341,341,135,206,https://www.senat.fr/scrutin-public/2025/scr2025-85.html
2025-86,2025-12-03T23:00:00+00:00,"sur l'amendement n° II-552 rectifié, présenté par M. Akli Mellouli et plusieurs de ses collègues, sur les crédits de la mission « Sport, jeunesse et vie associative » figurant à l'état B du projet de loi de finances pour 2026",,341,322,116,206,https://www.senat.fr/scrutin-public/2025/scr2025-86.html
2025-87,2025-12-03T23:00:00+00:00,"sur le sous-amendement n° II-1679, présenté par M. Michel Savin, à l'amendement n° II-495, présenté par Mme Christine Lavarde, sur les crédits de la mission « Sport, jeunesse et vie associative » figurant à l'état B du projet de loi de finances pour 2026",,341,325,208,117,https://www.senat.fr/scrutin-public/2025/scr2025-87.html
2025-88,2025-12-03T23:00:00+00:00,"sur les amendements identiques n° II-577 rectifié quater, présenté par M. Cédric Vial et plusieurs de ses collègues, et n° II-578 rectifié ter, présenté par M. Jean-Michel Arnaud et plusieurs de ses collègues, sur les crédits de la mission « Sport, jeunesse et vie associative » figurant à l'état B du projet de loi de finances pour 2026",,341,258,242,16,https://www.senat.fr/scrutin-public/2025/scr2025-88.html
2025-89,2025-12-03T23:00:00+00:00,"sur les amendements identiques n° II-197, présenté par Mme Mathilde Ollivier et plusieurs de ses collègues, et n° II-422 rectifié, présenté par M. Alexandre Ouizille et plusieurs de ses collègues, sur les crédits de la mission « Sport, jeunesse et vie associative » figurant à l'état B du projet de loi de finances pour 2026",,341,340,115,225,https://www.senat.fr/scrutin-public/2025/scr2025-89.html
2025-9,2025-10-28T23:00:00+00:00,sur l'ensemble du texte élaboré par la commission mixte paritaire sur la proposition de loi modifiant la définition pénale du viol et des agressions sexuelles,,342,327,327,0,https://www.senat.fr/scrutin-public/2025/scr2025-9.html
2025-90,2025-12-03T23:00:00+00:00,"sur l'amendement n° II-465, présenté par M. Jérémy Bacchi et les membres du groupe Communiste Républicain Citoyen et Écologiste  Kanaky, sur les crédits de la mission « Sport, jeunesse et vie associative » figurant à l'état B du projet de loi de finances pour 2026",,341,341,133,208,https://www.senat.fr/scrutin-public/2025/scr2025-90.html
2025-91,2025-12-03T23:00:00+00:00,"sur l'amendement n° II-313 rectifié bis, présenté par Mme Béatrice Gosselin et plusieurs de ses collègues, sur les crédits de la mission « Sport, jeunesse et vie associative » figurant à l'état B du projet de loi de finances pour 2026",,341,341,322,19,https://www.senat.fr/scrutin-public/2025/scr2025-91.html
2025-92,2025-12-03T23:00:00+00:00,"sur les amendements identiques n° II-212, présenté par Mme Solanges Nadille et les membres du groupe Rassemblement des démocrates, progressistes et indépendants, et n° II-580, présenté par Mme Audrey Bélim, sur les crédits de la mission « Outre-mer » figurant à l'état B du projet de loi de finances pour 2026",,344,344,137,207,https://www.senat.fr/scrutin-public/2025/scr2025-92.html
2025-93,2025-12-03T23:00:00+00:00,"sur l'amendement n° II-320, présenté par M. Victorin Lurel, sur les crédits de la mission « Outre-mer » figurant à l'état B du projet de loi de finances pour 2026",,344,343,137,206,https://www.senat.fr/scrutin-public/2025/scr2025-93.html
2025-94,2025-12-03T23:00:00+00:00,"sur l'amendement n° II-338, présenté par Mme Evelyne Corbière Naminzo et les membres du groupe Communiste Républicain Citoyen et Écologiste - Kanaky, sur les crédits de la mission « Outre-mer » figurant à l'état B du projet de loi de finances pour 2026",,344,344,137,207,https://www.senat.fr/scrutin-public/2025/scr2025-94.html
2025-95,2025-12-03T23:00:00+00:00,"sur l'amendement n° II-339, présenté par Mme Evelyne Corbière Naminzo et les membres du groupe Communiste Républicain Citoyen et Écologiste - Kanaky, sur les crédits de la mission « Outre-mer » figurant à l'état B du projet de loi de finances pour 2026",,344,344,137,207,https://www.senat.fr/scrutin-public/2025/scr2025-95.html
2025-96,2025-12-03T23:00:00+00:00,"sur l'amendement n° II-559, présenté par M. Akli Mellouli et les membres du groupe Écologiste - Solidarité et Territoires, sur les crédits de la mission « Outre-mer » figurant à l'état B du projet de loi de finances pour 2026",,344,344,137,207,https://www.senat.fr/scrutin-public/2025/scr2025-96.html
2025-97,2025-12-03T23:00:00+00:00,"sur l'amendement n° II-524, présenté par Mme Audrey Bélim et les membres du groupe Socialiste, Écologiste et Républicain, sur les crédits de la mission « Outre-mer » figurant à l'état B du projet de loi de finances pour 2026",,344,328,123,205,https://www.senat.fr/scrutin-public/2025/scr2025-97.html
2025-98,2025-12-03T23:00:00+00:00,"sur l'amendement n° II-565, présenté par M. Akli Mellouli et les membres du groupe Écologiste - Solidarité et Territoires, sur les crédits de la mission « Outre-mer » figurant à l'état B du projet de loi de finances pour 2026",,344,325,101,224,https://www.senat.fr/scrutin-public/2025/scr2025-98.html
2025-99,2025-12-03T23:00:00+00:00,"sur l'amendement n° II-517, présenté par M. Saïd Omar Oili et les membres du groupe Socialiste, Écologiste et Républicain, sur les crédits de la mission « Outre-mer » figurant à l'état B du projet de loi de finances pour 2026",,344,325,101,224,https://www.senat.fr/scrutin-public/2025/scr2025-99.html
